<?xml version="1.0" encoding="UTF-8"?>
<!-- edited with XMLSpy v2008 rel. 2 sp1 (http://www.altova.com) by den (den) -->
<!--page id="ICL0011S"-->
<page id="CR_ICL0011S">
	<error-panel>
		<start-row>24</start-row>
		<end-row>24</end-row>
		<start-col>1</start-col>
		<length>80</length>
	</error-panel>
	<fields>
		<field name="resCode1">
			<row>11</row>
			<col>4</col>
			<len>4</len>
		</field>
		<field name="resCode2">
			<row>12</row>
			<col>4</col>
			<len>4</len>
		</field>
		<field name="V100">
			<row>11</row>
			<col>45</col>
			<len>21</len>
		</field>
		<field name="resAmount2">
			<row>12</row>
			<col>45</col>
			<len>21</len>
		</field>
		<field name="detail">
			<row>23</row>
			<col>64</col>
			<len>1</len>
		</field>
		<field name="confirm">
			<row>23</row>
			<col>78</col>
			<len>1</len>
		</field>
	</fields>
	<processes>
		<switch>
			<case name="general">
				<process id="1" type="class">
					<class-name>th.co.msat.motor.as400interface.process.ICL0011SPutClaimNumber</class-name>
					<method-name>putClaimNumber</method-name>
					<params>
					</params>
				</process>
				<process id="2" type="sendEnter" checkerror="true"/>
				<process id="3" type="setString">
					<field name="resCode1">
						<param name="resCode1">V100</param>
					</field>
				</process>
				<process id="4" type="setString">
					<field name="V100">
						<param name="V100" cache="true"/>
					</field>
				</process>
				<process id="5" type="sendFieldExit" checkerror=""/>
				<process id="6" type="setString">
					<field name="resCode2">
						<param name="resCode2" type="java.lang.String">
							<factory-class>th.co.msat.motor.as400interface.process.ResCode</factory-class>
							<factory-method>getResCode2</factory-method>
							<params>
								<param name="MSITB POLICY NO." type="java.lang.String" cache="true"/>
							</params>
						</param>
					</field>
				</process>
				<process id="7" type="setString">
					<field name="resAmount2">
						<param name="resAmount2" type="java.lang.String">
							<factory-class>th.co.msat.motor.as400interface.process.ResCode</factory-class>
							<factory-method>getResAmount2</factory-method>
							<params>
								<param name="MSITB POLICY NO." type="java.lang.String" cache="true"/>
							</params>
						</param>
					</field>
				</process>
				<process id="8" type="sendFieldExit" checkerror=""/>
				<process id="9" type="sendEnter" checkerror="true"/>
				<process id="10" type="sendF3"/>
				<process id="11" type="setString">
					<field name="detail">
						<param name="detail">N</param>
					</field>
				</process>
				<process id="12" type="setString">
					<field name="confirm">
						<param name="confirm">Y</param>
					</field>
				</process>
				<process id="13" type="sendEnter" checkerror="true"/>
			</case>
		</switch>
	</processes>
	<error-handler>
		<error code="default">
			<process id="0" type="sendF12"/>
			<process id="1" type="sendF12"/>
			<process id="2" type="sendF12"/>
			<process id="3" type="sendF12"/>
			<process id="4" type="setTopProcessState">
				<param name="state">STATE_ERROR</param>
			</process>
		</error>
	</error-handler>
</page>
