<?xml version="1.0" encoding="UTF-8"?>
<query-collection>

	<sql-service name="IDENTIFY.SQL_SEARCH" type="named-parameter" showSql="true">
		<description>IDENTIFY.SQL_SEARCH</description>
		<query><![CDATA[
			SELECT
			  id,
			  unique_name,
			  type_PD,
			  create_dt,
			  create_uid
			FROM t_identify_key
			WHERE 1=1
		]]>
		</query>
		<parameter name="id"> AND id = :id</parameter>
	</sql-service>
 
	<sql-service name="IDENTIFY.SQL_INSERT" type="named-parameter" showSql="true">
		<description>IDENTIFY.SQL_SEARCH</description>
		<query><![CDATA[
			INSERT INTO t_identify_key (
				unique_name,
				type_PD,
				name,
				status,
				create_dt,
				create_uid)
			VALUES (
				:unique_name,
				:type_PD,
				:name, 
				1,
				NOW(),
				:create_uid
			)
		]]>
		</query> 
		<parameter name="unique_name" nullable="false" />
		<parameter name="type_PD" nullable="false" />
		<parameter name="name" nullable="false" />
		<parameter name="create_uid" nullable="false" />
	</sql-service>

	<sql-service name="IDENTIFY.SQL_UPDATE" type="named-parameter" showSql="true">
		<description>IDENTIFY.SQL_SEARCH</description>
		<query><![CDATA[
			UPDATE t_identify_key
			SET
				unique_name = :unique_name,
				name = :name,
				status = :status,
			  	type_PD =:type_PD
			WHERE id = :id
		]]>
		</query>
		<parameter name="id" nullable="false" />
		<parameter name="unique_name" nullable="false" />
		<parameter name="name" nullable="false" />
		<parameter name="status" nullable="false" />
		<parameter name="type_PD" nullable="false" />
	</sql-service>

	<sql-service name="IDENTIFY.SQL_DELETE" type="named-parameter" showSql="true">
		<description>IDENTIFY.SQL_SEARCH</description>
		<query><![CDATA[
				DELETE FROM t_identify_key
				WHERE id = :id
		]]>
		</query>
		<parameter name="id" nullable="false" />
	</sql-service>

	
</query-collection>