<?xml version="1.0" encoding="UTF-8"?>
<query-collection>

	<sql-service name="ACCOUNT_DETAIL.SQL_COUNT_ACCOUNT_DETAIL_BY_ID" type="named-parameter" showSql="true">
		<description></description>		
		<query><![CDATA[	
			SELECT COUNT(1) FROM TB_ACCOUNT_DETAIL A 
			WHERE A.ACCOUNT_ID = :accountId
		]]>
		</query>
		<parameter name="accountId" required="true" />
	</sql-service>	
	
	<sql-service name="ACCOUNT_DETAIL.SQL_INSERT_ACCOUNT_DETAIL" type="named-parameter" showSql="false">
		<description></description>		
		<query><![CDATA[	
		
			INSERT INTO TB_ACCOUNT_DETAIL 
			(ACCOUNT_ID,ACCOUNT_NAME, MEMBER_CARD_NO, APPLICATION_NO, OTHER_BUSINESS_NAME, REGISTRATION_STORE, 
				REGISTRATION_DATE, CHECK_DIGIT, ID_CARD_TYPE, ID_CARD_NO, COMM_CERT_NO, STAGE_LIFE_CYCLE, 
				TYPE_OF_MEMBER_CARD, CARD_HOLDER_FIRST_NAME, CARD_HOLDER_LAST_NAME, PORTFOLIO_STATUS, 
				DISTANCE, MAIN_PHONE_CODE, MAIN_PHONE_NO, FAX, EMAIL, FACEBOOK, LINE_ID, WHATSAPP, VAT_REGISTERED, 
				HEAD_OFFICE, BRANCH_NO, SUBMITTED_DATE, APPROVED_DATE, DATA_AMENDMENT_DATE, BLOCK_STATUS, 
				RECORDER_CODE, LAST_PURCHASED_DATE, CALL_FLAG, SMS_FLAG, EMAIL_FLAG, MAIL_FLAG, FACEBOOK_FLAG, 
				TWITTER_FLAG, LINE_FLAG, WHATSAPP_FLAG, CREDIT_SALES_CUSTOMER, CREDIT_TERM, COLLATERAL, 
				COLLATERAL_ISSUES_BY, CREDIT_LINE, BG_START_DATE, BG_END_DATE, TYPE_OF_CREDIT_DEBIT, ELIGIBLE_FOR_MAKRO_MAIL, 
				ECOMMERCE_ACCOUNT, CARD_ISSUED_BY, MEMO1, MEMO2, SALES_OPPORTUNITY, DEGREE_OF_PRODUCT_POTENTIAL, 
				TOTAL_SPENDING_MONTH, SHARE_OF_SPENDING) 
			VALUES(:accountId,:accountName, :memberCardNo, :applicationNo, :otherBusinessName, :registrationStore, 
				:registrationDate, :checkDigit, :idCardType, :idCardNo, :commCertNo, :stageLifeCycle, 
				:typeOfMemberCard, :cardHolderFirstName, :cardHolderLastName, :portfolioStatus, 
				:distance, :mainPhoneCode, :mainPhoneNo, :fax, :email, :facebook, :lineId, :whatsapp, :vatRegistered, 
				:headOffice, :branchNo, :submittedDate, :approvedDate, :dataAmendmentDate, :blockStatus, 
				:recorderCode, :lastPurchasedDate, :callFlag, :smsFlag, :emailFlag, :mailFlag, :facebookFlag, 
				:twitterFlag, :lineFlag, :whatsappFlag, :creditSalesCustomer, :creditTerm, :collateral, 
				:collateralIssuesBy, :creditLine, :bgStartDate, :bgEndDate, :typeOfCreditDebit, :eligibleForMakroMail, 
				:ecommerceAccount, :cardIssuedBy, :memo1, :memo2, :salesOpportunity, :degreeOfProductPotential, 
				:totalSpendingMonth, :shareOfSpending) 
		]]>
		</query>
		<parameter name="accountId" required="false"/>
		<parameter name="accountName" required="false"/>
		<parameter name="memberCardNo" required="false"/>
		<parameter name="applicationNo" required="false"/>
		<parameter name="otherBusinessName" required="false"/>
		<parameter name="registrationStore" required="false"/>
		<parameter name="registrationDate" required="false"/>
		<parameter name="checkDigit" required="false"/>
		<parameter name="idCardType" required="false"/>
		<parameter name="idCardNo" required="false"/>
		<parameter name="commCertNo" required="false"/>
		<parameter name="stageLifeCycle" required="false"/>
		<parameter name="typeOfMemberCard" required="false"/>
		<parameter name="cardHolderFirstName" required="false"/>
		<parameter name="cardHolderLastName" required="false"/>
		<parameter name="portfolioStatus" required="false"/>
		<parameter name="distance" required="false"/>
		<parameter name="mainPhoneCode" required="false"/>
		<parameter name="mainPhoneNo" required="false"/>
		<parameter name="fax" required="false"/>
		<parameter name="email" required="false"/>
		<parameter name="facebook" required="false"/>
		<parameter name="lineId" required="false"/>
		<parameter name="whatsapp" required="false"/>
		<parameter name="vatRegistered" required="false"/>
		<parameter name="headOffice" required="false"/>
		<parameter name="branchNo" required="false"/>
		<parameter name="submittedDate" required="false"/>
		<parameter name="approvedDate" required="false"/>
		<parameter name="dataAmendmentDate" required="false"/>
		<parameter name="blockStatus" required="false"/>
		<parameter name="recorderCode" required="false"/>
		<parameter name="lastPurchasedDate" required="false"/>
		<parameter name="callFlag" required="false"/>
		<parameter name="smsFlag" required="false"/>
		<parameter name="emailFlag" required="false"/>
		<parameter name="mailFlag" required="false"/>
		<parameter name="facebookFlag" required="false"/>
		<parameter name="twitterFlag" required="false"/>
		<parameter name="lineFlag" required="false"/>
		<parameter name="whatsappFlag" required="false"/>
		<parameter name="creditTerm" required="false"/>
		<parameter name="collateral" required="false"/>
		<parameter name="collateralIssuesBy" required="false"/>
		<parameter name="creditLine" required="false"/>
		<parameter name="bgStartDate" required="false"/>
		<parameter name="bgEndDate" required="false"/>
		<parameter name="typeOfCreditDebit" required="false"/>
		<parameter name="eligibleForMakroMail" required="false"/>
		<parameter name="ecommerceAccount" required="false"/>
		<parameter name="cardIssuedBy" required="false"/>
		<parameter name="memo1" required="false"/>
		<parameter name="memo2" required="false"/>
		<parameter name="salesOpportunity" required="false"/>
		<parameter name="degreeOfProductPotential" required="false"/>
		<parameter name="totalSpendingMonth" required="false"/>
		<parameter name="shareOfSpending" required="false"/>
		<parameter name="creditSalesCustomer" required="false"/> 
	</sql-service> 
</query-collection>