<?xml version="1.0" encoding="UTF-8"?>
<query-collection>
	
	<sql-service name="SCHEDULER.FIND_ALL_SCHEDULER" type="named-parameter" showSql="true">
		<description></description>
		<query><![CDATA[
			SELECT SCHEDULER_ID
				, SCHEDULER_NAME
				, SCHEDULER_TYPE
				, EXPRESSIONS
				, ENABLED
				, CLASSPATH
				, INSTANCE
				, PRIORITY
				, RETRY
				, RETRY_DELAY
				, RETRY_MAX
			FROM tb_scheduler
		]]>
		</query>
	</sql-service>
	
    <sql-service name="SCHEDULER.FIND_SCHEDULER_BY_ID" type="named-parameter" showSql="true">
        <description></description>		
        <query><![CDATA[	
			SELECT SCHEDULER_ID, 
			    SCHEDULER_NAME, 
			    SCHEDULER_TYPE, 
			    EXPRESSIONS, 
			    ENABLED,
			    CLASSPATH, 
			    INSTANCE,
                            PRIORITY,
                            RETRY,
                            RETRY_DELAY,
                            RETRY_MAX
			FROM tb_scheduler
			WHERE SCHEDULER_ID = :schedulerId
		]]>
        </query>
        <parameter name="schedulerId" required="true" />
    </sql-service>
    <sql-service name="SCHEDULER.FIND_ALL_SCHEDULER_HISTORY" type="named-parameter" showSql="true">
        <description></description>		
        <query><![CDATA[	
			SELECT SCHEDULER_LOG_ID,
                            SCHEDULER_ID,
                            EXECUTE_DT,
                            STATUS_CODE,
                            STATUS_MESSAGE,
                            ERROR_MESSAGE
		  	FROM tb_scheduler_log
		]]>
        </query>
    </sql-service>
    <sql-service name="SCHEDULER.FIND_SCHEDULER_HISTORY_BY_SCHEDULER_ID" type="named-parameter" showSql="true">
        <description></description>		
        <query><![CDATA[	
			SELECT SCHEDULER_LOG_ID,
                            SCHEDULER_ID,
                            EXECUTE_DT,
                            STATUS_CODE,
                            STATUS_MESSAGE,
                            ERROR_MESSAGE
		  	FROM tb_scheduler_log
			WHERE SCHEDULER_ID = :schedulerId
                        ORDER BY EXECUTE_DT DESC
		]]>
        </query>
        <parameter name="schedulerId" required="true" />
    </sql-service>
    <sql-service name="SCHEDULER.INSERT_SCHEDULER" type="named-parameter" showSql="true">
        <description></description>	
        <query><![CDATA[	
			INSERT INTO tb_scheduler(
			    SCHEDULER_NAME, 
			    SCHEDULER_TYPE, 
			    EXPRESSIONS, 
                            PRIORITY,
			    ENABLED,
			    CLASSPATH, 
			    INSTANCE,
                            RETRY,
                            RETRY_DELAY,
                            RETRY_MAX,
                            REG_ID,
                            REG_DT
            )
			VALUES ( 
                            :schedulerName,
                            :schedulerType,
                            :expressions,
                            :priority,
                            :enabled,
                            :classpath,
                            :instance,
                            :retry,
                            :retryDelay,
                            :retryMax,
			    :createBy, 
			    NOW()
                        )
		]]>
        </query>
        <parameter name="schedulerName" required="true" />
        <parameter name="schedulerType" required="false" />
        <parameter name="expressions" required="true" />
        <parameter name="priority" required="true" />
        <parameter name="enabled" required="true" />
        <parameter name="classpath" required="true" />
        <parameter name="instance" required="false" />
        <parameter name="retry" required="false" />
        <parameter name="retryDelay" required="false" />
        <parameter name="retryMax" required="false" />
        <parameter name="createBy" required="false" />
    </sql-service>
    <sql-service name="SCHEDULER.UPDATE_SCHEDULER" type="named-parameter" showSql="true">
        <description></description>		
        <query><![CDATA[	
			UPDATE tb_scheduler SET
                            SCHEDULER_NAME = :schedulerName, 
			    SCHEDULER_TYPE = :schedulerType, 
			    EXPRESSIONS = :expressions, 
                            PRIORITY = :priority,
			    ENABLED = :enabled,
			    CLASSPATH = :classpath, 
			    INSTANCE = :instance,
			    RETRY = :retry,
                            RETRY_DELAY = :retryDelay,
                            RETRY_MAX = :retryMax,
                            CHG_ID = :updateBy,
                            CHG_DT = NOW()
			WHERE SCHEDULER_ID = :schedulerId
					
		]]>
        </query>
        <parameter name="schedulerId" required="true" />
        <parameter name="schedulerName" required="true" />
        <parameter name="schedulerType" required="false" />
        <parameter name="expressions" required="true" />
        <parameter name="priority" required="true" />
        <parameter name="enabled" required="true" />
        <parameter name="classpath" required="true" />
        <parameter name="instance" required="true" />
        <parameter name="retry" required="false" />
        <parameter name="retryDelay" required="false" />
        <parameter name="retryMax" required="false" />
        <parameter name="updateBy" required="true" />
    </sql-service>
    <sql-service name="SCHEDULER.INSERT_SCHEDULER_HISTORY" type="named-parameter" showSql="true">
        <description></description>	
        <query><![CDATA[	
			INSERT INTO tb_scheduler_log
			(
				SCHEDULER_ID
				, EXECUTE_DT
				, STATUS_CODE
				, STATUS_MESSAGE
				, ERROR_MESSAGE
				, REG_ID
				, REG_DT
			)
			VALUES
			(
				:schedulerId
				, NOW()
				, :statusCode
				, :statusMessage
				, :errorMessage
				, :createBy
				, NOW()
			)
		]]>
        </query>
        <parameter name="schedulerId" required="true" />
        <parameter name="statusCode" required="false" />
        <parameter name="statusMessage" required="false" />
        <parameter name="errorMessage" required="false" />
        <parameter name="createBy" required="false" />
    </sql-service>
    <sql-service name="SCHEDULER.DELETE_SCHEDULER" type="named-parameter" showSql="true">
        <description></description>	
        <query><![CDATA[	
			DELETE FROM tb_scheduler WHERE SCHEDULER_ID = :schedulerId
		]]>
        </query>
        <parameter name="schedulerId" required="true" />
    </sql-service>
    
<!-- ================================================================================================================= -->
	
    <sql-service name="SCHEDULER.SELECT" type="named-parameter" showSql="true">
		<description>SCHEDULER.SELECT</description>
		<query><![CDATA[
			SELECT
				shc.SCHEDULER_ID
				, shc.SCHEDULER_NAME
				, shc.SCHEDULER_TYPE
				, shc.EXPRESSIONS
				, shc.ENABLED
				
				, shc.CLASSPATH
				, shc.INSTANCE
				, shc.REG_ID
				, shc.REG_DT
				, shc.CHG_ID
				
				
				, shc.CHG_DT
				, shc.PRIORITY
				, shc.RETRY
				, shc.RETRY_DELAY
				, shc.RETRY_MAX
				
				, (SELECT CONCAT(FIRST_NAME, ' ', LAST_NAME) FROM t_users usr WHERE usr.ID = shc.REG_ID) AS REG_NAME
				, DATE_FORMAT(shc.REG_DT, '%d/%m/%Y %H:%i:%s') AS REG_DT_STR
				, (SELECT CONCAT(FIRST_NAME, ' ', LAST_NAME) FROM t_users usr WHERE usr.ID = shc.CHG_ID) AS CHG_NAME
				, DATE_FORMAT(shc.CHG_DT, '%d/%m/%Y %H:%i:%s') AS CHG_DT_STR
				
			FROM tb_scheduler shc
			WHERE 1 = 1
			
				${#schedulerId?.text}
				${#schedulerName?.text}
				${#schedulerType?.text}
				${#expressions?.text}
				${#enabled?.text}
				
				${#classpath?.text}
				${#instance?.text}
				${#regId?.text}
				${#regDt?.text}
				${#chgId?.text}
				
				${#chgDt?.text}
				${#priority?.text}
				${#retry?.text}
				${#retryDelay?.text}
				${#retryMax?.text}
		]]>
		</query>
		<parameter name="schedulerId"> AND shc.SCHEDULER_ID = :schedulerId </parameter>
		<parameter name="schedulerName"> AND shc.SCHEDULER_NAME = :schedulerName </parameter>
		<parameter name="schedulerType"> AND shc.SCHEDULER_TYPE = :schedulerType </parameter>
		<parameter name="expressions"> AND shc.EXPRESSIONS = :expressions </parameter>
		<parameter name="enabled"> AND shc.ENABLED = :enabled </parameter>
		
		<parameter name="classpath"> AND shc.CLASSPATH = :classpath </parameter>
		<parameter name="instance"> AND shc.INSTANCE = :instance </parameter>
		<parameter name="regId"> AND shc.REG_ID = :regId </parameter>
		<parameter name="regDt"> AND DATE(shc.REG_DT) = DATE(:regDt) </parameter>
		<parameter name="chgId"> AND shc.CHG_ID = :chgId </parameter>
		
		<parameter name="chgDt"> AND DATE(shc.CHG_DT) = DATE(:chgDt) </parameter>
		<parameter name="priority"> AND shc.PRIORITY = :priority </parameter>
		<parameter name="retry"> AND shc.RETRY = :retry </parameter>
		<parameter name="retryDelay"> AND shc.RETRY_DELAY = :retryDelay </parameter>
		<parameter name="retryMax"> AND shc.RETRY_MAX = :retryMax </parameter>
	</sql-service>
	
	<sql-service name="SCHEDULER.INSERT" type="named-parameter" showSql="true">
		<description>SCHEDULER.INSERT</description>
		<query><![CDATA[
			INSERT INTO tb_scheduler
			(
				SCHEDULER_NAME
				, SCHEDULER_TYPE
				, EXPRESSIONS
				, ENABLED
				, CLASSPATH
				
				, INSTANCE
				, REG_ID
				, REG_DT
				, PRIORITY
				, RETRY
				
				, RETRY_DELAY
				, RETRY_MAX
			)
			VALUES
			(
				:schedulerName
				, :schedulerType
				, :expressions
				, :enabled
				, :classpath
				
				, :instance
				, :regId
				, :regDt
				, :priority
				, :retry
				
				, :retryDelay
				, :retryMax
			)
		]]>
		</query>
		<parameter name="schedulerName" />
		<parameter name="schedulerType" />
		<parameter name="expressions" />
		<parameter name="enabled" />
		<parameter name="classpath" />
		<parameter name="instance" nullable="true" />
		<parameter name="regId" />
		<parameter name="regDt" />
		<parameter name="priority" />
		<parameter name="retry" nullable="true" />
		<parameter name="retryDelay" nullable="true" />
		<parameter name="retryMax" nullable="true" />
	</sql-service>
	
	<sql-service name="SCHEDULER.UPDATE" type="named-parameter" showSql="true">
		<description>SCHEDULER.UPDATE</description>
		<query><![CDATA[
			UPDATE tb_scheduler
			SET
				SCHEDULER_NAME = :schedulerName
				, SCHEDULER_TYPE = :schedulerType
				, EXPRESSIONS = :expressions
				, ENABLED = :enabled
				, CLASSPATH = :classpath
				
				, INSTANCE = :instance
				, CHG_ID = :chgId
				, CHG_DT = :chgDt
				, PRIORITY = :priority
				, RETRY = :retry
				
				, RETRY_DELAY = :retryDelay
				, RETRY_MAX = :retryMax
				
			WHERE SCHEDULER_ID = :schedulerId
		]]>
		</query>
		<parameter name="schedulerId" />
		<parameter name="schedulerName" />
		<parameter name="schedulerType" />
		<parameter name="expressions" />
		<parameter name="enabled" />
		<parameter name="classpath" />
		<parameter name="instance" nullable="true" />
		<parameter name="chgId" />
		<parameter name="chgDt" />
		<parameter name="priority" />
		<parameter name="retry" nullable="true" />
		<parameter name="retryDelay" nullable="true" />
		<parameter name="retryMax" nullable="true" />
	</sql-service>
	
	<sql-service name="SCHEDULER.DELETE_BY_ID" type="named-parameter" showSql="true">
		<description>SCHEDULER.DELETE_BY_ID</description>
		<query>
			<![CDATA[ DELETE FROM tb_scheduler WHERE SCHEDULER_ID = :schedulerId ]]>
		</query>
		<parameter name="schedulerId" />
	</sql-service>
	
<!-- ================================================================================================================= -->
	
	<sql-service name="SCHEDULER_LOG.SELECT" type="named-parameter" showSql="true">
		<description>SCHEDULER_LOG.SELECT</description>
		<query><![CDATA[
			SELECT
				shl.SCHEDULER_LOG_ID
				, shl.SCHEDULER_ID
				, shl.EXECUTE_DT
				, shl.STATUS_CODE
				, shl.STATUS_MESSAGE
				, shl.ERROR_MESSAGE
				, shl.REG_ID
				, shl.REG_DT
				
				, DATE_FORMAT(shl.EXECUTE_DT, '%d/%m/%Y %H:%i:%s') AS EXECUTE_DT_STR
				, (SELECT CONCAT(usr.FIRST_NAME, ' ', usr.LAST_NAME) FROM t_users usr WHERE usr.ID = shl.REG_ID) AS REG_NAME
				, DATE_FORMAT(shl.REG_DT, '%d/%m/%Y %H:%i:%s') AS REG_DT_STR
				
				, shc.SCHEDULER_NAME
				
			FROM tb_scheduler_log shl
				
				INNER JOIN tb_scheduler shc
				ON shl.SCHEDULER_ID = shc.SCHEDULER_ID
				
			WHERE 1 = 1
			
				${#schedulerLogId?.text}
				${#schedulerId?.text}
				${#executeDt?.text}
				${#statusCode?.text}
				${#statusMessage?.text}
				${#errorMessage?.text}
				
				${#regId?.text}
				${#regDt?.text}
				
			ORDER BY shl.EXECUTE_DT DESC
		]]>
		</query>
		<parameter name="schedulerLogId"> AND shl.SCHEDULER_LOG_ID = :schedulerLogId  </parameter>
		<parameter name="schedulerId"> AND shl.SCHEDULER_ID = :schedulerId  </parameter>
		<parameter name="executeDt"> AND DATE(shl.EXECUTE_DT) = DATE(:executeDt) </parameter>
		<parameter name="statusCode"> AND shl.STATUS_CODE = :statusCode  </parameter>
		<parameter name="statusMessage"> AND shl.STATUS_MESSAGE = :statusMessage  </parameter>
		<parameter name="errorMessage"> AND shl.ERROR_MESSAGE = :errorMessage  </parameter>
		
		<parameter name="regId"> AND shl.REG_ID = :regId  </parameter>
		<parameter name="regDt"> AND DATE(shl.REG_DT) = DATE(:regDt) </parameter>
	</sql-service>
	
</query-collection>