<?xml version="1.0" encoding="UTF-8"?>
<query-collection>

	<sql-service name="USER.SQL_LOGIN_BY_USER_ID" type="named-parameter" showSql="true">
		<description></description>		
		<query><![CDATA[
		    SELECT id AS userId , login_id AS login , password ,authentication_type_id AS authenMode
			FROM t_users
			WHERE login_id = :USER_ID
			AND user_status = 1
		]]>
		</query>
		<parameter name="USER_ID" required="true" />
	</sql-service>
	
	<sql-service name="USER.SQL_USER_LOGIN_PROFILE" type="named-parameter" showSql="true">
		<description>search user login profile </description>		
		<query><![CDATA[
			SELECT IFNULL(u.id,'') AS uid , IFNULL(u.employee_id,'') AS empId,  IFNULL(u.first_name,'') AS firstName , IFNULL(u.middle_name,'') AS middleName , IFNULL(u.last_name,'') AS lastName , IFNULL(u.nick_name,'') AS nickName ,
				   IFNULL(u.email,'-- No setting --') AS email, IFNULL(u.mobile,'-- No setting --') AS mobile,
				   IFNULL(u.img_path,'assets/img/default-user.png') AS avatar, 
				   IFNULL(u.main_dept_id,'') AS deptId, 
				   IFNULL(dept.dept_name,'-- No department --') AS deptName ,
				   DATE_FORMAT(NOW(),'%e') AS curDate,
				   DATE_FORMAT(NOW(),'%W') AS curDay,
				   DATE_FORMAT(NOW(),'%M') AS curMonth,
				   DATE_FORMAT(NOW(),'%Y') AS curYear,
				   DATE_FORMAT(NOW(),'%c') AS curMonthId,
				   IFNULL(u.employee_type,'') AS employeeType,
				   IFNULL(u.probation_YN,'N') AS probation_YN,
				   IFNULL(u.allow_leave_on_probation,'0') AS allowLeaveOnProbation,
				   IFNULL(u.allow_timesheet_backward,0) AS allowTimesheetBackward,
				   IFNULL(DATE_FORMAT(u.resign_date,'%d %M %Y'),'') AS resignDate,
				   IFNULL(DATE_FORMAT(u.appearance_date,'%d %M %Y'),'') AS appearanceDate,
				   IFNULL(DATE_FORMAT(u.probation_date,'%d %M %Y') ,'+119 day count from appearance date.') AS probationDate,
				   IFNULL(u.is_dept_head_YN,'N') AS isDeptHeadYN,
				   IFNULL(u.is_admin_YN,'N') AS isAdminYN,
				   IFNULL(u.position,'') AS position ,
				   CASE WHEN u.section_id IS NOT NULL  THEN u.section_id 
				        WHEN u.main_dept_id IS NOT  NULL THEN	u.main_dept_id
								WHEN u.division_id IS NOT NULL THEN u.division_id
					 ELSE  ''
					 END AS organizeUnit ,
						CASE WHEN u.section_id IS NOT NULL  THEN sec.dept_name   
								 WHEN u.main_dept_id IS NOT  NULL THEN dept.dept_name
								 WHEN u.division_id IS NOT NULL  THEN divi.dept_name
				   ELSE '' 
				   END AS organizeUnitName,
				   CASE WHEN (is_admin_YN = 'Y' OR ( main_dept_id IS NULL AND (division_id = 59 OR division_id = 23))) THEN '4'
							 WHEN is_dept_head_YN = 'Y' THEN '3'
							 WHEN main_dept_id = 13 THEN '2'
							 ELSE '1'
				   END as perm_level,
				   (select count(*) from v_approver_projects where approver_id = u.id) as app_level,
				   u.employee_work_hours
				  
				   
			FROM t_users u
			LEFT OUTER JOIN t_departments divi ON divi.id = u.division_id
			LEFT OUTER JOIN t_departments dept ON dept.id = u.main_dept_id
			LEFT OUTER JOIN t_departments sec ON sec.id = u.section_id
			WHERE u.login_id = :USER_ID
			AND u.user_status = 1
		]]> 
		</query>
		<parameter name="USER_ID" required="true" />
	</sql-service>
	
	<!--  currently not implement -->
	<sql-service name="USER.SQL_USER_MENU_PRIVILEGES" type="named-parameter" showSql="true">
		<description></description>		
		<query><![CDATA[
			SELECT authentication_type_id AS authenMode
			FROM t_users
			WHERE login_id =:USER_ID
		]]>
		</query>
		<parameter name="USER_ID" required="true" />
	</sql-service>	
	
	<sql-service name="USER.SQL_STAFF_PROFILE" type="named-parameter" showSql="true">
		<description>Staff simple profile (not used by login controller) </description>		
		<query><![CDATA[
			SELECT first_name AS a ,last_name AS b
			FROM t_users
			WHERE login_id =:staffId
		]]>
		</query>
		<parameter name="staffId" required="true" />
	</sql-service>	
	 
	<sql-service name="USER.SQL_USER_LOGIN_LOG_TIMESTAMP" type="named-parameter" showSql="true">
		<description> Loging user login </description>		
		<query><![CDATA[
			UPDATE t_users SET last_login = NOW() WHERE id = :UID
		]]>
		</query>
		<parameter name="UID" required="true" />
	</sql-service>	
	 
	
	
</query-collection>