<?xml version="1.0" encoding="UTF-8"?>
<query-collection>

	<sql-service name="CODE_BOOK_LANGS.SQL_SEARCH" type="named-parameter"
		showSql="true">
		<description>search leave request </description>
		<query><![CDATA[
		
				SELECT
				id,
				code_type,
				code_id,
				code_name,
				use_YN,
				create_dt,
				create_uid,
				update_dt,
				update_uid,
  				CAST(code_id as SIGNED) AS code_sort
				FROM
				t_codebook_langs
				WHERE use_YN = 'Y'
				${#codeType?.text}
				
				ORDER BY code_sort ASC

			
		]]>
		</query>
		
		<parameter name="codeType" >AND code_type = :codeType</parameter>

	</sql-service>


</query-collection>