<?xml version="1.0" encoding="UTF-8"?>
<query-collection>

	<sql-service name="BOS_SR.SEARCH_SERVICE_REQ" type="named-parameter" showSql="true">
		<description>search leave request show in table </description>		
		<query><![CDATA[
				SELECT l.id AS a , c2.code_name as b , LOWER(c1.code_name) AS c ,
					 DATE_FORMAT(l.start_dt, '%a %e %b %Y') AS d  ,  DATE_FORMAT(l.start_dt, '%H:%i') AS e ,
					 DATE_FORMAT(l.end_dt, '%a %e %b %Y') AS f  ,  DATE_FORMAT(l.end_dt, '%H:%i') AS g ,
					 l.leave_hour AS h ,
				CONCAT(req.first_name,' ',req.last_name ) as i ,
				CONCAT(apr.first_name,' ',apr.last_name ) as j ,
				CONCAT(apr_wh_pay.first_name,' ',apr_wh_pay.last_name ) as k ,
				CONCAT(rej.first_name,' ',rej.last_name ) as l ,
				CONCAT(cel.first_name,' ',cel.last_name ) as m 
				FROM t_leave l 
				LEFT OUTER JOIN t_users req ON req.id = l.request_user_id 
				LEFT OUTER JOIN t_users apr ON apr.id = l.approve_user_id
				LEFT OUTER JOIN t_users apr_wh_pay ON apr_wh_pay.id = l.approve_wh_pay_user_id
				LEFT OUTER JOIN t_users rej ON rej.id = l.reject_user_id
				LEFT OUTER JOIN t_users cel ON cel.id = l.cancel_user_id
				LEFT OUTER JOIN t_codebook_langs c1 ON c1.code_type = 'LEAVE_STATUS' AND c1.code_id = l.current_status
				LEFT OUTER JOIN t_codebook_langs c2 ON c2.code_type = 'LEAVE_TYPE' AND c2.code_id = l.leave_type_id
				WHERE 1=1
				${#year?.text}
				${#request_from_me?.text}
				${#request_to_me?.text}
				${#leaveStatus?.text}
				${#leaveType?.text}
				ORDER BY create_date DESC
		]]>
		</query>
		<parameter name="year" nullable="false" > AND YEAR(start_dt) = :year AND YEAR(end_dt) = :year  </parameter>
		
		<parameter name="request_from_me" required="false"> AND l.create_user_id = :request_from_me</parameter>
		<parameter name="request_to_me" required="false"> AND l.create_user_id IN ( SELECT id FROM t_users WHERE report_to_person_id1 = :request_to_me ) </parameter>
		<parameter name="leaveStatus" required="false"> AND l.current_status = :leaveStatus </parameter>
		<parameter name="leaveType" required="false"> AND l.leave_type_id = :leaveType </parameter>
		
		<!--  
		<parameter name="userId" nullable="false" > AND l.create_user_id = :userId </parameter> 
		<parameter name="requester" nullable="true">AND l.request_user_id = :requester </parameter>
		 -->
	</sql-service>
	
	<sql-service name="BOS_SR.SEARCH_SERVICE_REQ_DETAIL" type="named-parameter" showSql="true">
		<description>search leave form detail</description>		
		<query><![CDATA[ 
				SELECT subject, type, sub_type, sr_status, assigned_uid, closed_dt,  closed_uid, 
					  DATE_FORMAT(create_dt , "%d/%m/%Y"), create_uid, CONCAT(u.first_name,' ',u.last_name) AS uname,
					   DATE_FORMAT(update_dt , "%d/%m/%Y"), update_uid 
					  DATE_FORMAT(closed_dt , "%d/%m/%Y"), update_uid 
				FROM t_bos_sr sr 
				LEFT OUTER JOIN t_users c ON c.id = sr.create_uid
				LEFT OUTER JOIN t_users u ON u.id = sr.update_uid
				LEFT OUTER JOIN t_users cl ON cl.id = sr.closed_uid
				WHERE sr.id  = :id
		]]> 
		</query>
		<parameter name="id" nullable="true" />
	</sql-service>
	
	
	<sql-service name="BOS_SR.INSERT_SERVICE_REQ" type="named-parameter" showSql="true">
		<description> insert leave form </description>		
		<query><![CDATA[
				INSERT INTO t_bos_sr ( subject , type , sub_type , sr_status , assigned_uid , closed_dt ,  closed_uid , create_dt , create_uid ) 
				VALUES (
					 :subject ,
					 :type ,
					 :sub_type,
					 :sr_status,
					 :assigned_uid,
					 :closed_dt,
					 :closed_uid,
					 NOW(),
					 :create_uid
				)
		]]>
		</query>
		<parameter name="subject" nullable="true" />
		<parameter name="type" nullable="true" />
		<parameter name="sub_type" nullable="true" />
		<parameter name="sr_status" nullable="true" />
		<parameter name="assigned_uid" nullable="true" />
		<parameter name="closed_dt" nullable="true" />
		<parameter name="closed_uid" nullable="true" />
		<parameter name="create_uid" nullable="true" />
	</sql-service>
	
	<sql-service name="BOS_SR.UPDATE_SERVICE_REQ" type="named-parameter" showSql="true">
		<description> update leave form </description>		
		<query><![CDATA[
				UPDATE  t_bos_sr SET
					subject = :subject ,
					type = :type ,
					sub_type = :sub_type ,
					sr_status = :sr_status ,
					assigned_uid = :assigned_uid,
					closed_dt = :closed_date,
					closed_uid = :closed_uid,
					update_dt = NOW(),
					update_uid = update_uid
				WHERE id = :id

		]]>
		</query>
		<parameter name="id" nullable="true" />
		<parameter name="subject" nullable="true" />
		<parameter name="type" nullable="true" />
		<parameter name="sub_type" nullable="true" />
		<parameter name="sr_status" nullable="true" />
		<parameter name="assigned_uid" nullable="true" />
		<parameter name="closed_date" nullable="true" />
		<parameter name="closed_uid" nullable="true" />
		<parameter name="update_uid" nullable="true" />
	</sql-service>
	
	<sql-service name="BOS_SR.REMOVE_SERVICE_REQ" type="named-parameter" showSql="true">
		<description> delete BOS service request</description>		
		<query><![CDATA[	
				 DELETE FROM t_bos_sr 
				 WHERE id = :id
		]]>
		</query>
		<parameter name="id" nullable="true" />
	</sql-service>

	
</query-collection>