<?xml version="1.0" encoding="UTF-8"?>
<query-collection>
	<sql-service name="SETTING_PROJECT_ROLE.SQL_SEARCH" type="named-parameter" showSql="true">
		<description>SETTING_PROJECT_ROLE.SQL_SEARCH</description>		
		<query><![CDATA[	
			   SELECT
				  t_roles.id,
				  t_roles.role_name,
				  t_roles.role_detail,
				  t_roles.status_YN status,
				  t_roles.create_dt,
				  t_roles.create_uid,
				  t_roles.update_dt,
				  t_roles.update_uid
				FROM
				  t_roles
				WHERE 1=1

				${#id?.text}
				${#status?.text}
				

				ORDER BY t_roles.role_name

		]]>
		</query>
		
		<parameter name="id" > AND t_roles.id = :id </parameter>
		<parameter name="status" > AND status_YN = :status </parameter>
	</sql-service>
	
		<sql-service name="SETTING_MENU.SQL_SEARCH" type="named-parameter" showSql="true">
		<description>SETTING_PROJECT_ROLE.SQL_SEARCH</description>		
		<query><![CDATA[	
		
				SELECT
				id,
				menu_name menuName,
				menu_icon menuIcon,
				menu_link menuIink,
				use_YN 'use',
				create_dt createDt,
				create_uid createUid,
				update_dt updateDt,
				update_uid updateUid
				FROM
				t_menus		
				
				ORDER BY id

		]]>
		</query>

	</sql-service>
	
	<sql-service name="SETTING_PROJECT_ROLE.SQL_INSERT" type="named-parameter" showSql="true">
		<description>SETTING_PROJECT_ROLE.SQL_INSERT</description>		
		<query><![CDATA[	
		
				INSERT INTO t_roles (

				role_name,
				role_detail,
				status_YN,
				create_dt,
				create_uid
				
				)
				VALUE(
					
					:role_name,
					:role_detail,
					:status,
					NOW(),
					:create_uid
				
				)

		]]>
		</query>
		
		<parameter name="role_name" nullable="false"></parameter>
		<parameter name="role_detail" nullable="false"></parameter>
		<parameter name="status" nullable="false"></parameter>
<!-- 		<parameter name="create_dt" nullable="false"></parameter> -->
		<parameter name="create_uid" nullable="false"></parameter>
	</sql-service>
	
	<sql-service name="SETTING_PROJECT_ROLE.SQL_UPDATE" type="named-parameter" showSql="true">
		<description>SETTING_PROJECT_ROLE.SQL_UPDATE</description>		
		<query><![CDATA[	
		
				UPDATE t_roles SET 
				
				role_name = :role_name,
				role_detail = :role_detail,
				status_YN = :status,
				update_dt = NOW(),
				update_uid = :update_uid
				
				WHERE id = :id


		]]>
		</query>
		
		<parameter name="role_name" nullable="false"></parameter>
		<parameter name="role_detail" nullable="false"></parameter>
		<parameter name="status" nullable="false"></parameter>
<!-- 		<parameter name="update_dt" nullable="false"></parameter> -->
		<parameter name="update_uid" nullable="false"></parameter>
		<parameter name="id" nullable="false"></parameter>
	</sql-service>
	
	<sql-service name="SETTING_PROJECT_ROLE.SQL_DELETE" type="named-parameter"
		showSql="true">
		<description>SETTING_PROJECT_ROLE.SQL_DELETE</description>
		<query><![CDATA[

				DELETE t_roles,
				 t_privileges
				FROM
					t_roles
				INNER JOIN t_privileges ON t_roles.id = t_privileges.role_id
				WHERE
				t_roles.id = :id
				
		]]>
		</query>

		<parameter name="id" nullable="false"></parameter>
		
	</sql-service>
	
		<sql-service name="SETTING_MENU.SQL_INSERT" type="named-parameter" showSql="true">
		<description>SETTING_PROJECT_ROLE.SQL_INSERT</description>		
		<query><![CDATA[	
		
				INSERT INTO t_privileges(
				role_id,
				menu_id,
				privileges_YN,
				create_dt,
				create_uid
				)
				VALUES(
				
					:role_id,
					:menu_id,
					:privileges,
					NOW(),
					:create_uid
				)

		]]>
		</query>
		
		<parameter name="role_id" nullable="false"></parameter>
		<parameter name="menu_id" nullable="false"></parameter>
		<parameter name="privileges" nullable="false"></parameter>
		<parameter name="create_uid" nullable="false"></parameter>
	</sql-service>
	
			<sql-service name="SETTING_MENU.SQL_UPDATE" type="named-parameter" showSql="true">
		<description>SETTING_PROJECT_ROLE.SQL_INSERT</description>		
		<query><![CDATA[	
		
				UPDATE t_privileges SET
					role_id = :role_id,
					menu_id = :menu_id,
					privileges_YN = :privileges,
					update_dt = NOW(),
					update_uid = :update_uid
					
					WHERE id = :id

		]]>
		</query>
		
		<parameter name="role_id" nullable="false"></parameter>
		<parameter name="menu_id" nullable="false"></parameter>
		<parameter name="privileges" nullable="false"></parameter>
		<parameter name="update_uid" nullable="false"></parameter>
		<parameter name="id" nullable="false"></parameter>
	</sql-service>
	
	<sql-service name="SETTING_MENU.SQL_DELETE" type="named-parameter" showSql="true">
		<description>SETTING_PROJECT_ROLE.SQL_INSERT</description>		
		<query><![CDATA[	
			
				DELETE 
				FROM t_privileges
				WHERE id = :id
				
		]]>
		</query>
		
		<parameter name="id" nullable="false"></parameter>
		
	</sql-service>
	
</query-collection>