<?xml version="1.0" encoding="UTF-8"?>
<query-collection>

	<sql-service name="TIMESHEET.SQL_SEARCH_MONTH_UTILIZE" type="named-parameter" showSql="true">
		<description>query total timesheet month utilize hour </description>		
		<query><![CDATA[	
				SELECT utilize_hour AS a
				FROM tc_utilize_hours 
				WHERE utilize_year = :year AND utilize_month_id = :monthId
		]]>
		</query>
		<parameter name="monthId" nullable="false" />
		<parameter name="year" nullable="false" />
	</sql-service>
	
	<sql-service name="TIMESHEET.SQL_SEARCH_MONTHLY_APPROVE_PROGRESS" type="named-parameter" showSql="true">
		<description>query total timesheet month utilize hour </description>		
		<query><![CDATA[
		
				SELECT h.utilize_month_id as a, h.utilize_hour as b  ,
					   truncate(((SUM(DRAFT)*100)/h.utilize_hour),0) as c, 
					   truncate(((SUM(SUBMITTED)*100)/h.utilize_hour),0) as d,
					   truncate(((SUM(REJECTED)*100)/h.utilize_hour),0) as  e, 
					   truncate(((SUM(APPROVED)*100)/h.utilize_hour),0) f
				FROM tc_utilize_hours h LEFT OUTER JOIN  
				(
				SELECT  user_id,YEAR(spent_on) AS SPENT_YR  , MONTH(spent_on) AS SPEND_MTH
				, IF(time_status = 1, hours ,0) AS DRAFT
				, IF(time_status = 2, hours ,0) AS SUBMITTED 
				, IF(time_status = 3, hours ,0) AS REJECTED
				, IF(time_status = 4, hours ,0) AS APPROVED
				      FROM t_time_entries 
				      WHERE user_id = :staffId
				      AND YEAR(spent_on) = :year 
				) t 
				ON ( h.utilize_year = t.SPENT_YR
						AND h.utilize_month_id = t.SPEND_MTH ) 
				WHERE h.utilize_year = :year AND t.user_id = :staffId
				GROUP BY 1,2
			
		]]>
		</query>
		<parameter name="staffId" nullable="false" />
		<parameter name="year" nullable="false" />
	</sql-service>
	
	<!--  not used -->
	<sql-service name="TIMESHEET.SQL_SEARCH_MONTHLY_APPROVE_PROGRESS_BACKUP" type="named-parameter" showSql="true">
		<description>query total timesheet month utilize hour </description>		
		<query><![CDATA[
			--	SELECT t.user_id ,h.utilize_year ,h.utilize_month_id , h.utilize_hour ,t.total_hr , TRUNCATE((t.total_hr*100)/h.utilize_hour,0)  as total_hr_percent
			    SELECT h.utilize_month_id as a, h.utilize_hour as b  ,t.total_hr  as c , TRUNCATE((t.total_hr*100)/h.utilize_hour,0) as d
				FROM tc_utilize_hours h LEFT OUTER JOIN  
				( SELECT  ifnull(sum( hours) ,0) AS total_hr , user_id
						, YEAR(spent_on) AS SPENT_YR 
						, MONTH(spent_on) AS SPEND_MTH
				  FROM t_time_entries 
				  WHERE  time_status = 4
				  AND user_id = :staffId
				  GROUP BY  user_id , YEAR(spent_on) , MONTH(spent_on) 
				) AS t 
				ON ( h.utilize_year = t.SPENT_YR
				AND h.utilize_month_id = t.SPEND_MTH ) 
				WHERE h.utilize_year = :year AND t.user_id = :staffId
		]]>
		</query>
		<parameter name="staffId" nullable="false" />
		<parameter name="year" nullable="false" />
	</sql-service>
	

	
	<sql-service name="TIMESHEET.SQL_SEARCH_TIMESHEET" type="named-parameter" showSql="true">
		<description>search timesheet </description>		
		<query><![CDATA[	
				 SELECT e.id AS a, e.spent_on AS b , e.hours AS c, a.project_id AS d, p.name AS e , a.task_id AS f , t.task_name AS g ,
				  		CASE WHEN e.time_status = 1 THEN 'd' WHEN e.time_status = 2 THEN 's' WHEN e.time_status = 3 THEN 'r' WHEN e.time_status = 4 THEN 'a' END AS h,
				  		DATE_FORMAT(e.spent_on, '%e') as i
				 FROM t_task_assignees a 
				 LEFT OUTER JOIN t_time_entries e 
				 	  ON a.project_id = e.project_id 
				 	  AND a.task_id = e.task_id 
				 	  AND a.user_id = e.user_id
				 	--  AND MONTH(e.spent_on) BETWEEN MONTH(a.start_dt) AND  MONTH(a.end_dt)
				   	--  AND YEAR(e.spent_on) BETWEEN YEAR(a.start_dt) AND YEAR(a.end_dt)
				 	  AND MONTH(e.spent_on) = :monthid
				 	  AND YEAR(e.spent_on) = :year 
				 LEFT OUTER JOIN t_identify_key p ON a.project_id = p.id
				 LEFT OUTER JOIN t_tasks t ON a.task_id = t.id
				 WHERE :yearmonth BETWEEN extract(year_month FROM a.start_dt ) and  extract(year_month FROM a.end_dt )
 					  AND a.user_id = :uid
 					  AND p.status <> 4
				 ORDER BY  p.name , t.task_name , e.spent_on
		]]>
		</query>
		<parameter name="monthid" nullable="false" />
		<parameter name="year" nullable="false" />
		<parameter name="uid" nullable="false" />
		<parameter name="yearmonth" nullable="false"/>
	</sql-service>
	
	<sql-service name="TIMESHEET.SQL_SEARCH_TIMESHEET_BY_ID" type="named-parameter" showSql="true">
		<description>search time_entries by id </description>		
		<query><![CDATA[	
				 SELECT id AS a, hours AS b , CASE WHEN time_status = 1 THEN 'd' WHEN time_status = 2 THEN 's' WHEN time_status = 3 THEN 'r' WHEN time_status = 4 THEN 'a' END AS c
					 FROM t_time_entries
				 WHERE id = :time_entry_id
		]]>
		</query>
		<parameter name="time_entry_id" nullable="false" />
	</sql-service>
	
	<!--  TIMESHEET.SQL_SEARCH_TIMESHEET_NOTE -->
	<sql-service name="TIMESHEET.SEARCH_TIMESHEET_NOTE" type="named-parameter" showSql="true">
		<description>search timesheet note (show in footer)</description>		
		<query><![CDATA[	
		
			SELECT DISTINCT DATE_FORMAT(note_date, '%e') as a 
			FROM t_timesheet_notes
			WHERE user_id = :staffId
			  AND MONTH(note_date) = :monthId 
			  AND YEAR(note_date) = :year
					  
		]]>
		</query>
		<parameter name="monthId" nullable="false" />
		<parameter name="year" nullable="false" />
		<parameter name="staffId" nullable="false" />
	</sql-service>
	
	<sql-service name="TIMESHEET.SEARCH_TIMESHEET_NOTE_DETAIL" type="named-parameter" showSql="true">
		<description>search timesheet note</description>		
		<query><![CDATA[	
		
			SELECT n.id AS a, n.seq AS b, 
				   n.project_id AS c, p.project_name AS d , 
				   n.task_id AS e, t.task_name AS f,
				   ifnull(n.hour,'') AS g, n.note_date AS h, n.note_detail AS i
			FROM t_timesheet_notes n 
			LEFT OUTER JOIN t_projects p ON n.project_id = p.id
			LEFT OUTER JOIN t_tasks t ON n.task_id = t.task_name
			WHERE n.user_id = :staffId  
			AND n.note_date = :noteDate;
		
		]]>
		</query>
		<parameter name="noteDate" nullable="false" />
		<parameter name="staffId" nullable="false" />
	</sql-service>

	<sql-service name="TIMESHEET.SEARCH_OVERTIME" type="named-parameter" showSql="true">
		<description>search timesheet overtime ( show in footer )</description>		
		<query><![CDATA[	
				SELECT id AS a , project_id AS b , task_id AS c , ot_date AS d , start_time AS e, end_time AS f,
						ot_requested AS g , mobile_service AS h , car_allowance AS i, taxi_requested AS j , IFNULL(taxi_fare,'') AS k , ot_note AS l, DATE_FORMAT(ot_date, '%e') as m , 
						CASE WHEN ot_status = 1 THEN 'd' WHEN ot_status = 2 THEN 's' WHEN ot_status = 3 THEN 'r' WHEN ot_status = 4 THEN 'a' END AS n
				FROM t_allowances
				WHERE user_id = :staffId
					  AND MONTH(ot_date) = :monthId 
					  AND YEAR(ot_date) = :year
		]]>
		</query>
		<parameter name="monthId" nullable="false" />
		<parameter name="year" nullable="false" />
		<parameter name="staffId" nullable="false" />
	</sql-service>
	
	<sql-service name="TIMESHEET.SEARCH_OVERTIME_DETAIL" type="named-parameter" showSql="true">
		<description>search timesheet overtime ( allowance )</description>		
		<query><![CDATA[	
				SELECT id AS a , project_id AS b , task_id AS c , ot_date AS d , start_time AS e, CASE WHEN end_time = "23:59:00" THEN "24:00:00" ELSE end_time END  AS f,
						IFNULL(ot_requested,'0') AS g , IFNULL(mobile_service,'0')  AS h , IFNULL(car_allowance,'0')  AS i, IFNULL(taxi_requested,'0')  AS j , IFNULL(taxi_fare,'') AS k , ot_note AS l, DATE_FORMAT(ot_date, '%e') as m , 
						CASE WHEN ot_status = 1 THEN 'd' 
							 WHEN ot_status = 2 THEN 's' 
							 WHEN ot_status = 3 THEN 'r'
							 WHEN ot_status = 4 THEN 'a' 
						END AS n ,
						IFNULL(rejected_reason,'') AS o
				FROM t_allowances
				WHERE user_id = :staffId  
				AND ot_date = :otDate
		]]>
		</query>
		<parameter name="staffId" nullable="false" />
		<parameter name="otDate" nullable="false" />
	</sql-service>
	
	<sql-service name="TIMESHEET.SEARCH_AVAILABLE_PROJECT_TASK" type="named-parameter" showSql="true">
		<description> lookup project and task on overtime modal </description>		
		<query><![CDATA[	
		
				SELECT k.id AS a, k.name AS b, t.id AS c , t.task_name AS d
				FROM t_task_assignees a 
				LEFT OUTER JOIN t_identify_key k ON a.project_id = k.id
				LEFT OUTER JOIN t_tasks t ON a.task_id = t.id 
				WHERE a.user_id = :staffId 
				AND :yearmonth BETWEEN extract(year_month FROM a.start_dt ) and  extract(year_month FROM a.end_dt )
				AND a.task_id IS NOT NULL
				AND k.status <> 4
				GROUP BY  k.id , k.name , t.id , t.task_name
				
		]]>
		</query>
		<parameter name="yearmonth" nullable="false" />
		<parameter name="staffId" nullable="false" />
	</sql-service>
	
	
	
	<!--  deprecate ! -->
	<sql-service name="TIMESHEET.CHECK_LOGTIME" type="named-parameter" showSql="true">
		<description>Check timesheet (logtime) before insert or update or delete</description>		
		<query><![CDATA[	
					SELECT id FROM t_timesheets WHERE id = 4
			  
		]]>
		</query>
	</sql-service>
	
	
	<sql-service name="TIMESHEET.INSERT_LOGTIME" type="named-parameter" showSql="true">
		<description>Insert logtime</description>		
		<query><![CDATA[
					INSERT INTO t_time_entries (task_id , user_id , project_id , hours , time_status , spent_on , create_dt , create_uid) 
					VALUES (
					  :tid, :uid, :pid,  :hour, :status,  :date,  NOW(), :uid
					)
			
		]]>
		</query>
		<parameter name="tid" nullable="false" />
		<parameter name="uid" nullable="false" />
		<parameter name="pid" nullable="false" />
		<parameter name="hour" nullable="false" />
		<parameter name="status" nullable="false" />
		<parameter name="date" nullable="false" />
	</sql-service>

	<sql-service name="TIMESHEET.UPDATE_LOGTIME" type="named-parameter" showSql="true">
		<description>Update logtime</description>		
		<query><![CDATA[	
					UPDATE t_time_entries SET 
					task_id = :tid,
					user_id = :uid,
					project_id = :pid,
					hours = :hour,
					time_status = :status,
					spent_on = :date,
					update_dt = NOW(),
					update_uid = :uid
					WHERE id = :id
		]]>
		</query>
		<parameter name="tid" nullable="false" />
		<parameter name="uid" nullable="false" />
		<parameter name="pid" nullable="false" />
		<parameter name="hour" nullable="false" />
		<parameter name="status" nullable="false" />
		<parameter name="date" nullable="false" />
		<parameter name="id" nullable="false" />
	</sql-service>
	
	<sql-service name="TIMESHEET.DELETE_LOGTIME" type="named-parameter" showSql="true">
		<description>Delete logtime</description>		
		<query><![CDATA[	
				DELETE FROM t_time_entries
				WHERE id = :id
		]]>
		</query>
		<parameter name="id" nullable="false" />
	</sql-service>
	
	
	<!-- INSERT TIMESHEET NOTE -->
	<sql-service name="TIMESHEET.SQL_INSERT_NOTE" type="named-parameter" showSql="true">
		<description>insert timesheet note</description>		
		<query><![CDATA[	 
	
			INSERT INTO t_timesheet_notes ( seq, project_id, task_id , hour, user_id, note_date , note_detail , create_dt , create_uid ) 
			VALUES (:seq,:project_id,:task_id,:hour,:user_id,:note_date,:note_detail,NOW(),:create_uid )
			
		]]>
		</query>
		<parameter name="seq" nullable="false" />
		<parameter name="project_id" nullable="false" />
		<parameter name="task_id" nullable="false" />
		<parameter name="hour" nullable="false" />
		<parameter name="user_id" nullable="false" />
		<parameter name="note_date" nullable="false" />
		<parameter name="note_detail" nullable="false" />
		<parameter name="create_uid" nullable="false" />
	</sql-service>
	
	<!-- UPDATE TIMESHEET NOTE -->
	<sql-service name="TIMESHEET.SQL_UPDATE_NOTE" type="named-parameter" showSql="true">
		<description>update timesheet note </description>		
		<query><![CDATA[	
			UPDATE t_timesheet_notes SET
				seq = :seq,
				project_id = :project_id,
				task_id = :task_id,
				hour = :hour,
				note_date = :note_date,
				note_detail = :note_detail,
				user_id = :user_id,
				update_dt = NOW(),
				update_uid = :update_uid
			WHERE id = :id
		]]>
		</query>
		<parameter name="seq" nullable="false" />
		<parameter name="project_id" nullable="false" />
		<parameter name="task_id" nullable="false" />
		<parameter name="hour" nullable="false" />
		<parameter name="note_date" nullable="false" />
		<parameter name="note_detail" nullable="false" />
		<parameter name="user_id" nullable="false" />
		<parameter name="update_uid" nullable="false" />
		<parameter name="id" nullable="false" />
	</sql-service>
	
	
		<!-- DELETE TIMESHEET NOTE -->
	<sql-service name="TIMESHEET.SQL_REMOVE_NOTE" type="named-parameter" showSql="true">
		<description> delete timesheet note </description>		
		<query><![CDATA[	
				DELETE FROM t_timesheet_notes WHERE id = :id
		]]>
		</query>
			<parameter name="id" nullable="false" />
	</sql-service>
	
	
	
	<!-- INSERT OVERTIME  -->
	<sql-service name="TIMESHEET.SQL_INSERT_OVERTIME" type="named-parameter" showSql="true">
		<description>Insert timesheet overtime</description>		
		<query><![CDATA[	
				INSERT INTO t_allowances 
				( 
					project_id, 
					task_id, 
					user_id, 
					ot_date,
					ot_status, 
					date_type, 
					start_time, 
					end_time, 
					ot_requested, 
					mobile_service, 
					car_allowance, 
					taxi_requested, 
					taxi_fare, 
					ot_note , 
					create_date , 
					create_uid   
				) 
				VALUES 
				(
					:project_id, 
					:task_id, 
					:user_id, 
					:ot_date,
					:ot_status, 
					:date_type, 
					:start_time, 
					:end_time, 
					:ot_requested, 
					:mobile_service, 
					:car_allowance, 
					:taxi_requested, 
					:taxi_fare, 
					:ot_note , 
					NOW() , 
					:create_uid   
				)
				
		]]>
		</query>
		<parameter name="project_id" nullable="true" />
		<parameter name="task_id" nullable="true" />
		<parameter name="user_id" nullable="true" />
		<parameter name="ot_date" nullable="true" />
		<parameter name="ot_status" nullable="true" />
		<parameter name="date_type" nullable="true" />
		<parameter name="start_time" nullable="true" />
		<parameter name="end_time" nullable="true" />
		<parameter name="ot_requested" nullable="true" />
		<parameter name="mobile_service" nullable="true" />
		<parameter name="car_allowance" nullable="true" />
		<parameter name="taxi_requested" nullable="true" />
		<parameter name="taxi_fare" nullable="true" />
		<parameter name="ot_note" nullable="true" />
		<parameter name="create_uid" nullable="true" />
	</sql-service>
	
	<!-- UPDATE OVERTIME -->
	<sql-service name="TIMESHEET.SQL_UPDATE_OVERTIME" type="named-parameter" showSql="true">
		<description>Update timesheet overtime</description>		
		<query><![CDATA[	
			UPDATE t_allowances SET
				project_id = :project_id,
				task_id = :task_id,
				user_id = :user_id,
				ot_date = :ot_date,
				ot_status = :ot_status,
				date_type = :date_type,
				start_time = :start_time,
				end_time = :end_time,
				ot_requested = :ot_requested,
				mobile_service = :mobile_service,
				car_allowance = :car_allowance,
				taxi_requested = :taxi_requested,
				taxi_fare = :taxi_fare,
				ot_note = :ot_note,
				update_dt = NOW(),
				update_uid = :update_uid
			WHERE id = :id
		]]>
		</query>
		<parameter name="project_id" nullable="true" />
		<parameter name="task_id" nullable="true" />
		<parameter name="user_id" nullable="true" />
		<parameter name="ot_date" nullable="true" />
		<parameter name="ot_status" nullable="true" />
		<parameter name="date_type" nullable="true" />
		<parameter name="start_time" nullable="true" />
		<parameter name="end_time" nullable="true" />
		<parameter name="ot_requested" nullable="true" />
		<parameter name="mobile_service" nullable="true" />
		<parameter name="car_allowance" nullable="true" />
		<parameter name="taxi_requested" nullable="true" />
		<parameter name="taxi_fare" nullable="true" />
		<parameter name="ot_note" nullable="true" />
		<parameter name="update_uid" nullable="true" />
		<parameter name="id" nullable="true" />
	</sql-service>
	
	<!-- DELETE OVERTIME -->
	<sql-service name="TIMESHEET.SQL_REMOVE_OVERTIME" type="named-parameter" showSql="true">
		<description>Delete timesheet overtime</description>		
		<query><![CDATA[	
			DELETE FROM t_allowances WHERE id = :id
		]]>
		</query>
		<parameter name="id" nullable="false" />
	</sql-service>
	
	
	<!--   -->
	<sql-service name="TIMESHEET.SQL_SEARCH_TIMESHEET_SUMMARY" type="named-parameter" showSql="true">
		<description>query workhour hour summary  </description>		
		<query><![CDATA[	
				SELECT s.id AS a , t.task_name AS b, k.name AS c , DATE_FORMAT(s.spent_on, '%a') AS d, DATE_FORMAT(s.spent_on, '%e-%b-%Y') AS e , s.hours AS f ,
				      CASE WHEN s.time_status = 1 then 'sts-active' else 'sts-inactive' end as g,
					  CASE WHEN s.time_status = 2 then 'sts-active' else 'sts-inactive' end as h,
					  CASE WHEN s.time_status = 3 then 'sts-active' else 'sts-inactive' end as i,
					  CASE WHEN s.time_status = 4 then 'sts-active' else 'sts-inactive' end as j,
					  s.time_status as k,
				      CASE WHEN s.time_status = 1 then 'draft' 
						 WHEN s.time_status = 2  then 'submitted' 
						 WHEN s.time_status = 3 then 'rejected' 
						 WHEN s.time_status = 4 then 'approved' 
					END AS l ,
					t.project_id as m
				FROM t_time_entries s
				LEFT OUTER JOIN t_identify_key k ON s.project_id = k.id
				LEFT OUTER JOIN t_tasks t ON s.task_id = t.id
				WHERE MONTH(spent_on) = :monthId AND YEAR(spent_on)= :year
				AND user_id = :staffId
				ORDER BY s.spent_on
		]]>
		</query>
		<parameter name="monthId" nullable="false" />
		<parameter name="year" nullable="false" />
		<parameter name="staffId" nullable="false" />
	</sql-service>
	
	<sql-service name="TIMESHEET.SQL_SEARCH_OVERTIME_SUMMARY" type="named-parameter" showSql="true">
		<description>query overtime hour summary </description>		
		<query><![CDATA[	
		
			SELECT a.id AS a , t.task_name AS b ,  k.name AS c , DATE_FORMAT(a.ot_date, '%a') AS d, DATE_FORMAT(a.ot_date, '%e-%b-%Y')  AS e , 
					DATE_FORMAT(start_time,'%H:%i') AS f, 
					CASE WHEN end_time = "23:59:00" THEN "24:00" ELSE DATE_FORMAT(end_time,'%H:%i') end AS g,
					CASE WHEN end_time = "23:59:00" 
					THEN  TIME_FORMAT(TIMEDIFF(DATE_ADD(end_time, INTERVAL 1 MINUTE),start_time),'%H:%i') 
					ELSE  TIME_FORMAT(TIMEDIFF(end_time,start_time),'%H:%i') 
					END  AS h,
					CASE WHEN ot_requested = 1 then 'fas fa-check checked-active' else '' end as i ,
					CASE WHEN mobile_service = 1 then 'fas fa-check checked-active' else '' end as j ,
					CASE WHEN car_allowance = 1 then 'fas fa-check checked-active' else '' end as k ,
					CASE WHEN taxi_requested = 1 then 'fas fa-check checked-active' else '' end as l ,
					IFNULL(CONCAT(taxi_fare,' Baht.'),'') AS m ,
					ot_note AS n, 
					CASE WHEN a.ot_status = 1 then 'ot-sts-active' else 'ot-sts-inactive' end as o,
					CASE WHEN a.ot_status = 2 then 'ot-sts-active' else 'ot-sts-inactive' end as p,
					CASE WHEN a.ot_status = 3 then 'ot-sts-active' else 'ot-sts-inactive' end as q,
					CASE WHEN a.ot_status = 4 then 'ot-sts-active' else 'ot-sts-inactive' end as r,
					a.ot_status as s,
					CASE WHEN a.ot_status = 1 then 'draft' 
						 WHEN a.ot_status = 2  then 'submitted' 
						 WHEN a.ot_status = 3 then 'rejected'
						 WHEN a.ot_status = 4 then 'approved' 
					END AS t ,
					round(TIME_TO_SEC(timediff( a.end_time , a.start_time ))/3600,1) AS u ,
					a.project_id AS v
			FROM t_allowances a
			LEFT OUTER JOIN t_identify_key k ON a.project_id = k.id
			LEFT OUTER JOIN t_tasks t ON a.task_id = t.id
			WHERE user_id = :staffId
			  AND MONTH(ot_date) = :monthId 
			  AND YEAR(ot_date) = :year
			ORDER BY a.ot_date
			
		]]>
		</query>
		<parameter name="monthId" nullable="false" />
		<parameter name="year" nullable="false" />
		<parameter name="staffId" nullable="false" />
	</sql-service>
	
	<sql-service name="TIMESHEET.SQL_SUBMIT_WORKHOUR" type="named-parameter" showSql="true">
		<description> submit timesheet ( update timesheet status = 2  or 1 )  </description>		
		<query><![CDATA[	
				 UPDATE t_time_entries SET
				  time_status = :status ,
				  update_dt = NOW() ,
				  update_uid = :staffId ,
				  submitted_dt = CASE WHEN :status = 1 THEN null WHEN :status = 2 THEN NOW() END ,
				  submitted_uid = CASE WHEN :status = 1 THEN null WHEN :status = 2 THEN :staffId END,
				  hours = :hours
				 WHERE id = :entry_id 
		]]>
		</query>
		<parameter name="status" nullable="false" />
		<parameter name="staffId" nullable="false" />
		<parameter name="entry_id" nullable="false" />
		<parameter name="hours" nullable="false" />
	</sql-service>
	
	
	<sql-service name="TIMESHEET.SQL_SUBMIT_OVERTIME" type="named-parameter" showSql="true">
		<description> submit overtime ( update overtime status = 2  or 1 )  </description>		
		<query><![CDATA[	
		
				 UPDATE t_allowances SET
				  ot_status = :status ,
				  update_dt = NOW() ,
				  update_uid = :staffId ,
				  submitted_dt = CASE WHEN :status = 1 THEN null WHEN :status = 2 THEN NOW() END ,
				  submitted_uid = CASE WHEN :status = 1 THEN null WHEN :status = 2 THEN :staffId END
				 WHERE id = :entry_id
		]]>
		</query>
		<parameter name="status" nullable="false" />
		<parameter name="staffId" nullable="false" />
		<parameter name="entry_id" nullable="false" />
	</sql-service>

	
	<sql-service name="TIMESHEET.SQL_SEARCH_TIMESHEET_SUMMARY_FOR_PM" type="named-parameter" showSql="true">
		<description>query workhour hour summary  </description>		
		<query><![CDATA[	
				SELECT s.id AS a , t.task_name AS b, k.name AS c , DATE_FORMAT(s.spent_on, '%a') AS d, DATE_FORMAT(s.spent_on, '%e-%b-%Y') AS e , s.hours AS f ,
				      CASE WHEN s.time_status = 1 then 'sts-active' else 'sts-inactive' end as g,
					  CASE WHEN s.time_status = 2 then 'sts-active' else 'sts-inactive' end as h,
					  CASE WHEN s.time_status = 3 then 'sts-active' else 'sts-inactive' end as i,
					  CASE WHEN s.time_status = 4 then 'sts-active' else 'sts-inactive' end as j,
					  s.time_status as k,
				      CASE WHEN s.time_status = 1 then 'draft' 
						 WHEN s.time_status = 2  then 'submitted' 
						 WHEN s.time_status = 3 then 'rejected' 
						 WHEN s.time_status = 4 then 'approved' 
					END AS l ,
					t.project_id as m
				FROM t_time_entries s
				LEFT OUTER JOIN t_identify_key k ON s.project_id = k.id
				LEFT OUTER JOIN t_tasks t ON s.task_id = t.id
				WHERE MONTH(spent_on) = :monthId AND YEAR(spent_on)= :year
				AND user_id = :staffId
				${#projectId?.text}
				ORDER BY s.spent_on
		]]>
		</query>
		<parameter name="monthId" nullable="false" />
		<parameter name="year" nullable="false" />
		<parameter name="staffId" nullable="false" />
		<parameter name="projectId" >and t.project_id = :projectId </parameter>
	</sql-service>
	
	<sql-service name="TIMESHEET.SQL_SEARCH_OVERTIME_SUMMARY_FOR_PM" type="named-parameter" showSql="true">
		<description>query overtime hour summary </description>		
		<query><![CDATA[	
		
			SELECT a.id AS a , t.task_name AS b ,  k.name AS c , DATE_FORMAT(a.ot_date, '%a') AS d, DATE_FORMAT(a.ot_date, '%e-%b-%Y')  AS e , 
					DATE_FORMAT(start_time,'%H:%i') AS f, 
					CASE WHEN end_time = "23:59:00" THEN "24:00" ELSE DATE_FORMAT(end_time,'%H:%i') end AS g,
					CASE WHEN end_time = "23:59:00" 
					THEN  TIME_FORMAT(TIMEDIFF(DATE_ADD(end_time, INTERVAL 1 MINUTE),start_time),'%H:%i') 
					ELSE  TIME_FORMAT(TIMEDIFF(end_time,start_time),'%H:%i') 
					END  AS h,
					CASE WHEN ot_requested = 1 then 'fas fa-check checked-active' else '' end as i ,
					CASE WHEN mobile_service = 1 then 'fas fa-check checked-active' else '' end as j ,
					CASE WHEN car_allowance = 1 then 'fas fa-check checked-active' else '' end as k ,
					CASE WHEN taxi_requested = 1 then 'fas fa-check checked-active' else '' end as l ,
					IFNULL(CONCAT(taxi_fare,' Baht.'),'') AS m ,
					ot_note AS n, 
					CASE WHEN a.ot_status = 1 then 'ot-sts-active' else 'ot-sts-inactive' end as o,
					CASE WHEN a.ot_status = 2 then 'ot-sts-active' else 'ot-sts-inactive' end as p,
					CASE WHEN a.ot_status = 3 then 'ot-sts-active' else 'ot-sts-inactive' end as q,
					CASE WHEN a.ot_status = 4 then 'ot-sts-active' else 'ot-sts-inactive' end as r,
					a.ot_status as s,
					CASE WHEN a.ot_status = 1 then 'draft' 
						 WHEN a.ot_status = 2  then 'submitted' 
						 WHEN a.ot_status = 3 then 'rejected'
						 WHEN a.ot_status = 4 then 'approved' 
					END AS t ,
					round(TIME_TO_SEC(timediff( a.end_time , a.start_time ))/3600,1) AS u ,
					a.project_id AS v
			FROM t_allowances a
			LEFT OUTER JOIN t_identify_key k ON a.project_id = k.id
			LEFT OUTER JOIN t_tasks t ON a.task_id = t.id
			WHERE user_id = :staffId
			  AND MONTH(ot_date) = :monthId 
			  AND YEAR(ot_date) = :year
			  ${#projectId?.text}
			ORDER BY a.ot_date
			
		]]>
		</query>
		<parameter name="monthId" nullable="false" />
		<parameter name="year" nullable="false" />
		<parameter name="staffId" nullable="false" />
		<parameter name="projectId" >and a.project_id = :projectId </parameter>
	</sql-service>
	
	

	
</query-collection>