<?xml version="1.0" encoding="UTF-8"?>
<query-collection>

	<sql-service name="TICKETS.SQL_SEARCH" type="named-parameter"
		showSql="true">
		<description>TICKET.SQL_SEARCH</description>
		<query><![CDATA[

			SELECT
			t_tickets.id,
			t_tickets.project_id,
			t_tickets.subject,
			t_tickets.subject_detail,
			t_tickets.subject_type,
			t_tickets.due_date,
			t_tickets.priority,
			t_tickets.request_by,
			t_tickets.channel,
			t_tickets.assign_uid,
			t_tickets.category1,
			t_tickets.category2,
			t_tickets.category3,
			t_tickets.status,
			t_tickets.inform_dt,
			t_tickets.inform_person,
			
			DATE_FORMAT(t_tickets.create_dt,'%d/%m/%Y %T') create_dt,
			t_tickets.create_uid,
			DATE_FORMAT(t_tickets.update_dt,'%d/%m/%Y %T') update_dt,
			t_tickets.update_uid,
			DATE_FORMAT(t_tickets.closed_dt,'%d/%m/%Y %T') closed_dt,
			t_tickets.closed_uid,
			DATE_FORMAT(t_tickets.cancel_dt,'%d/%m/%Y %T') cancel_dt,
			t_tickets.cancel_uid,
			
			t_tickets.owner_uid,
			
			ts.code_name statusName,
			tt.code_name subjectTypeName,
			
			tp.project_name,
			tp.project_type,
			
			CONCAT(cr.first_name,' ',cr.last_name)  crfirst_name,
			CONCAT(au.first_name,' ',au.last_name)  aufirst_name,
			CONCAT(uu.first_name,' ',uu.last_name) uufirst_name,
			CONCAT(ou.first_name,' ',ou.last_name) oufirst_name,
			
			CONCAT(cl.first_name,' ',cl.last_name) clfirst_name,
			CONCAT(ca.first_name,' ',ca.last_name) cafirst_name
		
			FROM
				t_tickets
				
			INNER JOIN t_codebook_langs ts ON t_tickets.status = ts.code_id
			AND ts.code_type = 'TICKET_STATUS'
			INNER JOIN t_codebook_langs tt ON t_tickets.subject_type = tt.code_id
			AND tt.code_type = 'TICKET_TYPE'
			INNER  JOIN t_projects tp ON t_tickets.project_id = tp.id
			
			INNER JOIN t_users cr ON t_tickets.create_uid = cr.id
			INNER  JOIN t_users ou ON t_tickets.owner_uid = ou.id
			LEFT JOIN t_users au ON t_tickets.assign_uid = au.id
			LEFT  JOIN t_users uu ON t_tickets.update_uid = uu.id
			LEFT JOIN t_users cl ON t_tickets.closed_uid = cl.id
			LEFT JOIN t_users ca ON t_tickets.cancel_uid = ca.id

			WHERE 1=1
				AND ((t_tickets.assign_uid = :uid AND t_tickets.status IN (2,5)) OR t_tickets.owner_uid = :uid)
				
				${#projectId?.text}
				${#id?.text}
				${#requestFromMe?.text}
				${#requestToMe?.text}
			
			ORDER BY t_tickets.create_dt DESC

		]]>
		</query>
		<parameter name="uid" nullable="false"></parameter>	
		<parameter name="projectId">AND t_tickets.project_id = :projectId</parameter>	
		<parameter name="id">AND t_tickets.id = :id</parameter>
		<parameter name="requestFromMe">AND t_tickets.owner_uid = :requestFromMe</parameter>	
		<parameter name="requestToMe">AND t_tickets.assign_uid = :requestToMe AND t_tickets.status IN (2,5)</parameter>	
<!-- 		<parameter name="uid">AND (t_tickets.assign_uid = :uid or t_tickets.owner_uid = :uid)</parameter> -->

	</sql-service>

	<sql-service name="TICKETS.SQL_INSERT" type="named-parameter"
		showSql="true">
		<description>TICKETS.SQL_INSERT</description>
		<query><![CDATA[

				INSERT INTO t_tickets (
				
				project_id,
				subject,
				subject_detail,
				subject_type,
				due_date,
				priority,
				request_by,
				channel,
				assign_uid,
				category1,
				category2,
				category3,
				status,
				inform_dt,
				inform_person,
				create_dt,
				create_uid,
				
				owner_uid
				
				
				
				)
				VALUES(
				
					:project_id,
					:subject,
					:subject_detail,
					:subject_type,
					:due_date,
					:priority,
					:request_by,
					:channel,
					:assign_uid,
					:category1,
					:category2,
					:category3,
					:status,
					:inform_dt,
					:inform_person,
					NOW(),
					:create_uid,
					
					:owner_uid
				
				
				
				)


		]]>
		</query>
					<parameter name="project_id" nullable="false"></parameter>
					<parameter name="subject" nullable="false"></parameter>
					<parameter name="subject_detail" nullable="false"></parameter>
					<parameter name="subject_type" nullable="false"></parameter>
					<parameter name="due_date" nullable="false"></parameter>
					<parameter name="priority" nullable="false"></parameter>
					<parameter name="request_by" nullable="false"></parameter>
					<parameter name="channel" nullable="false"></parameter>
					<parameter name="assign_uid" nullable="false"></parameter>
					<parameter name="category1" nullable="false"></parameter>
					<parameter name="category2" nullable="false"></parameter>
					<parameter name="category3" nullable="false"></parameter>
					<parameter name="status" nullable="false"></parameter>
					<parameter name="inform_dt" nullable="false"></parameter>
					<parameter name="inform_person" nullable="false"></parameter>
<!-- 					<parameter name="create_dt" nullable="false"></parameter> -->
					<parameter name="create_uid" nullable="false"></parameter>
					
					<parameter name="owner_uid" nullable="false"></parameter>

	</sql-service>
		<sql-service name="TICKETS.SQL_UPDATE" type="named-parameter"
		showSql="true">
		<description>TICKETS.SQL_UPDATE</description>
		<query><![CDATA[

					UPDATE t_tickets SET
					
					project_id = :project_id,
					subject = :subject,
					subject_detail = :subject_detail,
					subject_type = :subject_type,
					due_date = :due_date,
					priority = :priority,
					request_by = :request_by,
					channel = :channel,
					assign_uid = :assign_uid,
					category1 = :category1,
					category2 = :category2,
					category3 = :category3,
					status = :status,

					update_dt = NOW(),
					update_uid = :update_uid,
					
					closed_dt = :closed_dt,
					closed_uid = :closed_uid,
					cancel_dt = :cancel_dt,
					cancel_uid = :cancel_uid,
					owner_uid = :owner_uid
					
					WHERE
					id = :id


		]]>
		</query>
					<parameter name="project_id" nullable="false"></parameter>
					<parameter name="subject" nullable="false"></parameter>
					<parameter name="subject_detail" nullable="false"></parameter>
					<parameter name="subject_type" nullable="false"></parameter>
					<parameter name="due_date" nullable="false"></parameter>
					<parameter name="priority" nullable="false"></parameter>
					<parameter name="request_by" nullable="false"></parameter>
					<parameter name="channel" nullable="false"></parameter>
					<parameter name="assign_uid" nullable="false"></parameter>
					<parameter name="category1" nullable="false"></parameter>
					<parameter name="category2" nullable="false"></parameter>
					<parameter name="category3" nullable="false"></parameter>
					<parameter name="status" nullable="false"></parameter>
<!-- 					<parameter name="inform_dt" nullable="false"></parameter> -->
<!-- 					<parameter name="inform_person" nullable="false"></parameter> -->
<!-- 					<parameter name="update_dt" nullable="false"></parameter> -->
					<parameter name="update_uid" nullable="false"></parameter>
					
					<parameter name="closed_dt" nullable="false"></parameter>
					<parameter name="closed_uid" nullable="false"></parameter>
					<parameter name="cancel_dt" nullable="false"></parameter>
					<parameter name="cancel_uid" nullable="false"></parameter>
					
					<parameter name="owner_uid" nullable="false"></parameter>
					
					<parameter name="id" nullable="false"></parameter>

	</sql-service>

</query-collection>