<?xml version="1.0" encoding="UTF-8"?>
<query-collection>
	
	<sql-service name="SQL_SEARCH.STAFF_OVERTIME" type="named-parameter" showSql="true">
		<description>Search Staff Overtime Report</description>
		<query><![CDATA[	
			select DATE_FORMAT(ot.date, '%d-%b-%Y') as spent_on  
			, u.employee_id , concat(u.first_name,' ', ifnull(u.last_name,'')) as employee_name
			, ifnull(u.position,'') as position , ifnull(dv.dept_code,'') as division_id , ifnull(dv.dept_name,'') as division_name
			, ifnull(d.dept_code,'') as dept_code , ifnull(d.dept_name,'') as dept_name , ifnull(s.dept_code, '') as section_code, ifnull(s.dept_name,'') as section_name 
			, p.project_name , ifnull(dl.project_code,'') as project_code , ifnull(tsk.task_name,'') as task_name 
			, ifnull(ot.ot_note, '') as note_comment
			, ifnull( round(TIME_TO_SEC(timediff( ot.end_time , ot.start_time ))/3600,1),0) as ot_hours
			, ot.ot_requested 
			, TIME_FORMAT(ot.start_time,"%H:%i") as start_time 
			, TIME_FORMAT(ot.end_time, "%H:%i") as end_time
			, ot.mobile_service , ot.car_allowance , ifnull(ot.taxi_fee,'') as taxi_fee
			, ifnull(ot_status.code_name,'') as ot_approved_status , ifnull(ot.approval_user_id,'') as approval_user_id
			, concat(ifnull(approver_ot.first_name,''),' ', ifnull(approver_ot.last_name,'')) as approval_user
			
			from v_summary_ot_person ot
			left outer join t_users u on ( ot.user_id = u.id )
			left outer join t_departments dv on (dv.dept_type =1 and u.division_id = dv.id)
			left outer join t_departments d on ( d.dept_type = 2 and u.main_dept_id = d.id ) 
			left outer join t_departments s on ( s.dept_type = 3 and u.section_id = s.id )
			left outer join t_projects p on ( ot.project_id = p.id )
			left outer join t_deals dl on ( p.deal_id = dl.id )
			left outer join t_tasks tsk on ( ot.issue_id = tsk.id )
			left outer join t_identify_key pt on ( ot.project_id = pt.id ) 
			left outer join t_users approver_ot on ( ot.approval_user_id = approver_ot.id )
			left outer join t_codebook_langs ot_status on ( ot_status.code_type = 'OT_STATUS' and ot.status = ot_status.code_id )  
			
			where 1=1
			${#startDate?.text}
			${#endDate?.text}
			${#division?.text}
			${#department?.text}
			${#section?.text}
			${#project?.text}
			${#employeeName?.text}
			
			order by  spent_on, employee_name
			limit 10000
			 
			;
		]]>
		</query>
		<parameter name="startDate" >and ot.date >= :startDate </parameter>
		<parameter name="endDate" >and ot.date &lt;= :endDate </parameter>
		<parameter name="division" >and u.division_id= :division</parameter>
		<parameter name="department" >and u.main_dept_id= :department</parameter>
		<parameter name="section" >and u.section_id = :section</parameter>
		<parameter name="project" >and ot.project_id in (:project)</parameter>
		<parameter name="employeeName" >and ot.user_id in (:employeeName)</parameter>
		
	</sql-service>
	
	
</query-collection>