<?xml version="1.0" encoding="UTF-8"?>
<query-collection>

	<sql-service name="EMAIL_NOTIFY.SQL_FIND_APPROVAL_EMAIL_BY_PROJECT_ID" type="named-parameter" showSql="true">
		<description>FIND EMAIL APPROVAL BY PROJECT ID AND FIXED ROLE ID</description>
		<query><![CDATA[	
		
		SELECT DISTINCT u.email AS a
		FROM t_project_members m LEFT OUTER JOIN t_users u ON m.user_id = u.id 
		WHERE m.role_id in ( 1, 10,11 ) AND m.project_id = :project_id
			
		]]>
		</query>
	
		<parameter name="project_id"/>
	</sql-service>
	
	<sql-service name="EMAIL_NOTIFY.SQL_FIND_APPROVAL_EMAIL_BY_INTERNAL_PROJECT" type="named-parameter" showSql="true">
		<description>FIND EMAIL APPROVAL BY PROJECT ID AND FIXED ROLE ID</description>
		<query><![CDATA[	
		
			SELECT email AS a FROM t_users WHERE id IN ( SELECT report_to_person_id1 FROM t_users WHERE id = :user_id )
			
		]]>
		</query>
	
		<parameter name="user_id"/>
	</sql-service>
	
	
	<sql-service name="EMAIL_NOTIFY.SQL_FIND_SUBMIT_TIMESHEET_WORKHOUR_DATA" type="named-parameter" showSql="true">
		<description>Query workhour submitted data</description>
		<query><![CDATA[
		
		SELECT  p.id AS a,   p.project_name AS b , e.task_id AS c, t.task_name AS d, e.hours  AS e ,
				DATE_FORMAT(e.spent_on, '%a') AS f, DATE_FORMAT(e.spent_on, '%e-%b-%Y')  AS g ,
				concat(u.first_name,' ',u.last_name) as h
		FROM t_time_entries e 
		LEFT OUTER JOIN t_projects p  on e.project_id = p.id
		LEFT OUTER JOIN t_tasks t on e.task_id = t.id
		LEFT OUTER JOIN t_users u on e.user_id = u.id
		WHERE e.user_id = :user_id 
		AND e.project_id = :project_id
		AND MONTH(e.spent_on) = :month_id
		AND YEAR(e.spent_on) = :year
		AND e.time_status = 2
		
		]]>
		</query>
		<parameter name="user_id"/>
		<parameter name="project_id"/>
		<parameter name="month_id"/>
		<parameter name="year"/>
	</sql-service>	
	
	
	<sql-service name="EMAIL_NOTIFY.SQL_FIND_SUBMIT_TIMESHEET_OT_DATA" type="named-parameter" showSql="true">
		<description>Query ot submitted data</description>
		<query><![CDATA[
		
	   SELECT a.id AS a , t.task_name AS b ,  k.name AS c , DATE_FORMAT(a.ot_date, '%a') AS d, DATE_FORMAT(a.ot_date, '%e-%b-%Y')  AS e , 
					DATE_FORMAT(start_time,'%H:%i') AS f, 
					CASE WHEN end_time = "23:59:00" THEN "24:00" ELSE DATE_FORMAT(end_time,'%H:%i') end AS g,
					CASE WHEN end_time = "23:59:00" 
					THEN  TIME_FORMAT(TIMEDIFF(DATE_ADD(end_time, INTERVAL 1 MINUTE),start_time),'%H:%i') 
					ELSE  TIME_FORMAT(TIMEDIFF(end_time,start_time),'%H:%i') 
					END  AS h,
					CASE WHEN ot_requested = 1 then  '#checkbox' else '' end as i ,
					CASE WHEN mobile_service = 1 then '#checkbox' else '' end as j ,
					CASE WHEN car_allowance = 1 then '#checkbox' else '' end as k ,
					CASE WHEN taxi_requested = 1 then '#checkbox' else '' end as l ,
					IFNULL(CONCAT(taxi_fare,' Baht.'),'') AS m ,
					ot_note AS n, 
					a.ot_status as s,
					CASE WHEN a.ot_status = 1 then 'draft' 
						 WHEN a.ot_status = 2  then 'submitted' 
						 WHEN a.ot_status = 3 then 'rejected'
						 WHEN a.ot_status = 4 then 'approved' 
					END AS t ,
					round(TIME_TO_SEC(timediff( a.end_time , a.start_time ))/3600,1) AS u ,
					a.project_id AS v,
					concat(u.first_name,' ',u.last_name) as p
		FROM t_allowances a
		LEFT OUTER JOIN t_identify_key k ON a.project_id = k.id
		LEFT OUTER JOIN t_tasks t ON a.task_id = t.id
		LEFT OUTER JOIN t_users u on a.user_id = u.id
		WHERE a.user_id = :user_id 
		AND a.project_id = :project_id
		AND MONTH(a.ot_date) = :month_id
		AND YEAR(a.ot_date) = :year
		AND a.ot_status = 2
		
		]]>
		</query>
		<parameter name="user_id"/>
		<parameter name="project_id"/>
		<parameter name="month_id"/>
		<parameter name="year"/>
	</sql-service>	
	
	<sql-service name="EMAIL_NOTIFY.QRY_UTILIZE_HOUR_SUMMARY" type="named-parameter" showSql="true">
		<description>FIND EMAIL APPROVAL BY PROJECT ID AND FIXED ROLE ID</description>
		<query><![CDATA[	
		
		SELECT utilize_hour  AS a
		FROM tc_utilize_hours 
		WHERE utilize_month_id = :month_id
		AND utilize_year = :year
			
		]]>
		</query>
		<parameter name="month_id"/>
		<parameter name="year"/>
	</sql-service>	
	
	<sql-service name="EMAIL_NOTIFY.SQL_QRY_TIMESHEET_REJECT_DATA" type="named-parameter" showSql="true">
		<description>FIND EMAIL APPROVAL BY PROJECT ID AND FIXED ROLE ID</description>
		<query><![CDATA[	
		
		SELECT u.email AS a , e.user_id  AS b , CONCAT(u.first_name,' ',u.last_name) as c  , p.project_name AS d , t.task_name AS e , 'Rejected' AS f , e.hours AS g  , 
			   DATE_FORMAT(e.spent_on, '%e-%b-%Y') AS h ,
			( select CONCAT(first_name,' ',last_name) from t_users where id = e.update_uid) as i
		FROM t_time_entries e
		LEFT OUTER JOIN t_users u on e.user_id = u.id 
		LEFT OUTER JOIN t_tasks t on t.id = e.task_id
		LEFT OUTER JOIN t_projects p ON e.project_id = p.id
		WHERE e.time_status = 3
		AND MONTH(e.spent_on) = :month_id
		AND YEAR(e.spent_on) = :year
		AND e.user_id = :user_id
		AND e.project_id = :project_id
		GROUP BY CONCAT(u.first_name,' ',u.last_name)  , u.email , e.project_id , e.user_id , e.task_id , 'Rejected' , e.hours , e.spent_on ,e.update_uid
			
		]]>
		</query>
		<parameter name="month_id"/>
		<parameter name="year"/>
		<parameter name="user_id"/>
		<parameter name="project_id"/>
	</sql-service>	
	

	
</query-collection>