<?xml version="1.0" encoding="UTF-8"?>
<query-collection>
	<sql-service name="DEALS_PRODUCT.SQL_SEARCH" type="named-parameter"
		showSql="true">
		<description>DEALS_PRODUCT.SQL_SEARCH</description>
		<query><![CDATA[	
			SELECT
				 deal_id,
				 GROUP_CONCAT(product_id)
			FROM t_deals_product
			WHERE 1=1
				${#deal_id?.text}
			GROUP BY deal_id
		]]>
		</query>

		<parameter name="deal_id"> AND deal_id = :deal_id </parameter>
	</sql-service>

	<sql-service name="DEALS_PRODUCT.SQL_INSERT" type="named-parameter"
		showSql="true">
		<description>DEALS_PRODUCT.SQL_INSERT</description>
		<query><![CDATA[	
			INSERT INTO t_deals_product (
				deal_id,
				product_id
			) VALUES (
			  	:deal_id,
			  	:product_id
			)
		]]>
		</query>
		<parameter name="deal_id" nullable="false"></parameter>
		<parameter name="product_id" nullable="false"></parameter>
	</sql-service>

	<sql-service name="DEALS_PRODUCT.SQL_DELETE" type="named-parameter"
		showSql="true">
		<description>DEALS_PRODUCT.SQL_DELETE</description>
		<query><![CDATA[
				DELETE FROM t_deals_product
				WHERE product_id = :product_id
					AND deal_id = :deal_id
		]]>
		</query>
		<parameter name="product_id" nullable="false"></parameter>
		<parameter name="deal_id" nullable="false"></parameter>
	</sql-service>

</query-collection>