<?xml version="1.0" encoding="UTF-8"?>
<query-collection>
	
	<sql-service name="TASK.SQL_SEARCH_BY_PROJECT" type="named-parameter" showSql="true">
		<description>SQL_SEARCH_BY_PROJECT </description>
		<query><![CDATA[
			SELECT distinct
				 t.id as a,
				 t.task_name as b,
				 t.task_assign_role_id as c,
				 a.task_id as d,
				 DATE_FORMAT(t.start_dt,'%d/%m/%Y') as e,
				 DATE_FORMAT(t.end_dt,'%d/%m/%Y') as f,
				 t.status as g,
				 t.project_id as h,
				 t.seq as i,
				 t.parent_id as j
            FROM  t_tasks t LEFT OUTER JOIN t_task_assignees a ON a.task_id = t.id
            WHERE 1=1
                ${#projectId?.text}
            ORDER BY seq
                
		]]>
		</query>
		<parameter name="projectId">AND t.project_id = :projectId</parameter>
	</sql-service>

	<sql-service name="TASK.SQL_INSERT_TASK" type="named-parameter" showSql="true">
		<description>SQL_INSERT_TASK </description>
		<query><![CDATA[
			INSERT INTO t_tasks ( seq , task_name , project_id , start_dt , end_dt , status , parent_id, create_dt , create_uid )
			VALUES ( :seq, :task_name, :project_id, STR_TO_DATE(:start_dt, '%d/%m/%Y'), STR_TO_DATE(:end_dt, '%d/%m/%Y'), 1, :parent_id, NOW(), :create_user_id)
		]]>
		</query>

		<parameter name="seq" nullable="true" />
		<parameter name="task_name" nullable="true" />
		<parameter name="project_id" nullable="true" />
		<parameter name="start_dt" nullable="false" />
		<parameter name="end_dt" nullable="false" />
		<parameter name="parent_id" nullable="false" />
		<parameter name="create_user_id" nullable="true" />
	</sql-service>

    <sql-service name="TASK.SQL_UPDATE_TASK" type="named-parameter" showSql="true">
        <description>SQL_UPDATE_TASK </description>
        <query><![CDATA[
			UPDATE t_tasks SET
                task_name = :task_name,
                start_dt =  STR_TO_DATE(:start_dt, '%d/%m/%Y'),
                end_dt =  STR_TO_DATE(:end_dt, '%d/%m/%Y'),
                status = 1,
                update_dt = NOW() ,
                update_uid = :create_user_id
                WHERE id = :task_id
		]]>
        </query>
        <parameter name="task_name" nullable="true" />
		<parameter name="start_dt" nullable="false" />
		<parameter name="end_dt" nullable="false" />
		<parameter name="create_user_id" nullable="true" />
		<parameter name="task_id" nullable="true" />

    </sql-service>

    <sql-service name="TASK.SQL_DELETE_TASK" type="named-parameter" showSql="true">
        <description>SQL_DELETE_TASK </description>
        <query><![CDATA[
			UPDATE t_tasks SET
                status = 0,
                update_dt = NOW() ,
                update_uid = :create_user_id
                WHERE id = :task_id
		]]>
        </query>
        <parameter name="task_id" nullable="true" />
    </sql-service>
    
   <sql-service name="TASK_ASSIGNEE.SQL_INSERT_TASK_ASSIGNEE" type="named-parameter" showSql="true">
		<description>SQL_INSERT_TASK_ASSIGNEE </description>
		<query><![CDATA[
			INSERT INTO t_task_assignees
				(
				project_id,
				task_id,
				user_id,
				status,
				start_dt,
				end_dt,
				create_user_id,
				create_dt ) VALUES
			(:project_id, :task_id, :task_assignee_id, :status, STR_TO_DATE(:start_dt, '%d/%m/%Y'), STR_TO_DATE(:end_dt, '%d/%m/%Y'), :create_user_id, NOW())
		]]>
		</query>
		<parameter name="project_id" nullable="true" />
		<parameter name="task_id" nullable="true" />
		<parameter name="task_assignee_id" nullable="true" />
		<parameter name="status" nullable="true" />
		<parameter name="start_dt" nullable="true" />
		<parameter name="end_dt" nullable="true" />
		<parameter name="create_user_id" nullable="true" />
	</sql-service>


	<sql-service name="TASK_ASSIGNEE.SQL_INSERT_TASK_ASSIGNEE_MEMBER" type="named-parameter" showSql="true">
		<description>SQL_INSERT_TASK_ASSIGNEE_MEMBER </description>
		<query><![CDATA[
			INSERT INTO t_task_assignees
				(
				  project_id,
				  task_id,
				  user_id,
				  status,
				  start_dt,
				  end_dt,
				  create_user_id,
				  create_dt )

				SELECT
				  t.project_id,
				  t.id,
				  :user_id,
				  1 as status,
				  COALESCE(p.plan_start_date,NOW()),
				  COALESCE(p.plan_end_date,NOW()),
				  :create_uid,
				  NOW()
				FROM t_tasks t
				JOIN t_projects p on t.project_id = p.id
				WHERE t.project_id = :project_id
				AND t.task_assign_role_id = :role_id
				AND NOT EXISTS( SELECT * FROM t_task_assignees WHERE user_id=:user_id AND project_id =:project_id AND task_id = t.id)
		]]>
		</query>
		<parameter name="user_id" nullable="true" />
		<parameter name="project_id" nullable="true" />
		<parameter name="role_id" nullable="true" />
		<parameter name="create_uid" nullable="true" />
	</sql-service>
	<sql-service name="TASK_ASSIGNEE.SQL_DELETE_TASK_ASSIGNEE" type="named-parameter" showSql="true">
		<description>SQL_DELETE_TASK_ASSIGNEE </description>
		<query><![CDATA[
			DELETE FROM t_task_assignees WHERE task_id = :task_id
		]]>
		</query>
		<parameter name="task_id" nullable="true" />
	</sql-service>

	<sql-service name="TASK_ASSIGNEE.SQL_DELETE_TASK_ASSIGNEE_MEMBER" type="named-parameter" showSql="true">
		<description>SQL_DELETE_TASK_ASSIGNEE </description>
		<query><![CDATA[
			DELETE FROM t_task_assignees WHERE user_id = :user_id
                                   and project_id= :project_id

		]]>
		</query>
		<parameter name="user_id" />
		<parameter name="project_id" />
	</sql-service>

	<sql-service name="TASK_ASSIGNEE.SQL_REMOVE_TASK_ASSIGNEE_MEMBER_ROLE" type="named-parameter" showSql="true">
		<description>SQL_REMOVE_TASK_ASSIGNEE_MEMBER_ROLE</description>
		<query><![CDATA[
			DELETE FROM t_task_assignees WHERE user_id = :user_id
                                   and project_id= :project_id
                                   ${#role_id?.text}
		]]>
		</query>
		<parameter name="user_id" />
		<parameter name="project_id" />
		<parameter name="role_id" >
			and task_id IN
			(SELECT id FROM t_tasks where project_id=:project_id  and task_assign_role_id = :role_id ) </parameter>
	</sql-service>
	
	<sql-service name="TASK.SQL_SUM_TIME_ENTRIES_BY_TASK_PARENT" type="named-parameter" showSql="true">
		<description>SQL_COUNT_TIME_ENTRIES_BY_TASK_PARENT</description>
		<query><![CDATA[
		 
			SELECT SUM(hours) FROM t_time_entries WHERE project_id = :projectId AND task_id  IN (SELECT id FROM  t_tasks WHERE id = :taskId OR parent_id = :taskId)
				
		]]>
		</query>
		<parameter name="projectId" nullable="false" />
		<parameter name="taskId" nullable="false" />
		<parameter name="taskId" nullable="false" />
	</sql-service>
	
	<sql-service name="TASK.SQL_SUM_TIME_ENTRIES_BY_TASK_CHILD" type="named-parameter" showSql="true">
		<description>SQL_COUNT_TIME_ENTRIES_BY_TASK_CHILD</description>
		<query><![CDATA[
		 
			SELECT SUM(hours) FROM t_time_entries WHERE project_id = :projectId AND task_id = :taskId
				
		]]>
		</query>
		<parameter name="projectId" nullable="false" />
		<parameter name="taskId" nullable="false" />
	</sql-service>
	
	<sql-service name="TASK.SQL_DELETE_TASK_BY_PARENT" type="named-parameter" showSql="true">
		<description>SQL_DELETE_TASK_BY_PARENT</description>
		<query><![CDATA[
		 
			DELETE FROM t_tasks WHERE id = :taskId OR parent_id = :taskId
				
		]]>
		</query>
		<parameter name="taskId" nullable="false" />
		<parameter name="taskId" nullable="false" />
	</sql-service>
	
	<sql-service name="TASK.SQL_DELETE_TASK_BY_CHILD" type="named-parameter" showSql="true">
		<description>SQL_DELETE_TASK_BY_CHILD</description>
		<query><![CDATA[
		 
			DELETE FROM t_tasks WHERE id = :taskId
				
		]]>
		</query>
		<parameter name="taskId" nullable="false" />
	</sql-service>
	
	<sql-service name="TASK.SQL_DELETE_TASK_ASSIGNED_BY_TASK_PARENT" type="named-parameter" showSql="true">
		<description>SQL_DELETE_TASK_ASSIGNED_BY_TASK_PARENT</description>
		<query><![CDATA[
		 
			DELETE FROM t_task_assignees WHERE task_id IN ( SELECT id FROM  t_tasks WHERE id = :taskId OR parent_id = :taskId)
				
		]]>
		</query>
		<parameter name="taskId" nullable="false" />
		<parameter name="taskId" nullable="false" />
	</sql-service>
	
	<sql-service name="TASK.SQL_DELETE_TASK_ASSIGNED_BY_TASK_CHILD" type="named-parameter" showSql="true">
		<description>SQL_DELETE_TASK_ASSIGNED_BY_TASK_CHILD</description>
		<query><![CDATA[
		 
			DELETE FROM t_task_assignees WHERE task_id = :taskId
				
		]]>
		</query>
		<parameter name="taskId" nullable="false" />
	</sql-service>

	<!-- arnonw -->
	<sql-service name="TASK_ASSIGNEE.SQL_SEARCH_PROJECT_MEMBER" type="named-parameter" showSql="true">
		<description>Query all member in this project</description>
		<query><![CDATA[
				SELECT DISTINCT u.id AS a , CONCAT(u.first_name,' ',u.last_name)  AS b , u.nick_name AS c
				FROM t_project_members m LEFT OUTER JOIN t_users u on u.id = m.user_id 
				WHERE m.project_id  = :projectId
				ORDER BY CONCAT(u.first_name,' ',u.last_name)
		]]>
		</query>
		<parameter name="projectId" nullable="false" />
	</sql-service>
	
	<sql-service name="TASK_ASSIGNEE.SQL_SEARCH_MEMBER_TASK_ASSIGNED" type="named-parameter" showSql="true">
		<description>Query member were assigned to this project task</description>
		<query><![CDATA[
		 
				SELECT DISTINCT  a.id AS e , u.id AS a , CONCAT(u.first_name,' ',u.last_name) AS b , 
					   DATE_FORMAT(a.start_dt,'%d/%m/%Y') AS c , DATE_FORMAT(a.end_dt,'%d/%m/%Y') AS d
				FROM t_task_assignees a LEFT OUTER JOIN t_users u on u.id = a.user_id 
				WHERE a.task_id = :taskId 
				AND  a.project_id = :projectId 
				ORDER BY  CONCAT(u.first_name,' ',u.last_name)
				
		]]>
		</query>
		<parameter name="projectId" nullable="false" />
		<parameter name="taskId" nullable="false" />
	</sql-service>

  
	<sql-service name="TASK_ASSIGNEE.SQL_SEARCH_MEMBER_TASK_NOT_ASSIGNED" type="named-parameter" showSql="true">
		<description>Query all member in project where task not assign</description>
		<query><![CDATA[
		 
		 	SELECT DISTINCT u.id AS a, CONCAT(u.first_name,' ',u.last_name) AS b 
		 	FROM t_project_members m LEFT OUTER JOIN t_users u ON m.user_id = u.id 
			WHERE m.project_id = :projectId 
			AND u.id NOT IN
					( SELECT DISTINCT  a.user_id 
						FROM t_task_assignees a 
						WHERE a.task_id = :taskId 
						AND  a.project_id = :projectId   )
  
		]]>
		</query>
		<parameter name="projectId" nullable="false" />
		<parameter name="taskId" nullable="false" />
	</sql-service>
 

	<sql-service name="TASK_ASSIGNEE.SQL_INSERT_TASK_ASSIGNED" type="named-parameter" showSql="true">
		<description>Insert task assignee</description>
		<query><![CDATA[
		 
				INSERT INTO t_task_assignees (
				  project_id,
				  task_id,
				  user_id,
				  status,
				  start_dt,
				  end_dt,
				  create_user_id,
				  create_dt 
				 )VALUES (
				  :projectId,
				  :taskId,
				  :userId,
				  :status,
				  STR_TO_DATE(:startDt, '%d/%m/%Y'),
				  STR_TO_DATE(:endDt, '%d/%m/%Y'),
				  :createUid,
				   NOW()
				 )
		
				
		]]>
		</query>
		<parameter name="projectId" nullable="false" />
		<parameter name="taskId" nullable="false" />
		<parameter name="userId" nullable="false" />
		<parameter name="status" nullable="false" />
		<parameter name="startDt" nullable="false" />
		<parameter name="endDt" nullable="false" />
		<parameter name="createUid" nullable="false" />
		
	</sql-service>
	
	<sql-service name="TASK_ASSIGNEE.SQL_DELETE_TASK_ASSIGNED" type="named-parameter" showSql="true">
		<description>Delete task assignee</description>
		<query><![CDATA[
		 
			DELETE FROM t_task_assignees WHERE id = :taskAssigneeId
				
		]]>
		</query>
		<parameter name="taskAssigneeId" nullable="false" />
	</sql-service>
	
	<sql-service name="TASK_ASSIGNEE.SQL_UPDATE_TASK_ASSIGNED" type="named-parameter" showSql="true">
        <description>SQL_UPDATE_TASK_ASSIGNED </description>
        <query><![CDATA[
			UPDATE t_task_assignees SET
                start_dt =  STR_TO_DATE(:startDt, '%d/%m/%Y'),
                end_dt =  STR_TO_DATE(:endDt, '%d/%m/%Y')
                WHERE id = :taskAssigneeId
		]]>
        </query>
		<parameter name="startDt" nullable="false" />
		<parameter name="endDt" nullable="false" />
		<parameter name="taskAssigneeId" nullable="false" />

    </sql-service>
	

	


</query-collection>