<?xml version="1.0" encoding="UTF-8"?>
<query-collection>
	<sql-service name="DOCUMENT_TYPE.SQL_SEARCH" type="named-parameter"
		showSql="true">
		<description>DOCUMENT_TYPE.SQL_SEARCH</description>
		<query><![CDATA[	
			SELECT id
			  ,name
			  ,description
			  ,active
			  ,'require'
			  ,project_checklist
			FROM t_document_type_settings
			WHERE 1=1
				${#id?.text}
				${#active?.text}
			ORDER BY 2
		]]>
		</query>
		<parameter name="id" > AND id = :id</parameter>
		<parameter name="active" > AND active = :active</parameter>
	</sql-service>

	<sql-service name="DOCUMENT_TYPE.SQL_INSERT" type="named-parameter"
		showSql="true">
		<description>DOCUMENT_TYPE.SQL_INSERT</description>
		<query><![CDATA[
			INSERT INTO t_document_type_settings (
			 name,
			 description,
			 active,
			 require,
			 project_checklist
			) VALUES (
			 :name,
			 :description,
			 :active,
			 :require,
			 :project_checklist
			)
		]]>
		</query>
		<parameter name="name" nullable="true" />
		<parameter name="description" nullable="true" />
		<parameter name="active" nullable="true" />
		<parameter name="require" nullable="true" />
		<parameter name="project_checklist" nullable="true" />
	</sql-service>

	<sql-service name="DOCUMENT_TYPE.SQL_UPDATE" type="named-parameter"
		showSql="true">
		<description>DOCUMENT_TYPE.SQL_UPDATE</description>
		<query><![CDATA[	
			UPDATE t_document_type_settings
			SET name =:name,
			 description =:description,
			 active =:active,
			 require =:require,
			 project_checklist =:project_checklist
			WHERE id= :id;
		]]>
		</query>
		<parameter name="id" nullable="false" />
		<parameter name="name" nullable="true" />
		<parameter name="description" nullable="true" />
		<parameter name="active" nullable="true" />
		<parameter name="require" nullable="true" />
		<parameter name="project_checklist" nullable="true" />
	</sql-service>

	<sql-service name="DOCUMENT_TYPE.SQL_DELETE" type="named-parameter"
		showSql="true">
		<description>DOCUMENT_TYPE.SQL_DELETE</description>
		<query><![CDATA[
			DELETE FROM t_document_type_settings
			WHERE id = :id
		]]>
		</query>
		<parameter name="id" nullable="false"></parameter>
	</sql-service>

</query-collection>