<?xml version="1.0" encoding="UTF-8"?>
<query-collection>
 
	<sql-service name="LEAVE_FORM.SQL_SEARCH_LEAVE_REQ" type="named-parameter" showSql="true">
		<description>search leave request show in table </description>		
		<query><![CDATA[
				SELECT l.id AS a , c2.code_name as b , LOWER(c1.code_name) AS c ,
					 DATE_FORMAT(l.start_dt, '%a %e %b %Y') AS d  ,  DATE_FORMAT(l.start_dt, '%H:%i') AS e ,
					 DATE_FORMAT(l.end_dt, '%a %e %b %Y') AS f  ,  DATE_FORMAT(l.end_dt, '%H:%i') AS g ,
					 l.leave_hour AS h , CONCAT(cre.first_name,' ',cre.last_name) AS i , d.dept_name AS j, IFNULL(cre.img_path,'assets/img/default-user.png') AS k,
			  		 CASE WHEN current_status = 1 THEN CONCAT(cre.first_name,' ',cre.last_name)
						  WHEN current_status = 2 THEN CONCAT(req.first_name,' ',req.last_name)
						  WHEN current_status = 3 THEN CONCAT(apr.first_name,' ',apr.last_name)
						  WHEN current_status = 4 THEN CONCAT(rej.first_name,' ',rej.last_name)
						  WHEN current_status = 0 THEN CONCAT(cel.first_name,' ',cel.last_name)
					 END AS l,
					  CASE WHEN current_status = 1 THEN DATE_FORMAT(l.update_date,'%a %e %b %Y %H:%i')
						  WHEN current_status = 2 THEN DATE_FORMAT(l.request_dt,'%a %e %b %Y %H:%i')
						  WHEN current_status = 3 THEN DATE_FORMAT(l.approve_dt,'%a %e %b %Y %H:%i')
						  WHEN current_status = 4 THEN DATE_FORMAT(l.reject_dt,'%a %e %b %Y %H:%i')
						  WHEN current_status = 0 THEN DATE_FORMAT(l.cancel_dt,'%a %e %b %Y %H:%i')
					 END AS m
				FROM t_leave l
				LEFT OUTER JOIN t_users cre ON cre.id = l.create_user_id
				LEFT OUTER JOIN t_users req ON req.id = l.request_user_id 
				LEFT OUTER JOIN t_users apr ON apr.id = l.approve_user_id
				LEFT OUTER JOIN t_users rej ON rej.id = l.reject_user_id
				LEFT OUTER JOIN t_users cel ON cel.id = l.cancel_user_id
				LEFT OUTER JOIN t_codebook_langs c1 ON c1.code_type = 'LEAVE_STATUS' AND c1.code_id = l.current_status
				LEFT OUTER JOIN t_codebook_langs c2 ON c2.code_type = 'LEAVE_TYPE' AND c2.code_id = l.leave_type_id
				LEFT OUTER JOIN t_departments d ON cre.main_dept_id = d.id
				WHERE 1=1
				${#year?.text}
				${#request_from_me?.text}
				${#request_to_me?.text}
				${#leaveStatus?.text}
				${#leaveType?.text}
				ORDER BY create_date DESC
		]]>
		</query>
		<parameter name="year" nullable="false" > AND YEAR(start_dt) = :year AND YEAR(end_dt) = :year  </parameter>
		<parameter name="request_from_me" required="false"> AND l.request_user_id = :request_from_me</parameter>
		<parameter name="request_to_me" required="false"> AND req.report_to_person_id1 = :request_to_me  AND l.current_status != 1 </parameter>
		<parameter name="leaveStatus" required="false"> AND l.current_status = :leaveStatus </parameter>
		<parameter name="leaveType" required="false"> AND l.leave_type_id = :leaveType </parameter>

		<!--  
		<parameter name="request_to_me" required="false"> AND l.create_user_id IN ( SELECT id FROM t_users WHERE report_to_person_id1 = :request_to_me ) AND l.current_status != 1 </parameter>
			
		<parameter name="userId" nullable="false" > AND l.create_user_id = :userId </parameter> 
		<parameter name="requester" nullable="true">AND l.request_user_id = :requester </parameter>
		 -->
	</sql-service>
	
	<sql-service name="LEAVE_FORM.SQL_SEARCH_LEAVE_FORM" type="named-parameter" showSql="true">
		<description>search leave form detail</description>		
		<query><![CDATA[ 	
				SELECT  l.id AS a , l.current_status AS b,
						DATE_FORMAT(l.start_dt , "%d/%m/%Y") AS c, DATE_FORMAT(l.start_dt , "%H")  AS d ,  DATE_FORMAT(l.start_dt , "%i")  AS e ,
						DATE_FORMAT(l.end_dt , "%d/%m/%Y") AS f , DATE_FORMAT(l.end_dt , "%H") AS g,  DATE_FORMAT(l.end_dt , "%i") AS h ,
				 		l.leave_hour AS i , l.leave_type_id AS j , IFNULL(l.justification,'') AS k,
				 		IFNULL(CONCAT(u.first_name,' ',u.last_name),'') AS l , IFNULL(d.dept_name,'') AS m , DATE_FORMAT(l.create_date,"%a %e %M %Y %H:%i") AS n,
				 		IFNULL(CONCAT(r.first_name,' ',r.last_name),'') AS o , l.create_user_id AS p , r.email as q  , u.email as r , IFNULL(project_support,'') as s ,
				 		c.code_name AS t , IFNULL(u.img_path,'assets/img/default-user.png') AS u , DATEDIFF(end_dt,NOW()) AS v
				FROM t_leave l
				LEFT OUTER JOIN t_users u ON u.id = l.request_user_id 
				LEFT OUTER JOIN t_departments d ON u.main_dept_id = d.id
				LEFT OUTER JOIN t_users r ON r.id = u.report_to_person_id1
				LEFT OUTER JOIN t_codebook_langs c ON c.code_id = l.leave_type_id AND c.code_type = 'LEAVE_TYPE' AND c.use_YN = 'Y'
				WHERE l.id  = :leave_id
		]]> 
		</query>
		<parameter name="leave_id" nullable="true" />
	</sql-service>
	
	
	<sql-service name="LEAVE_FORM.SQL_INSERT_LEAVE_FORM" type="named-parameter" showSql="true">
		<description> insert leave form </description>		
		<query><![CDATA[	
		
				INSERT INTO t_leave ( user_id , start_dt , end_dt , leave_type_id , justification , leave_hour , project_support ,
									  current_status , request_dt , request_user_id , create_date , create_user_id , update_date , update_user_id ) 
				VALUES (
				 :user_id ,
				 :start_dt ,
				 :end_dt,
				 :leave_type_id,
				 :justification,
				 :leave_hour,
				 :project_support,
				 :leave_status,
				 NOW(),
				 :user_id,
				 NOW(),
				 :create_user_id,
				 NOW(),
				 :create_user_id
				)
		
		]]>
		</query>
		<parameter name="user_id" nullable="true" />
		<parameter name="start_dt" nullable="true" />
		<parameter name="end_dt" nullable="true" />
		<parameter name="leave_type_id" nullable="true" />
		<parameter name="justification" nullable="true" />
		<parameter name="project_support" nullable="false" />
		<parameter name="leave_hour" nullable="true" />
		<parameter name="leave_status" nullable="true" />
		<parameter name="create_user_id" nullable="true" />
	</sql-service>
	
	<sql-service name="LEAVE_FORM.SQL_SEARCH_APPROVAL" type="named-parameter" showSql="true">
		<description> search approval user </description>		
		<query><![CDATA[
		
				SELECT DISTINCT u.id AS b , IFNULL(CONCAT(r.first_name,' ',r.last_name),'') AS a , IFNULL(u.allow_leave_on_probation,'0') AS c ,
				 IFNULL(u.probation_YN,'N') AS d , u.employee_type AS e
				FROM t_users u 
				LEFT JOIN t_users r ON u.report_to_person_id1 = r.id
				WHERE u.id = :user_id;
		
		]]>
		</query>
		<parameter name="user_id" nullable="false" />
	</sql-service>
	
		
	<sql-service name="LEAVE_FORM.SQL_ALLOW_LEAVE_ON_PROBATION" type="named-parameter" showSql="true">
		<description> search approval user </description>		
		<query><![CDATA[
				SELECT allow_leave_on_probation  AS a
				FROM t_users WHERE id =:user_id 
		]]>
		</query>
		<parameter name="user_id" nullable="false" />
	</sql-service>
	
	
	<sql-service name="LEAVE_FORM.SQL_UPDATE_LEAVE_APPROVE" type="named-parameter" showSql="true">
		<description> approve leave </description>		
		<query><![CDATA[
				UPDATE  t_leave SET 
					current_status = :leave_status ,
					approve_dt = NOW(),
					approve_user_id = :approve_user_id,
					update_date = NOW(),
					update_user_id = :update_user_id
				WHERE id = :leave_id
		]]>
		</query>
		<parameter name="leave_status" nullable="false" />
		<parameter name="approve_user_id" nullable="false" />
		<parameter name="update_user_id" nullable="false" />
		<parameter name="leave_id" nullable="false" />
	</sql-service>
	
	
	
	<sql-service name="LEAVE_FORM.SQL_UPDATE_LEAVE_REJECT" type="named-parameter" showSql="true">
		<description> reject leave</description>		
		<query><![CDATA[
				UPDATE  t_leave SET 
					current_status = :leave_status,
					reject_dt = NOW(),
					reject_user_id = :reject_user_id,
					update_date = NOW(),
					update_user_id = :update_user_id
				WHERE id = :leave_id
		]]>
		</query>
		<parameter name="leave_status" nullable="false" />
		<parameter name="reject_user_id" nullable="false" />
		<parameter name="update_user_id" nullable="false" />
		<parameter name="leave_id" nullable="false" />
	</sql-service>
	
	<sql-service name="LEAVE_FORM.SQL_UPDATE_LEAVE_CANCEL" type="named-parameter" showSql="true">
		<description> cancel leave </description>		
		<query><![CDATA[
				UPDATE  t_leave SET 
					current_status = :leave_status,
					cancel_dt = NOW(),
					cancel_user_id = :cancel_user_id,
					update_date = NOW(),
					update_user_id = :update_user_id
				WHERE id = :leave_id
		]]>
		</query>
		<parameter name="leave_status" nullable="false" />
		<parameter name="cancel_user_id" nullable="false" />
		<parameter name="update_user_id" nullable="false" />
		<parameter name="leave_id" nullable="false" />
	</sql-service>
	
	
	<sql-service name="LEAVE_FORM.SQL_UPDATE_LEAVE_FORM" type="named-parameter" showSql="true">
		<description> update leave form </description>		
		<query><![CDATA[
				UPDATE  t_leave SET
				start_dt = :start_dt ,
				end_dt = :end_dt ,
				leave_type_id = :leave_type_id ,
				justification = :justification ,
				project_support = :project_support,
				current_status = :leave_status,
				leave_hour = :leave_hour,
				update_date = NOW(),
				update_user_id = :update_user_id
				WHERE id = :leave_id
		]]>
		</query>
		<parameter name="leave_id" nullable="true" />
		<parameter name="start_dt" nullable="true" />
		<parameter name="end_dt" nullable="true" />
		<parameter name="leave_type_id" nullable="true" />
		<parameter name="justification" nullable="true" />
		<parameter name="project_support" nullable="true" />
		<parameter name="leave_hour" nullable="true" />
		<parameter name="leave_status" nullable="true" />
		<parameter name="update_user_id" nullable="true" />
	</sql-service>
	
	<sql-service name="LEAVE_FORM.SQL_REMOVE_LEAVE_FORM" type="named-parameter" showSql="true">
		<description> delete leave form </description>		
		<query><![CDATA[	
				 DELETE FROM t_leave 
				 WHERE id = :leave_id
		]]>
		</query>
		<parameter name="leave_id" nullable="true" />
	</sql-service>
	
	<sql-service name="LEAVE_FORM.SQL_RECHECK_USER_ALLOW_LEVE_ON_PROBATION" type="named-parameter" showSql="true">
		<description> delete leave form </description>		
		<query><![CDATA[ 
				  UPDATE  t_users SET
			        allow_leave_on_probation = null 
			      WHERE id =  ( SELECT request_user_id FROM t_leave WHERE id = :leave_id )
		]]>
		</query>
		<parameter name="leave_id" nullable="true" />
	</sql-service>

	
</query-collection>