<query-collection>
	<sql-service name="SETTING_CHARGE_RATE.SQL_SEARCH" type="named-parameter" showSql="true">
		<description>SETTING_CHARGE_RATE.SQL_SEARCH</description>		
		<query><![CDATA[
				SELECT charge_code
					, job_group
					, job_rank
					, final_cost
					, total_cost
					, direct_cost
					, sga 
					, annual_year
				FROM t_charge_rate
				WHERE 1=1
				${#annualYear?.text}
		]]>
		</query>
		<parameter name="annualYear" nullable="false" >AND annual_year = :annualYear</parameter>
	</sql-service>
	
	<sql-service name="SETTING_CHARGE_RATE.SQL_INSERT" type="named-parameter" showSql="true">
		<description>SETTING_CHARGE_RATE.SQL_INSERT</description>		
		<query><![CDATA[
				INSERT INTO t_charge_rate (
					charge_code, 
					job_group, 
					job_rank, 
					final_cost, 
					total_cost, 
					direct_cost, 
					sga, 
					annual_year
				) VALUES (
					:chargeCode,
					:jobGroup,
					:jobRank,
					:finalCost,
					:totalCost,
					:directCost,
					:sga,
					:annualYear
				) 

		]]>
		</query>
		<parameter name="chargeCode" nullable="false" />
		<parameter name="jobGroup" nullable="false" />
		<parameter name="jobRank" nullable="false" />
		<parameter name="finalCost" nullable="false" />
		<parameter name="totalCost" nullable="false" />
		<parameter name="directCost" nullable="false" />
		<parameter name="sga" nullable="false" />
		<parameter name="annualYear" nullable="false" />
	</sql-service>
	
	<sql-service name="SETTING_CHARGE_RATE.SQL_DELETE" type="named-parameter" showSql="true">
		<description>SETTING_CHARGE_RATE.SQL_DELETE</description>		
		<query><![CDATA[
				DELETE FROM t_charge_rate 
				WHERE ANNUAL_YEAR = :annualYear
				
		]]>
		</query>
		<parameter name="annualYear" nullable="false" />
		
	</sql-service>
	
</query-collection>