<?xml version="1.0" encoding="UTF-8"?>
<query-collection>
	<sql-service name="DEAL_PRODUCT.SQL_SEARCH" type="named-parameter"
		showSql="true">
		<description>DEAL_PRODUCT.SQL_SEARCH</description>
		<query><![CDATA[	
			SELECT deal_id, product_id
			FROM t_deals_product
			WHERE 1=1
				${#deal_id?.text}
		]]>
		</query>

		<parameter name="deal_id"> AND deal_id = :deal_id </parameter>
	</sql-service>

	<sql-service name="DEAL_PRODUCT.SQL_INSERT" type="named-parameter"
		showSql="true">
		<description>DEAL_PRODUCT.SQL_INSERT</description>
		<query><![CDATA[	
			INSERT INTO t_deals_product (
				deal_id,
				product_id
			) VALUES (
				:deal_id,
				:product_id
			)
		]]>
		</query>
		<parameter name="deal_id" nullable="false"></parameter>
		<parameter name="product_id" nullable="false"></parameter>
	</sql-service>

	<sql-service name="DEAL_PRODUCT.SQL_UPDATE" type="named-parameter"
		showSql="true">
		<description>DEAL_PRODUCT.SQL_UPDATE</description>
		<query><![CDATA[	
			UPDATE t_deals_product
			SET
				product_id = :product_id
			WHERE deal_id = :deal_id
		]]>
		</query>
		<parameter name="deal_id" nullable="true"></parameter>
		<parameter name="product_id" nullable="true"></parameter>
	</sql-service>

	<sql-service name="DEAL_PRODUCT.SQL_DELETE" type="named-parameter"
		showSql="true">
		<description>DEAL_PRODUCT.SQL_DELETE</description>
		<query><![CDATA[
				DELETE FROM t_deals_product
				WHERE deal_id = :deal_id
		]]>
		</query>
		<parameter name="deal_id"></parameter>
	</sql-service>

</query-collection>