<?xml version="1.0" encoding="UTF-8"?>
<query-collection>
	<sql-service name="PROJECT_MEMBERS.SQL_SEARCH" type="named-parameter" showSql="true">
		<description>search_setting_calendar</description>		
		<query><![CDATA[	
		
				SELECT
				t_project_members.user_id userId,
				ifnull(t_users.img_path ,'assets/img/default-user.png') imgPath,
				CONCAT(t_users.first_name," ",t_users.last_name) userText,
				GROUP_CONCAT(t_project_members.id ORDER BY t_project_members.role_id) idArr,
				GROUP_CONCAT(t_project_members.role_id ORDER BY t_project_members.role_id) roleArr,
				GROUP_CONCAT(t_roles.role_name ORDER BY t_project_members.role_id) roleText,
				t_users.email
				FROM
				t_project_members
				INNER JOIN t_roles ON t_roles.id = t_project_members.role_id
				INNER JOIN t_users ON t_users.id = t_project_members.user_id
				WHERE 1=1
				-- AND t_users.user_status = 1
				${#projectId?.text}
				${#roleId?.text}
				GROUP BY t_project_members.user_id
				ORDER BY userText

		]]>
		</query>
		<parameter name="projectId"> AND t_project_members.project_id = :projectId</parameter>
		<parameter name="roleId"> AND t_project_members.role_id IN (:roleId)</parameter>

	</sql-service>
	<sql-service name="PROJECT_MEMBERS.SQL_SEARCH_LIST_BY_PROJECT" type="named-parameter" showSql="true">
		<description>SQL_SEARCH_LIST</description>
		<query><![CDATA[
			SELECT
			  project_id,
			  user_id userId,
			  role_id
			FROM
			  t_project_members
			WHERE 1=1
				${#projectId?.text}
				${#roleId?.text}
			ORDER BY project_id ASC
		]]>
		</query>

		<parameter name="projectId" nullable="false" > AND project_id =:projectId</parameter>
		<parameter name="roleId" nullable="true" > AND role_id = :roleId</parameter>

	</sql-service>
		
	<sql-service name="PROJECT_MEMBERS.SQL_INSERT" type="named-parameter" showSql="true">
		<description>Insert logtime</description>		
		<query><![CDATA[
		
				INSERT INTO t_project_members(
				
						project_id,
						user_id,
						role_id,
						create_dt,
						create_uid
				
				)
				SELECT
				  :project_id,
				  :user_id,
				  :role_id,
				  NOW(),
				  :create_uid
				FROM DUAL WHERE
				  NOT EXISTS(SELECT 1
							 FROM t_project_members
							 WHERE role_id = :role_id
								   AND user_id =:user_id
								   AND project_id =:project_id )

			
		]]>
		</query>
		<parameter name="project_id" nullable="false" />
		<parameter name="user_id" nullable="false" />
		<parameter name="role_id" nullable="false" />
		<parameter name="create_uid" nullable="false" />
	</sql-service>
	
	<sql-service name="PROJECT_MEMBERS.SQL_UPDATE" type="named-parameter" showSql="true">
		<description>Update logtime</description>		
		<query><![CDATA[	
			UPDATE t_project_members SET
				project_id = :project_id,
				user_id = :user_id,
				role_id = :role_id,
				update_dt = NOW(),
				update_uid = :update_uid
				WHERE id = :id
		]]>
		</query>
		<parameter name="project_id" nullable="false" />
		<parameter name="user_id" nullable="false" />
		<parameter name="role_id" nullable="false" />
		<parameter name="update_uid" nullable="false" />
		<parameter name="id" nullable="false" />
	</sql-service>
	
	<sql-service name="PROJECT_MEMBERS.SQL_DELETE" type="named-parameter" showSql="true">
		<description>Delete </description>		
		<query><![CDATA[	
				DELETE FROM t_project_members
				WHERE user_id = :user_id
				${#project_id?.text}
		]]>
		</query>
		<parameter name="user_id"/>
        <parameter name="project_id">AND project_id =:project_id</parameter>
	</sql-service>

	<sql-service name="PROJECT_MEMBERS.SQL_DELETE_ID" type="named-parameter" showSql="true">
		<description>Delete </description>
		<query><![CDATA[
				DELETE FROM t_project_members
				WHERE user_id = :user_id
				${#project_id?.text}
				${#role_id?.text}
				${#id?.text}
		]]>
		</query>
		<parameter name="user_id"/>
		<parameter name="project_id">AND project_id =:project_id</parameter>
		<parameter name="role_id">AND role_id =:role_id</parameter>
		<parameter name="id">AND id =:id</parameter>
	</sql-service>

	<sql-service name="PROJECT_MEMBERS.SQL_SELECT_ROLE_BY_PROJECT" type="named-parameter" showSql="true">
		<description>Delete </description>
		<query><![CDATA[
			SELECT m.role_id as id,r.role_name
			FROM t_project_members m
			  JOIN t_roles r ON r.id = m.role_id and r.status_YN ='Y'
			where m.project_id = :projectId
			GROUP BY m.role_id,r.role_name;
		]]>
		</query>
		<parameter name="projectId" nullable="false" />
	</sql-service>
	
	<sql-service name="PROJECT_MEMBERS.SQL_UPDATE_BY_PROJECT_PROGRESS" type="named-parameter" showSql="true">
		<description>Update Project Members by Project Progress</description>		
		<query><![CDATA[	
			UPDATE t_project_members SET
				manday = :manday,
				plan = :plan,
				update_dt = NOW(),
				update_uid = :update_uid
				WHERE id = :id
		]]>
		</query>
		<parameter name="manday" nullable="true" />
		<parameter name="plan" nullable="true" />
		<parameter name="update_uid" nullable="false" />
		<parameter name="id" nullable="false" />
	</sql-service>
</query-collection>