<?xml version="1.0" encoding="UTF-8"?>
<query-collection>
	<sql-service name="PROJECT_DASHBOARD.SQL_PROJECT_DASHBOARD_SEARCH_PROJECT_DETAIL" type="named-parameter" showSql="true">
		<description>search summary project detail </description>		
		<query><![CDATA[
			SELECT p.project_name AS a, p.project_code AS b ,
				   IFNULL(DATE_FORMAT(p.plan_start_date,'%e %b %Y'),'') AS c,
				   IFNULL(DATE_FORMAT(p.plan_end_date,'%e %b %Y'),'') AS d, 
				   IFNULL(c.code_name,'') AS e, 
				   DATEDIFF(NOW(),p.plan_start_date) AS f,
				   DATEDIFF(p.plan_end_date , p.plan_start_date ) AS g 
			FROM t_projects p 
			LEFT OUTER JOIN t_codebook_langs c ON p.project_status = c.code_id 	AND c.code_type = 'PROJECT_STATUS'
			WHERE p.id = :projectId
		]]>
		</query>
		<parameter name="projectId" nullable="true" />
	</sql-service>
	
	
	<sql-service name="PROJECT_DASHBOARD.SQL_PROJECT_DASHBOARD_SEARCH_PROJECT_MEMBER" type="named-parameter" showSql="true">
		<description>search project member active / inactive </description>		
		<query><![CDATA[
				SELECT  m.user_id AS a , u.user_status AS b 
				FROM t_project_members m
				LEFT OUTER JOIN t_users u ON m.user_id = u.id
				WHERE project_id = :projectId
				GROUP BY m.user_id , u.user_status

		]]>
		</query>
		<parameter name="projectId" nullable="false" />
	</sql-service>
	
	<sql-service name="PROJECT_DASHBOARD.SQL_PROJECT_DASHBOARD_SEARCH_PROJECT_WORKHOUR" type="named-parameter" showSql="true">
		<description>search summary workhour logtime (DAY)</description>		
		<query><![CDATA[
		
				SELECT u.id AS a , CONCAT(u.first_name,' ',u.last_name) AS b , IFNULL(u.nick_name,'') AS c , u.job_level AS d , d.id  AS e , d.dept_name AS f  , img_path AS g ,
						case when t.time_status = 1 then round(ifnull(sum(hours)/8,0),2) else 0 end as h , 
						case when t.time_status = 2 then round(ifnull(sum(hours)/8,0),2) else 0 end as i , 
						case when t.time_status = 3 then round(ifnull(sum(hours)/8,0),2) else 0 end as j , 
						case when t.time_status = 4 then round(ifnull(sum(hours)/8,0),2) else 0 end as k 
				FROM t_time_entries t 
				LEFT OUTER JOIN t_users u ON t.user_id = u.id
				LEFT OUTER JOIN t_departments d ON d.id = u.main_dept_id 
				WHERE project_id = :projectId
				GROUP BY u.id , CONCAT(u.first_name,' ',u.last_name) , u.nick_name , u.job_level , d.id, d.dept_name  , img_path , t.time_status 		
				ORDER BY u.id
			
		]]>
		</query>
		<parameter name="projectId" nullable="false" />
	</sql-service>
	
	
	 <sql-service name="PROJECT_DASHBOARD.SQL_PROJECT_DASHBOARD_SEARCH_PROJECT_OVERTIME" type="named-parameter" showSql="true">
		<description> search summary overtime logtime</description>		
		<query><![CDATA[
				
				SELECT a.user_id AS a ,
					case when a.ot_status = 1 then 
						case when TIME_FORMAT(TIMEDIFF(a.end_time,a.start_time),'%i') = 59 then  TIME_FORMAT(ADDTIME(TIMEDIFF(a.end_time,a.start_time),'0:1:0'),'%k.%i') 
						else TIME_FORMAT(TIMEDIFF(a.end_time,a.start_time),'%k.%i') end 
					end as b , 
					case when a.ot_status= 2 then 
						case when TIME_FORMAT(TIMEDIFF(a.end_time,a.start_time),'%i') = 59 then  TIME_FORMAT(ADDTIME(TIMEDIFF(a.end_time,a.start_time),'0:1:0'),'%k.%i') 
						else TIME_FORMAT(TIMEDIFF(a.end_time,a.start_time),'%k.%i') end 
					end as c , 
					case when a.ot_status = 3 then 
						case when TIME_FORMAT(TIMEDIFF(a.end_time,a.start_time),'%i') = 59 then  TIME_FORMAT(ADDTIME(TIMEDIFF(a.end_time,a.start_time),'0:1:0'),'%k.%i') 
						else TIME_FORMAT(TIMEDIFF(a.end_time,a.start_time),'%k.%i') end 
					end as d , 
					case when a.ot_status = 4 then 
						case when TIME_FORMAT(TIMEDIFF(a.end_time,a.start_time),'%i') = 59 then  TIME_FORMAT(ADDTIME(TIMEDIFF(a.end_time,a.start_time),'0:1:0'),'%k.%i') 
						else TIME_FORMAT(TIMEDIFF(a.end_time,a.start_time),'%k.%i') end 
					end as e 
				FROM t_allowances a  
				WHERE project_id = :projectId
				ORDER BY a.user_id
		
		]]>
		</query>
		<parameter name="projectId" nullable="false" />
	</sql-service>
	
	<!-- 
	<sql-service name="PROJECT_DASHBOARD.SQL_PROJECT_DASHBOARD_SEARCH_SUMMARY_TABLE" type="named-parameter" showSql="true">
		<description> search summary wh and ot table</description>		
		<query><![CDATA[
				
				SELECT  w.id AS a ,w.project_id AS b , w.emp_name AS c, w.nick_name AS d , w.job_level AS e,  w.dept_name AS f , w.img_path AS g ,
						IFNULL(w.draft_hour,0) AS h , IFNULL(w.submitted_hour,0) AS i , IFNULL(w.rejected_hour,0) AS j , IFNULL(w.approved_hour,0) AS k ,
 						IFNULL(ot.project_id,0) AS l,  IFNULL(ot.adraft_hour,0) AS m, IFNULL(ot.asubmitted_hour,0) AS n, IFNULL(ot.arejected_hour,0) AS o , IFNULL(ot.aapproved_hour,0) AS p
				FROM ( 
				SELECT u.id ,project_id, CONCAT(u.first_name,' ',u.last_name) as emp_name , u.nick_name , u.job_level , d.id as dept_id , d.dept_name  , img_path ,
				case when t.time_status = 1 then sum(hours) else 0 end as draft_hour , 
				case when t.time_status = 2 then sum(hours)  else 0 end as submitted_hour , 
				case when t.time_status = 3 then sum(hours)  else 0 end as rejected_hour , 
				case when t.time_status = 4 then sum(hours)  else 0 end as approved_hour 
				FROM t_time_entries t 
				LEFT OUTER JOIN t_users u ON t.user_id = u.id
				LEFT OUTER JOIN t_departments d ON d.id = u.main_dept_id 
				WHERE project_id = :projectId 	
				GROUP BY u.id ,project_id, CONCAT(u.first_name,' ',u.last_name) , u.nick_name , u.job_level , d.id, d.dept_name  , img_path , 
				 t.time_status ) AS w 
				LEFT OUTER JOIN 
				( 
				SELECT a.user_id , project_id ,
				case when a.ot_status = 1 then TIME_FORMAT(sum(TIMEDIFF(a.end_time,a.start_time)),'%H:%i') else 0 end as adraft_hour , 
				case when a.ot_status= 2 then TIME_FORMAT(sum(TIMEDIFF(a.end_time,a.start_time)),'%H:%i')  else 0 end as asubmitted_hour , 
				case when a.ot_status = 3 then TIME_FORMAT(sum(TIMEDIFF(a.end_time,a.start_time)),'%H:%i')  else 0 end as arejected_hour , 
				case when a.ot_status = 4 then TIME_FORMAT(sum(TIMEDIFF(a.end_time,a.start_time)),'%H:%i')  else 0 end as aapproved_hour 
				FROM t_allowances a  
				where project_id = :projectId   
				group by a.user_id ,project_id, ot_status ) AS ot 
				ON ( w.project_id = ot.project_id
				and w.id = ot.user_id ) 
		  
		]]>
		</query>
		<parameter name="projectId" nullable="false" />
	</sql-service> 
	 -->
	 
	<sql-service name="PROJECT_DASHBOARD.SQL_PROJECT_DASHBOARD_BAR_GRAPH_SUMMARY_LOGTIME" type="named-parameter" showSql="true">
		<description> search summary overtime logtime</description>		
		<query><![CDATA[
	
			SELECT  case when t.time_status = 1 then round(ifnull(sum(hours)/8,0),2)  else 0 end as a , 
					case when t.time_status = 2 then round(ifnull(sum(hours)/8,0),2)  else 0 end as b , 
					case when t.time_status = 3 then round(ifnull(sum(hours)/8,0),2)  else 0 end as c , 
					case when t.time_status = 4 then round(ifnull(sum(hours)/8,0),2)  else 0 end as d ,
					MONTH(spent_on) AS e , 
					YEAR(spent_on) AS f
			FROM t_time_entries t
			WHERE t.project_id = :projectId
			GROUP BY time_status , MONTH(spent_on) , YEAR(spent_on)
			ORDER BY YEAR(spent_on) , MONTH(spent_on) ASC

		]]>
		</query>
		<parameter name="projectId" nullable="false" />
	</sql-service>
	
	
	
	
</query-collection>