<?xml version="1.0" encoding="UTF-8"?>
<query-collection>

	<sql-service name="SETTING_DEPT.SQL_SEARCH" type="named-parameter"
		showSql="true">
		<description>search leave request </description>
		<query><![CDATA[
		
	SELECT
				d1.id ,
				d1.dept_code deptCode,
				d1.dept_name deptName,
				d1.dept_info deptInfo,
				d1.parent_id parentId,
				d1.create_dt createDt,
				d1.create_uid createUid,
				d1.update_dt updateDt,
				d1.update_uid updateUid,
				d2.dept_name parentDeptName,
				d1.dept_type deptType,
				cb.code_name deptTypeName,
				
				d1.implement_team implementTeam
				
				FROM
				t_departments d1
				LEFT JOIN t_departments d2 ON
				d1.parent_id = d2.id
				LEFT JOIN t_codebook_langs cb ON
				d1.dept_type = cb.code_id
				AND cb.code_type = 'DEPARTMENT_TYPE'

				WHERE 1=1

				ORDER BY d1.dept_name ASC
			
		]]>
		</query>
		<!-- <parameter name="id"> and t_departments.id = :id </parameter> -->

	</sql-service>

	<sql-service name="SETTING_DEPT.SQL_INSERT" type="named-parameter"
		showSql="true">
		<description> insert t_departments</description>
		<query><![CDATA[	
		
					INSERT INTO t_departments(
						dept_code,
						dept_name,
						dept_info,
						parent_id,
						create_dt,
						create_uid,
						dept_type,
						implement_team
					)
					VALUE
						(
							:dept_code,
							:dept_name,
							:dept_info,
							:parent_id,
							NOW(),
							:create_uid,
							:dept_type,
							:implement_team
						)
				 
		
		]]>
		</query>
		<parameter name="dept_code" nullable="true" />
		<parameter name="dept_name" nullable="true" />
		<parameter name="dept_info" nullable="true" />
		<parameter name="parent_id" nullable="true" />
		<parameter name="create_uid" nullable="true" />
		<parameter name="dept_type" nullable="true" />
		<parameter name="implement_team" nullable="true" />
		

	</sql-service>

	<sql-service name="SETTING_DEPT.SQL_UPDATE" type="named-parameter"
		showSql="true">
		<description> update setting dept </description>
		<query><![CDATA[
				UPDATE t_departments SET 
				dept_code = :dept_code,
				dept_name = :dept_name,
				dept_info = :dept_info,
				parent_id = :parent_id, 
				update_dt = NOW(),
				update_uid = :update_uid,
				dept_type = :dept_type,
				implement_team = :implement_team
				WHERE id = :id
		]]>
		</query>
		<parameter name="id" nullable="false" />
		<parameter name="dept_code" nullable="true" />
		<parameter name="dept_name" nullable="true" />
		<parameter name="dept_info" nullable="true" />
		<parameter name="parent_id" nullable="true" />
		<parameter name="update_uid" nullable="true" />
		<parameter name="dept_type" nullable="true" />
		<parameter name="implement_team" nullable="true" />
	</sql-service>
	
	<sql-service name="SETTING_DEPT.SQL_UPDATE_PROJECT_ID" type="named-parameter"
		showSql="true">
		<description> update setting dept PROJECT ID</description>
		<query><![CDATA[
				UPDATE t_departments SET 
				dept_code = :dept_code,
				dept_name = :dept_name,
				dept_info = :dept_info,
				parent_id = :parent_id, 
				update_dt = NOW(),
				update_uid = :update_uid,
				dept_type = :dept_type,
				implement_team = :implement_team,
				project_id = :project_id
				WHERE id = :id
		]]>
		</query>
		<parameter name="id" nullable="false" />
		<parameter name="dept_code" nullable="true" />
		<parameter name="dept_name" nullable="true" />
		<parameter name="dept_info" nullable="true" />
		<parameter name="parent_id" nullable="true" />
		<parameter name="update_uid" nullable="true" />
		<parameter name="dept_type" nullable="true" />
		<parameter name="implement_team" nullable="true" />
		<parameter name="project_id" nullable="true" />
	</sql-service>

	<sql-service name="SETTING_DEPT.SQL_DELETE" type="named-parameter"
		showSql="true">
		<description> delete leave form </description>
		<query><![CDATA[	
				DELETE t_departments,
				 t_department_members
				FROM
				t_departments
				LEFT JOIN t_department_members ON t_departments.id = t_department_members.dept_id
				WHERE
				t_departments.id = :id
		]]>
		</query>
		<parameter name="id" nullable="false" />
	</sql-service>


	<!-- DEPARTMENT MEMBER -->
	<sql-service name="DEPT_MEMBER.SQL_SEARCH" type="named-parameter"
		showSql="true">
		<description>DEPT_MEMBER.SQL_SEARCH </description>
		<query><![CDATA[
		
				SELECT
				t_users.id,
				t_users.is_dept_head_YN isDeptHead,
				t_users.is_dept_appr_YN isDeptAppr,
				t_users.create_dt createDt,
				t_users.create_uid createUid,
				t_users.update_dt updateDt,
				t_users.update_uid updateUid,
				
				CONCAT(t_users.first_name,' ',t_users.last_name) userName	
							
				FROM
				t_users
				INNER JOIN t_departments ON t_users.main_dept_id = t_departments.id		
					
				WHERE 1=1 
				AND t_users.main_dept_id = :deptId
							
				ORDER BY id ASC
			
		]]>
		</query>
		<parameter name="deptId"  nullable="true" />

	</sql-service>
	
<!-- 	<sql-service name="DEPT_MEMBER.SQL_INSERT" type="named-parameter" -->
<!-- 		showSql="true"> -->
<!-- 		<description> DEPT.SQL_INSERT_DEPT_MEMBER </description> -->
<!-- 		<query><![CDATA[ -->
			
<!-- 				UPDATE t_users SET -->
<!-- 				main_dept_id = :main_dept_id, -->
<!-- 				user_id = :user_id, -->
<!-- 				is_dept_head = :is_dept_head, -->
<!-- 				is_approval = :is_approval, -->
<!-- 				update_dt = NOW(), -->
<!-- 				update_uid = :update_uid -->
<!-- 				WHERE -->
<!-- 				id = :id -->

<!-- 		]]> -->
<!-- 		</query> -->

<!-- 		<parameter name="main_dept_id" nullable="true" /> -->
<!-- 		<parameter name="is_dept_head" nullable="true" /> -->
<!-- 		<parameter name="is_dept_head" nullable="true" /> -->
<!-- 		<parameter name="is_approval" nullable="true" /> -->

<!-- 		<parameter name="create_uid" nullable="true" /> -->
<!-- 	</sql-service> -->

	<sql-service name="DEPT_MEMBER.SQL_UPDATE" type="named-parameter"
		showSql="true">
		<description> DEPT_MEMBER.SQL_UPDATE </description>
		<query><![CDATA[	
				UPDATE t_users SET
					main_dept_id = :main_dept_id,
					is_dept_head_YN = :is_dept_head,
					is_dept_appr_YN = :is_dept_appr,
					update_dt =  NOW(),
					update_uid = update_uid
				WHERE
					id = :id
		]]>
		</query>
		<parameter name="main_dept_id" nullable="true" />
		<parameter name="is_dept_head" nullable="true" />
		<parameter name="is_dept_appr" nullable="true" />
		<parameter name="update_uid" nullable="true" />
		
		<parameter name="id" nullable="true" />
		
	</sql-service>

	<sql-service name="DEPT_MEMBER.SQL_DELETE" type="named-parameter"
		showSql="true">
		<description> DEPT_MEMBER.SQL_DELETE </description>
		<query><![CDATA[	
		
				UPDATE t_users SET
					main_dept_id = NULL,
					is_dept_head_YN = NULL,
					is_dept_appr_YN = NULL,
					update_dt =  NOW(),
					update_uid = :update_uid
				WHERE
					id = :id
		]]>
		</query>
		<parameter name="id" nullable="true" />
		<parameter name="update_uid" nullable="true" />
	</sql-service>

<!-- 	<sql-service name="DEPT_MEMBER.SQL_UPDATE_USER" type="named-parameter" -->
<!-- 		showSql="true"> -->
<!-- 		<description> DEPT_MEMBER.SQL_UPDATE_USER </description> -->
<!-- 		<query><![CDATA[	 -->
				
<!-- 				update t_users set main_dept_id = :dept_id -->
<!-- 				where id in  -->
<!-- 				( select user_id  from t_department_members where dept_id = :dept_id ) -->
				
<!-- 		]]> -->
<!-- 		</query> -->
<!-- 		<parameter name="dept_id" nullable="true" /> -->
<!-- 	</sql-service> -->



<sql-service name="SETTING_DEPT.SQL_SEARCH_DIVISION" type="named-parameter"
		showSql="true">
		<description>search division </description>
		<query><![CDATA[
				
		SELECT  
				id as id , 
				dept_name as val 
				FROM t_departments 
				WHERE 1=1 
				And dept_type = 1
				
				ORDER by dept_name 
			
		]]>
		</query>
		<!-- <parameter name="id"> and t_departments.id = :id </parameter> -->

	</sql-service>

<sql-service name="SETTING_DEPT.SQL_SEARCH_DEPARTMENT" type="named-parameter"
		showSql="true">
		<description>search department </description>
		<query><![CDATA[
				
		SELECT  
				id as id , 
				dept_name as val 
				FROM t_departments 
				WHERE 1=1 
				And dept_type = 2
				And parent_id = :division
				
				ORDER by dept_name 
			

		]]>
		</query>
		<parameter name="division" nullable="true" />
		<!-- <parameter name="id"> and t_departments.id = :id </parameter> -->

	</sql-service>
	
	<sql-service name="SETTING_DEPT.SQL_SEARCH_DEPARTMENT_FRIST" type="named-parameter"
		showSql="true">
		<description>search department </description>
		<query><![CDATA[
				
		SELECT  
				id as id , 
				dept_name as val 
				FROM t_departments 
				WHERE 1=1 
				And dept_type = 2
				ORDER by dept_name 
			

		]]>
		</query>
		<!-- <parameter name="id"> and t_departments.id = :id </parameter> -->

	</sql-service>
	
	<sql-service name="SETTING_DEPT.SQL_SEARCH_SECTION" type="named-parameter"
		showSql="true">
		<description>search section </description>
		<query><![CDATA[
				
		SELECT  
				id as id , 
				dept_name as val 
				FROM t_departments 
				WHERE 1=1 
				And dept_type = 3
				And parent_id = :department
				
				ORDER by dept_name 
			

		]]>
		</query>
		<parameter name="department" nullable="true" />
		<!-- <parameter name="id"> and t_departments.id = :id </parameter> -->

	</sql-service>
	
	<sql-service name="SETTING_DEPT.SQL_SEARCH_SECTION_FRIST" type="named-parameter"
		showSql="true">
		<description>search section </description>
		<query><![CDATA[
				
		SELECT  
				id as id , 
				dept_name as val 
				FROM t_departments 
				WHERE 1=1 
				And dept_type = 3				
				ORDER by dept_name 
			

		]]>
		</query>
		<!-- <parameter name="id"> and t_departments.id = :id </parameter> -->

	</sql-service>
	
	<sql-service name="SETTING_DEPT.SQL_SEARCH_NEW" type="named-parameter" showSql="true">
		<description>search leave request </description>
		<query><![CDATA[		
				
				SELECT E.ID AS id,
						'' AS deptCode,
						E.DEPT_NAME AS deptName,
						'' AS deptType,
						0 AS deptLevel,
						E.project_id AS deptProjectId,
						E.dept_info AS deptInfo,
						E.parent_id as deptParentId
						FROM t_departments AS E
						WHERE E.DEPT_TYPE IS NULL
						 ${#id?.text}
						

						UNION ALL
						SELECT D1.ID AS id,
						D1.DEPT_CODE AS deptCode,
						CASE WHEN D1.DEPT_TYPE = 1 THEN D1.DEPT_NAME
						WHEN D1.DEPT_TYPE = 2 THEN D1.DEPT_NAME
						WHEN D1.DEPT_TYPE = 3 THEN D1.DEPT_NAME
						END AS deptName,
						D2.CODE_NAME as deptType,
						CASE WHEN D1.DEPT_TYPE = 1 THEN 1
						WHEN D1.DEPT_TYPE = 2 THEN    2
						WHEN D1.DEPT_TYPE = 3 THEN    3
						END AS deptLevel,
						D1.PROJECT_ID AS deptProjectId,
						D1.dept_info AS deptInfo,
						D1.parent_id as deptParentId
						FROM (SELECT E.ID, E.DEPT_CODE, E.DEPT_NAME, E.DEPT_TYPE,E.project_id,E.dept_info, E.PARENT_ID
						FROM t_departments AS E
						WHERE E.DEPT_TYPE = 1
						 ${#id?.text}

						UNION ALL
						SELECT E.ID, E.DEPT_CODE, E.DEPT_NAME, E.DEPT_TYPE,E.project_id,E.dept_info, E.PARENT_ID
						FROM t_departments AS E
						JOIN t_departments AS M ON E.PARENT_ID = M.ID
						WHERE E.DEPT_TYPE = 2
						 ${#id?.text}

						UNION ALL
						SELECT E.ID, E.DEPT_CODE, E.DEPT_NAME, E.DEPT_TYPE,E.project_id,E.dept_info, E.PARENT_ID
						FROM t_departments AS E
						JOIN t_departments AS M ON E.PARENT_ID = M.ID
						JOIN t_departments AS D ON M.PARENT_ID = D.ID
						WHERE E.DEPT_TYPE = 3
						 ${#id?.text}

				) D1
						INNER JOIN
						(SELECT CODE_ID, CODE_NAME FROM t_codebook_langs WHERE CODE_TYPE = 'DEPARTMENT_TYPE' AND USE_YN = 'Y') D2
						ON D1.DEPT_TYPE = D2.CODE_ID
						ORDER BY deptCode
		]]>
		</query>
		<parameter name="id"> AND E.id = :id </parameter>

	</sql-service>
	
	
	<sql-service name="SETTING_DEPT_PROJ.SQL_INSERT_PROJECT" type="named-parameter" showSql="true">
		<query><![CDATA[	
		
			INSERT INTO t_projects ( 
				id,
				project_name , 
				project_detail , 
				project_type , 
				plan_start_date , 
				plan_end_date , 
				actual_end_date , 
				actual_start_date , 
				project_status ,
				create_dt ,
				create_uid , 
				update_dt , 
				update_uid )
			VALUES(
				:deptProjectId,
				:deptProjectName,
				:deptProjectDetail,
				:deptProjectType,
				STR_TO_DATE(CASE WHEN :deptProjectPlanStartDate = '' THEN NULL ELSE :deptProjectPlanStartDate END, '%d/%m/%Y'),
				STR_TO_DATE(CASE WHEN :deptProjectPlanEndDate = '' THEN NULL ELSE :deptProjectPlanEndDate END, '%d/%m/%Y'),
				STR_TO_DATE(CASE WHEN :deptProjectActualStartDate = '' THEN NULL ELSE :deptProjectActualStartDate END, '%d/%m/%Y'),
				STR_TO_DATE(CASE WHEN :deptProjectActualEndDate = '' THEN NULL ELSE :deptProjectActualEndDate END, '%d/%m/%Y'),
				:deptProjectStatus,
				NOW(),
				:deptCreateBy,
				NOW(),
				:deptUpdateBy
			)
		]]>
		</query>
		<parameter name="deptProjectId" nullable="false" />
		<parameter name="deptProjectName" nullable="false" />
		<parameter name="deptProjectDetail" nullable="false" />
		<parameter name="deptProjectType" nullable="false" />
		<parameter name="deptProjectPlanStartDate" nullable="false" />
		<parameter name="deptProjectPlanEndDate" nullable="false" />
		<parameter name="deptProjectActualStartDate" nullable="false" />
		<parameter name="deptProjectActualEndDate" nullable="false" />
		<parameter name="deptProjectStatus" nullable="false" />
		<parameter name="deptCreateBy" nullable="false" />
		<parameter name="deptUpdateBy" nullable="false" />

	</sql-service>
	
	<sql-service name="SETTING_DEPT_PROJ.SQL_INSERT_PROJECT_INDENTIFY" type="named-parameter" showSql="true">
		<query><![CDATA[	
			INSERT INTO t_identify_key (
				 unique_name 
				, name 
				, type_PD 
				, status 
				, create_dt 
				, create_uid )
			VALUES(
				:deptProjectUniName,
				:deptProjectName,
				:deptProjectTypePd,
				:deptProjectStatusIndentity,
				NOW(),
				:deptCreateBy
			)
		]]>
		</query>
		<parameter name="deptProjectName" nullable="false" />
		<parameter name="deptProjectUniName" nullable="false" />
		<parameter name="deptProjectTypePd" nullable="false" />
		<parameter name="deptProjectStatusIndentity" nullable="false" />
		<parameter name="deptCreateBy" nullable="false" />
	</sql-service>

	<sql-service name="SETTING_DEPT_PROJ.SQL_UPDATE_PROJECT" type="named-parameter" showSql="true">
		<query><![CDATA[
				UPDATE t_projects SET 
					project_name = :deptProjectName,
					plan_start_date = STR_TO_DATE(CASE WHEN :deptProjectPlanStartDate = '' THEN NULL ELSE :deptProjectPlanStartDate END, '%d/%m/%Y'),
					plan_end_date = STR_TO_DATE(CASE WHEN :deptProjectPlanEndDate = '' THEN NULL ELSE :deptProjectPlanEndDate END, '%d/%m/%Y'),
					actual_end_date = STR_TO_DATE(CASE WHEN :deptProjectActualStartDate = '' THEN NULL ELSE :deptProjectActualStartDate END, '%d/%m/%Y'),
					actual_start_date = STR_TO_DATE(CASE WHEN :deptProjectActualEndDate = '' THEN NULL ELSE :deptProjectActualEndDate END, '%d/%m/%Y'), 
					project_status = :deptProjectStatus,
					update_dt = NOW(), 
					update_uid  = :deptUpdateBy
				WHERE id = :deptProjectId
		]]>
		</query>
		<parameter name="deptProjectId" nullable="false" />
		<parameter name="deptProjectName" nullable="false" />
		<parameter name="deptProjectPlanStartDate" nullable="false" />
		<parameter name="deptProjectPlanEndDate" nullable="false" />
		<parameter name="deptProjectActualStartDate" nullable="false" />
		<parameter name="deptProjectActualEndDate" nullable="false" />
		<parameter name="deptProjectStatus" nullable="false" />
		<parameter name="deptUpdateBy" nullable="false" />
	</sql-service>
	
	<sql-service name="SETTING_DEPT.SQL_SEARCH_PROJECT_DETAIL_BY_ID" type="named-parameter" showSql="true">
		<description>SETTING_DEPT.SQL_SEARCH_PROJECT_DETAIL_BY_ID </description>
		<query><![CDATA[		
				
				SELECT ID AS deptProjectId,
					project_code as deptProjectCode,
					project_name as deptProjectName,
					DATE_FORMAT(plan_start_date, '%d/%m/%Y') as deptProjectPlanStartDate,
					DATE_FORMAT(plan_end_date, '%d/%m/%Y') as deptProjectPlanEndDate,
					project_status as deptProjectStatus
				FROM t_projects 
				WHERE id = :id
		]]>
		</query>
		<parameter name="id" nullable="false" />
	</sql-service>
	
	<sql-service name="SETTING_DEPT.SQL_INSERT_TASK_TEMPLATE_DEPARTMENT_PROJECT" type="named-parameter" showSql="true">
		<description>SETTING_DEPT.SQL_INSERT_TASK_TEMPLATE_DEPARTMENT_PROJECT </description>
		<query><![CDATA[		
				INSERT INTO t_tasks ( seq , task_name  , project_id , start_dt , end_dt , create_dt , create_uid  )  
					SELECT 
						role_id, 
						template_task_name , 
						:deptProjectId , 
						STR_TO_DATE(CASE WHEN :deptProjectPlanStartDate = '' THEN NULL ELSE :deptProjectPlanStartDate END, '%d/%m/%Y'),
						STR_TO_DATE(CASE WHEN :deptProjectPlanEndDate = '' THEN NULL ELSE :deptProjectPlanStartDate END, '%d/%m/%Y'),
						NOW() ,
				  		:deptCreateBy 
				  FROM t_task_templates WHERE type_PD = 'I'
		]]>
		</query>
		<parameter name="deptProjectId" nullable="false" />
		<parameter name="deptProjectPlanStartDate" nullable="false" />
		<parameter name="deptProjectPlanEndDate" nullable="false" />
		<parameter name="deptCreateBy" nullable="false" />
	</sql-service>
	
	<sql-service name="SETTING_DEPT.SQL_SEARCH_DIVISION_BY_DEPARTMENT_ID" type="named-parameter"
		showSql="true">
		<description>search department </description>
		<query><![CDATA[
				
		SELECT  
				id as id , 
				dept_name as val 
				FROM t_departments 
				WHERE 1=1 
				And dept_type = 1
				${#id?.text}
				
				ORDER by dept_name 
			

		]]>
		</query>
		<parameter name="id"> and id = :id </parameter>
	</sql-service>
	
	<sql-service name="SETTING_DEPT.SQL_SEARCH_DEPARTMENT_BY_SECTION_ID" type="named-parameter"
		showSql="true">
		<description>search department </description>
		<query><![CDATA[
				
		SELECT  
				id as id , 
				dept_name as val 
				FROM t_departments 
				WHERE 1=1 
				And dept_type = 2
				${#id?.text}
				
				ORDER by dept_name 
			

		]]>
		</query>
		<parameter name="id"> and id = :id </parameter>
	</sql-service>
	

</query-collection>