<?xml version="1.0" encoding="UTF-8"?>
<query-collection>
	<sql-service name="PAYMENT_TERMS.SQL_SEARCH" type="named-parameter" showSql="true">
		<description>search payment term</description>
		<query><![CDATA[
				SELECT id
				  ,deal_id
				  ,minestone_name
				  ,DATE_FORMAT(target_date,'%d/%m/%Y') as target_date
				  ,percent
				  ,amount
				  ,DATE_FORMAT(collection_dt,'%d/%m/%Y') as collection_dt
				  ,DATE_FORMAT(fa_target_dt,'%d/%m/%Y') as fa_target_dt
				FROM t_payment_terms
				WHERE 1=1
					${#id?.text}
					${#deal_id?.text}
		]]>
		</query>
		<parameter name="deal_id"> AND deal_id = :deal_id</parameter>
		<parameter name="id"> AND id = :id</parameter>
	</sql-service>
		
	<sql-service name="PAYMENT_TERMS.SQL_INSERT" type="named-parameter" showSql="true">
		<description>Insert pay term</description>
		<query><![CDATA[
		INSERT INTO t_payment_terms(
		  deal_id,
		  minestone_name,
		  target_date,
		  percent,
		  amount,
		  collection_dt,
		  fa_target_dt,
		  create_dt,
		  create_uid
		)VALUES(
		  :deal_id,
		  :minestone_name,
		  STR_TO_DATE(CASE WHEN :target_date = '' THEN NULL ELSE :target_date END, '%d/%m/%Y'),
		  :percent,
		  :amount,
		  STR_TO_DATE(CASE WHEN :collection_dt = '' THEN NULL ELSE :collection_dt END, '%d/%m/%Y'),
		  STR_TO_DATE(CASE WHEN :fa_target_dt = '' THEN NULL ELSE :fa_target_dt END, '%d/%m/%Y'),
		  NOW(),
		  :create_uid
		)
		]]>
		</query>
		<parameter name="deal_id" nullable="false" />
		<parameter name="minestone_name" nullable="false" />
		<parameter name="target_date" nullable="true" />
		<parameter name="percent" nullable="true" />
		<parameter name="amount" nullable="true" />
		<parameter name="collection_dt" nullable="true" />
		<parameter name="fa_target_dt" nullable="true" />
		<parameter name="create_uid" nullable="false" />
	</sql-service>
	
	<sql-service name="PAYMENT_TERMS.SQL_UPDATE" type="named-parameter" showSql="true">
		<description>Update pay term</description>
		<query><![CDATA[	
			UPDATE t_payment_terms
			SET
			  deal_id = :deal_id,
			  minestone_name =:minestone_name,
			  target_date =
			  	STR_TO_DATE(CASE WHEN :target_date = '' THEN NULL ELSE :target_date END, '%d/%m/%Y'),
			  percent =:percent,
			  amount =:amount,
			  collection_dt =
			  	STR_TO_DATE(CASE WHEN :collection_dt = '' THEN NULL ELSE :collection_dt END, '%d/%m/%Y'),
			  fa_target_dt =
			  	STR_TO_DATE(CASE WHEN :fa_target_dt = '' THEN NULL ELSE :fa_target_dt END, '%d/%m/%Y'),
			  update_dt=NOW(),
			  update_uid =:update_uid
			WHERE id = :id
		]]>
		</query>
		<parameter name="id" nullable="false" />
		<parameter name="deal_id" nullable="false" />
		<parameter name="minestone_name" nullable="false" />
		<parameter name="target_date" nullable="true" />
		<parameter name="percent" nullable="true" />
		<parameter name="amount" nullable="true" />
		<parameter name="collection_dt" nullable="true" />
		<parameter name="fa_target_dt" nullable="true" />
		<parameter name="update_uid" nullable="false" />
	</sql-service>
	
	<sql-service name="PAYMENT_TERMS.SQL_DELETE" type="named-parameter" showSql="true">
		<description>Delete pay term</description>
		<query><![CDATA[	
				DELETE FROM t_payment_terms
				WHERE id = :id
		]]>
		</query>
		<parameter name="id" nullable="false" />
	</sql-service>

	<sql-service name="PAYMENT_TERMS.SQL_DELETE_BY_DEAL_ID" type="named-parameter" showSql="true">
		<description>Delete pay term by deal</description>
		<query><![CDATA[
				DELETE FROM t_payment_terms
				WHERE deal_id = :deal_id
		]]>
		</query>
		<parameter name="deal_id" nullable="false" />
	</sql-service>
	
	<sql-service name="PAYMENT_TERMS.SQL_DELETE_BY_ID" type="named-parameter" showSql="true">
		<description>Delete pay term by id</description>
		<query><![CDATA[
				DELETE FROM t_payment_terms
				WHERE id = :paymentTermId
		]]>
		</query>
		<parameter name="paymentTermId" nullable="false" />
	</sql-service>

</query-collection>