<?xml version="1.0" encoding="UTF-8"?>
<query-collection>
	<sql-service name="SETTING_CALENDAR.SQL_SEARCH_SETTING_CALENDAR" type="named-parameter" showSql="true">
		<description>search_setting_calendar</description>		
		<query><![CDATA[	
		
				SELECT
				tc.id,
				tc.calendar_date,
				tc.title,
				tc.date_type,
				tc.status_yn AS `status`,
				tcl.code_name date_type_name
				FROM
				t_calendars tc
				INNER JOIN t_codebook_langs tcl ON tc.date_type = tcl.code_id
				AND tcl.code_type = 'CALENDAR_DATE_TYPE'
				AND tcl.use_YN = 'Y'
				
				${#date_type?.text}
				${#id?.text}
				
				ORDER BY calendar_date

		]]>
		</query>
		
		<parameter name="id" > and tc.id = :id </parameter>
		<parameter name="date_type" > and tc.date_type = :date_type </parameter>
	</sql-service>
		
	<sql-service name="SETTING_CALENDAR.INSERT_SETTING_CALENDAR" type="named-parameter" showSql="true">
		<description>Insert logtime</description>		
		<query><![CDATA[
		
			INSERT INTO t_calendars(
			 calendar_date,
			 title,
			 date_type,
			 status_yn,
			 create_dt,
			 create_uid
			 )
			 VALUES
			 (
			 	:calendar_date, :title, :date_type, :status, NOW(), :create_uid
			 )
			
		]]>
		</query>
		<parameter name="calendar_date" nullable="true" />
		<parameter name="title" nullable="true" />
		<parameter name="date_type" nullable="true" />
		<parameter name="status" nullable="true" />
		<parameter name="create_dt" nullable="true" />
		<parameter name="create_uid" nullable="true" />
<!-- 		<parameter name="update_dt" nullable="true" /> -->
<!-- 		<parameter name="update_uid" nullable="true" /> -->
	</sql-service>
	
	<sql-service name="SETTING_CALENDAR.UPDATE_SETTING_CALENDAR" type="named-parameter" showSql="true">
		<description>Update logtime</description>		
		<query><![CDATA[	
				UPDATE t_calendars SET 
				 calendar_date = :calendar_date,
				 title = :title,
				 date_type = :date_type,
				 status_yn = :status,
				 update_dt = NOW(),
				 update_uid = :update_uid
				 WHERE id = :id
		]]>
		</query>
		<parameter name="calendar_date" nullable="true" />
		<parameter name="title" nullable="true" />
		<parameter name="date_type" nullable="true" />
		<parameter name="status" nullable="true" />
<!-- 		<parameter name="create_dt" nullable="true" /> -->
<!-- 		<parameter name="create_uid" nullable="true" /> -->
		<parameter name="update_dt" nullable="true" />
		<parameter name="update_uid" nullable="true" />
		<parameter name="id" nullable="false" />
	</sql-service>
	
	<sql-service name="SETTING_CALENDAR.DELETE_SETTING_CALENDAR" type="named-parameter" showSql="true">
		<description>Delete logtime</description>		
		<query><![CDATA[	
				DELETE FROM t_calendars
				WHERE id = :id
		]]>
		</query>
		<parameter name="id" nullable="false" />
	</sql-service>
	
	
</query-collection>