<?xml version="1.0" encoding="UTF-8"?>
<query-collection>
	<sql-service name="PRODUCT.SQL_SEARCH" type="named-parameter"
		showSql="true">
		<description>search </description>
		<query><![CDATA[	
		
			SELECT
				id,
				image_url imageUrl,
				`code` code,
				`name` name,
				description description,
				status_id statusId,
				currency currency,
				price price,
				amount amount,			
				project_id projectId,
				category_id categoryId,
				main_product_id mainProductId,
				is_main_product isMainProduct,
				catch_tag_list catchTagList,
				
				create_uid createUid,
				DATE_FORMAT(create_dt,'%d/%m/%Y %T') createDt,
				update_uid updateUid,
				DATE_FORMAT(update_dt,'%d/%m/%Y %T') updateDt
				
				FROM
				t_products

			WHERE 1=1
			AND status_id = 1 
			
		    ${#id?.text}	
				
		]]>
		</query>
		<parameter name="id"> and id = :id </parameter>

	</sql-service>

	<sql-service name="PRODUCT.SQL_INSERT" type="named-parameter"
		showSql="true">
		<description>insert </description>
		<query><![CDATA[	
		
			INSERT INTO t_products(
				image_url,
				`code`,
				`name`,
				description,
				status_id,
				currency,
				price,
				amount,
				create_uid,
				project_id,
				create_dt,
				update_dt,
				category_id,
				main_product_id,
				is_main_product,
				update_uid,
				
				catch_tag_list
			)
			VALUE(
				:image_url,
				:code,
				:name,
				:description,
				:status_id,
				:currency,
				:price,
				:amount,
				:create_uid,
				:project_id,
				NOW(),
				NOW(),
				:category_id,
				:main_product_id,
				:is_main_product,
				:update_uid,
				
				catch_tag_list
			)
				
		]]>
		</query>

		<parameter name="image_url" nullable="false" />
		<parameter name="code" nullable="false" />
		<parameter name="name" nullable="false" />
		<parameter name="description" nullable="false" />
		<parameter name="status_id" nullable="false" />
		<parameter name="currency" nullable="false" />
		<parameter name="price" nullable="false" />
		<parameter name="amount" nullable="false" />
		<parameter name="create_uid" nullable="false" />
		<parameter name="project_id" nullable="false" />
		<parameter name="category_id" nullable="false" />
		<parameter name="main_product_id" nullable="false" />
		<parameter name="is_main_product" nullable="false" />
		<parameter name="update_uid" nullable="false" />
		
		<parameter name="catch_tag_list" nullable="false" />

	</sql-service>

	<sql-service name="PRODUCT.SQL_UPDATE" type="named-parameter"
		showSql="true">
		<description>insert </description>
		<query><![CDATA[	
		
			UPDATE t_products SET
				image_url = :image_url,
				`code` = :code,
				`name` = :name,
				description = :description,
				status_id = :status_id,
				currency = :currency,
				price = :price,
				amount = :amount,
				create_uid = :create_uid,
				project_id = :project_id,
				create_dt = NOW(),
				update_dt = NOW(),
				category_id = :category_id,
				main_product_id = :main_product_id,
				is_main_product = :is_main_product,
				update_uid = :update_uid,
				
				catch_tag_list = :catch_tag_list
				
				WHERE id = :id
			
				
		]]>
		</query>

		<parameter name="image_url" nullable="false" />
		<parameter name="code" nullable="false" />
		<parameter name="name" nullable="false" />
		<parameter name="description" nullable="false" />
		<parameter name="status_id" nullable="false" />
		<parameter name="currency" nullable="false" />
		<parameter name="price" nullable="false" />
		<parameter name="amount" nullable="false" />
		<parameter name="create_uid" nullable="false" />
		<parameter name="project_id" nullable="false" />
		<parameter name="category_id" nullable="false" />
		<parameter name="main_product_id" nullable="false" />
		<parameter name="is_main_product" nullable="false" />
		<parameter name="update_uid" nullable="false" />
		
		<parameter name="catch_tag_list" nullable="false" />

		<parameter name="id" nullable="false" />

	</sql-service>

	<sql-service name="PRODUCT.SQL_DELETE" type="named-parameter"
		showSql="true">
		<description>insert </description>
		<query><![CDATA[	
		
			DELETE FROM t_products
				
				WHERE id = :id
			
				
		]]>
		</query>

		<parameter name="id" nullable="false" />

	</sql-service>

</query-collection>