<?xml version="1.0" encoding="UTF-8"?>
<query-collection>

	<sql-service name="LEAVE_RECORD.SQL_SEARCH" type="named-parameter" showSql="true">
		<description>search all leave records </description>		
		<query><![CDATA[
				SELECT
					l.id AS a ,
					CONCAT(cre.first_name,' ',cre.last_name) AS b,
					l.leave_type_id as c ,
					c.code_name AS d,
					DATE_FORMAT(l.start_dt,'%a %e-%b-%Y %H:%i') AS  e,
					DATE_FORMAT(l.end_dt,'%a %e-%b-%Y %H:%i') AS f,
					l.leave_hour AS g,
					l.current_status AS h,
					sts.code_name AS i,
					 CASE WHEN current_status = 1 THEN CONCAT(cre.first_name,' ',cre.last_name)
						  WHEN current_status = 2 THEN CONCAT(req.first_name,' ',req.last_name)
						  WHEN current_status = 3 THEN CONCAT(apr.first_name,' ',apr.last_name)
						  WHEN current_status = 4 THEN CONCAT(rej.first_name,' ',rej.last_name)
						  WHEN current_status = 0 THEN CONCAT(cel.first_name,' ',cel.last_name)
					 END AS j
				FROM
				t_leave AS l
				LEFT OUTER JOIN t_users cre ON cre.id = l.user_id
				LEFT OUTER JOIN t_users req ON req.id = l.request_user_id 
				LEFT OUTER JOIN t_users apr ON apr.id = l.approve_user_id
				LEFT OUTER JOIN t_users rej ON rej.id = l.reject_user_id
				LEFT OUTER JOIN t_users cel ON cel.id = l.cancel_user_id
				LEFT JOIN t_codebook_langs c ON c.code_id = l.leave_type_id  AND c.code_type = 'LEAVE_TYPE' AND c.use_YN = 'Y'
				LEFT JOIN t_codebook_langs sts ON sts.code_id = l.current_status AND sts.code_type = 'LEAVE_STATUS' AND sts.use_YN = 'Y'
				WHERE 1=1
				${#userId?.text}
				${#year?.text}
				ORDER BY l.start_dt DESC
		
		]]>
		</query>
		<parameter name="userId" nullable="false" > AND l.user_id = :userId </parameter>
		<parameter name="year" nullable="false" > AND start_dt &gt;= DATE_FORMAT(CONCAT(:year,'-01-01'),'%Y-%m-%d') AND end_dt &lt;= DATE_FORMAT(CONCAT( :year ,'-12-31'),'%Y-%m-%d')  </parameter>
	</sql-service>
	
	<!-- condition from next year ( find from last year [year+1] )  -->
	<sql-service name="LEAVE_RECORD.ANNUAL_BALANCE_ENTITLE_YEAR_NEXT" type="named-parameter" showSql="true">
		<description>Calculate previous year entitle </description>		
		<query><![CDATA[
			
				SELECT appearance_date AS a , -- appearance_date
					   YEAR(NOW())+1 AS b , -- previous_year
					   YEAR(appearance_date)AS c , -- year_appearance
					   
					   CASE WHEN YEAR(appearance_date) = '2018' THEN
					   	 DATE_FORMAT(CONCAT('2019','-',MONTH(appearance_date),'-',DAY(appearance_date)),'%Y-%m-%d')
					   ELSE
					  	 DATE_FORMAT(CONCAT('2018','-',MONTH(appearance_date),'-',DAY(appearance_date)),'%Y-%m-%d')
					   END AS b , -- count_on
					   
					     CASE WHEN YEAR(appearance_date) = '2018' THEN
							    CASE 
							    	 WHEN DATEDIFF( '2018-12-31', appearance_date )+1 < 119 THEN '0'
								 	 WHEN DATEDIFF( '2018-12-31', appearance_date )+1 <= 365 THEN  TRUNCATE((( DATEDIFF( DATE_FORMAT('2018-12-31','%Y-%m-%d') , appearance_date )+1 ) * 9 ) / 365 , 2 )
								END
						 ELSE
						  		CASE 
									 WHEN DATEDIFF( DATE_FORMAT(CONCAT('2018','-',MONTH(appearance_date),'-',DAY(appearance_date)),'%Y-%m-%d') , appearance_date )+1 >= 365  AND  DATEDIFF( DATE_FORMAT(CONCAT('2018','-',MONTH(appearance_date),'-',DAY(appearance_date)),'%Y-%m-%d') , appearance_date )+1 < 730 THEN '9'
						    		 WHEN DATEDIFF( DATE_FORMAT(CONCAT('2018','-',MONTH(appearance_date),'-',DAY(appearance_date)),'%Y-%m-%d') , appearance_date )+1 >= 730  AND  DATEDIFF( DATE_FORMAT(CONCAT('2018','-',MONTH(appearance_date),'-',DAY(appearance_date)),'%Y-%m-%d') , appearance_date )+1  < 1095 THEN '10'
									 WHEN DATEDIFF( DATE_FORMAT(CONCAT('2018','-',MONTH(appearance_date),'-',DAY(appearance_date)),'%Y-%m-%d') , appearance_date )+1 >= 1095 AND  DATEDIFF( DATE_FORMAT(CONCAT('2018','-',MONTH(appearance_date),'-',DAY(appearance_date)),'%Y-%m-%d') , appearance_date )+1  < 1460 THEN '11'
									 WHEN DATEDIFF( DATE_FORMAT(CONCAT('2018','-',MONTH(appearance_date),'-',DAY(appearance_date)),'%Y-%m-%d') , appearance_date )+1 >= 1460 AND  DATEDIFF( DATE_FORMAT(CONCAT('2018','-',MONTH(appearance_date),'-',DAY(appearance_date)),'%Y-%m-%d') , appearance_date )+1  < 1825 THEN '12'
									 WHEN DATEDIFF( DATE_FORMAT(CONCAT('2018','-',MONTH(appearance_date),'-',DAY(appearance_date)),'%Y-%m-%d') , appearance_date )+1 >= 1825 AND  DATEDIFF( DATE_FORMAT(CONCAT('2018','-',MONTH(appearance_date),'-',DAY(appearance_date)),'%Y-%m-%d') , appearance_date )+1  < 2190 THEN '13'
									 WHEN DATEDIFF( DATE_FORMAT(CONCAT('2018','-',MONTH(appearance_date),'-',DAY(appearance_date)),'%Y-%m-%d') , appearance_date )+1 >= 2190 AND  DATEDIFF( DATE_FORMAT(CONCAT('2018','-',MONTH(appearance_date),'-',DAY(appearance_date)),'%Y-%m-%d') , appearance_date )+1  < 2555 THEN '14'
									 WHEN DATEDIFF( DATE_FORMAT(CONCAT('2018','-',MONTH(appearance_date),'-',DAY(appearance_date)),'%Y-%m-%d') , appearance_date )+1 >= 2555 THEN '15'
								END
						END AS d ,  -- entitle of this year
					   CASE
						 	WHEN DATEDIFF( DATE_FORMAT(CONCAT( YEAR(NOW())+1 ,'-12-31'),'%Y-%m-%d') , appearance_date )+1 < 119 THEN '0' 
						 	WHEN DATEDIFF( DATE_FORMAT(CONCAT( YEAR(NOW())+1 ,'-12-31'),'%Y-%m-%d'), appearance_date )+1 <= 365 THEN  TRUNCATE((( DATEDIFF( DATE_FORMAT(CONCAT( YEAR(NOW())+1 ,'-12-31'),'%Y-%m-%d'), appearance_date )+1 ) * 9 ) / 365 , 2 ) 
							WHEN DATEDIFF( DATE_FORMAT(CONCAT( YEAR(NOW())+1,'-',MONTH(appearance_date),'-',DAY(appearance_date)),'%Y-%m-%d') , appearance_date )+1 >= 365  AND  DATEDIFF( DATE_FORMAT(CONCAT(YEAR(NOW())+1,'-',MONTH(appearance_date),'-',DAY(appearance_date)),'%Y-%m-%d') , appearance_date )+1 < 730 THEN '9'
							WHEN DATEDIFF( DATE_FORMAT(CONCAT( YEAR(NOW())+1,'-',MONTH(appearance_date),'-',DAY(appearance_date)),'%Y-%m-%d') , appearance_date )+1 >= 730  AND  DATEDIFF( DATE_FORMAT(CONCAT(YEAR(NOW())+1,'-',MONTH(appearance_date),'-',DAY(appearance_date)),'%Y-%m-%d') , appearance_date )+1  < 1095 THEN '10'
							WHEN DATEDIFF( DATE_FORMAT(CONCAT( YEAR(NOW())+1,'-',MONTH(appearance_date),'-',DAY(appearance_date)),'%Y-%m-%d') , appearance_date )+1 >= 1095 AND  DATEDIFF( DATE_FORMAT(CONCAT(YEAR(NOW())+1,'-',MONTH(appearance_date),'-',DAY(appearance_date)),'%Y-%m-%d') , appearance_date )+1  < 1460 THEN '11'
							WHEN DATEDIFF( DATE_FORMAT(CONCAT( YEAR(NOW())+1,'-',MONTH(appearance_date),'-',DAY(appearance_date)),'%Y-%m-%d') , appearance_date )+1 >= 1460 AND  DATEDIFF( DATE_FORMAT(CONCAT(YEAR(NOW())+1,'-',MONTH(appearance_date),'-',DAY(appearance_date)),'%Y-%m-%d') , appearance_date )+1  < 1825 THEN '12'
							WHEN DATEDIFF( DATE_FORMAT(CONCAT( YEAR(NOW())+1,'-',MONTH(appearance_date),'-',DAY(appearance_date)),'%Y-%m-%d') , appearance_date )+1 >= 1825 AND  DATEDIFF( DATE_FORMAT(CONCAT(YEAR(NOW())+1,'-',MONTH(appearance_date),'-',DAY(appearance_date)),'%Y-%m-%d') , appearance_date )+1  < 2190 THEN '13'
							WHEN DATEDIFF( DATE_FORMAT(CONCAT( YEAR(NOW())+1,'-',MONTH(appearance_date),'-',DAY(appearance_date)),'%Y-%m-%d') , appearance_date )+1 >= 2190 AND  DATEDIFF( DATE_FORMAT(CONCAT(YEAR(NOW())+1,'-',MONTH(appearance_date),'-',DAY(appearance_date)),'%Y-%m-%d') , appearance_date )+1  < 2555 THEN '14'
							WHEN DATEDIFF( DATE_FORMAT(CONCAT( YEAR(NOW())+1,'-',MONTH(appearance_date),'-',DAY(appearance_date)),'%Y-%m-%d') , appearance_date )+1 >= 2555 THEN '15'
						END AS d , -- entitle last_year
						SUM(leave_hour) AS e -- annual leave last year balance	
				FROM t_users u
				LEFT OUTER JOIN t_leave l ON u.id = l.user_id AND l.current_status = 3 AND l.leave_type_id = 1 AND start_dt >= DATE_FORMAT(CONCAT( YEAR(NOW())-1 ,'-01-01'),'%Y-%m-%d') AND end_dt <= DATE_FORMAT(CONCAT( YEAR(NOW())-1 ,'-12-31'),'%Y-%m-%d')
				WHERE u.id = :userId
				-- GROUP BY u.id , appearance_date , YEAR(NOW())-1 , YEAR(appearance_date) , entitle
	
		]]>
		</query>
		<parameter name="userId" nullable="true" />
	</sql-service>
	
	
	<!-- condition from current year ( find from last year [year-1] )  -->
	<sql-service name="LEAVE_RECORD.ANNUAL_BALANCE_ENTITLE_YEAR_CURRENT" type="named-parameter" showSql="true">
		<description>Calculate previous year entitle </description>		
		<query><![CDATA[
		
				SELECT  YEAR(NOW()) as a, -- selected year 
						appearance_date AS b , -- appearance_date
					    CASE WHEN YEAR(appearance_date) = YEAR(NOW()) THEN
					   	 	DATE_FORMAT(CONCAT(YEAR(NOW())+1,'-',MONTH(appearance_date),'-',DAY(appearance_date)),'%Y-%m-%d')
					    ELSE
					  	 	DATE_FORMAT(CONCAT(YEAR(NOW()),'-',MONTH(appearance_date),'-',DAY(appearance_date)),'%Y-%m-%d')
					    END AS c , -- aniversary on date
					     CASE WHEN YEAR(appearance_date) = YEAR(NOW()) THEN
							    CASE 
							    	 WHEN DATEDIFF( DATE_FORMAT(CONCAT( YEAR(NOW()) ,'-12-31'),'%Y-%m-%d') , appearance_date )+1 < 119 THEN '0'
								 	 WHEN DATEDIFF( DATE_FORMAT(CONCAT( YEAR(NOW()) ,'-12-31'),'%Y-%m-%d') , appearance_date )+1 <= 365 THEN  TRUNCATE((( DATEDIFF( DATE_FORMAT(CONCAT( YEAR(NOW()) ,'-12-31'),'%Y-%m-%d') , appearance_date )+1 ) * 9 ) / 365 , 2 )
								END
						 ELSE
						  		CASE 
									 WHEN DATEDIFF( DATE_FORMAT(CONCAT(YEAR(NOW()),'-',MONTH(appearance_date),'-',DAY(appearance_date)),'%Y-%m-%d') , appearance_date )+1 >= 365  AND  DATEDIFF( DATE_FORMAT(CONCAT(YEAR(NOW()),'-',MONTH(appearance_date),'-',DAY(appearance_date)),'%Y-%m-%d') , appearance_date )+1 < 730 THEN '9'
						    		 WHEN DATEDIFF( DATE_FORMAT(CONCAT(YEAR(NOW()),'-',MONTH(appearance_date),'-',DAY(appearance_date)),'%Y-%m-%d') , appearance_date )+1 >= 730  AND  DATEDIFF( DATE_FORMAT(CONCAT(YEAR(NOW()),'-',MONTH(appearance_date),'-',DAY(appearance_date)),'%Y-%m-%d') , appearance_date )+1  < 1095 THEN '10'
									 WHEN DATEDIFF( DATE_FORMAT(CONCAT(YEAR(NOW()),'-',MONTH(appearance_date),'-',DAY(appearance_date)),'%Y-%m-%d') , appearance_date )+1 >= 1095 AND  DATEDIFF( DATE_FORMAT(CONCAT(YEAR(NOW()),'-',MONTH(appearance_date),'-',DAY(appearance_date)),'%Y-%m-%d') , appearance_date )+1  < 1460 THEN '11'
									 WHEN DATEDIFF( DATE_FORMAT(CONCAT(YEAR(NOW()),'-',MONTH(appearance_date),'-',DAY(appearance_date)),'%Y-%m-%d') , appearance_date )+1 >= 1460 AND  DATEDIFF( DATE_FORMAT(CONCAT(YEAR(NOW()),'-',MONTH(appearance_date),'-',DAY(appearance_date)),'%Y-%m-%d') , appearance_date )+1  < 1825 THEN '12'
									 WHEN DATEDIFF( DATE_FORMAT(CONCAT(YEAR(NOW()),'-',MONTH(appearance_date),'-',DAY(appearance_date)),'%Y-%m-%d') , appearance_date )+1 >= 1825 AND  DATEDIFF( DATE_FORMAT(CONCAT(YEAR(NOW()),'-',MONTH(appearance_date),'-',DAY(appearance_date)),'%Y-%m-%d') , appearance_date )+1  < 2190 THEN '13'
									 WHEN DATEDIFF( DATE_FORMAT(CONCAT(YEAR(NOW()),'-',MONTH(appearance_date),'-',DAY(appearance_date)),'%Y-%m-%d') , appearance_date )+1 >= 2190 AND  DATEDIFF( DATE_FORMAT(CONCAT(YEAR(NOW()),'-',MONTH(appearance_date),'-',DAY(appearance_date)),'%Y-%m-%d') , appearance_date )+1  < 2555 THEN '14'
									 WHEN DATEDIFF( DATE_FORMAT(CONCAT(YEAR(NOW()),'-',MONTH(appearance_date),'-',DAY(appearance_date)),'%Y-%m-%d') , appearance_date )+1 >= 2555 THEN '15'
								END
						END AS d ,  -- entitle of this year
					   YEAR(NOW())-1 AS e , -- last year
					   CASE
						 	WHEN DATEDIFF( DATE_FORMAT(CONCAT( YEAR(NOW())-1 ,'-12-31'),'%Y-%m-%d') , appearance_date )+1 < 119 THEN '0' 
						 	WHEN DATEDIFF( DATE_FORMAT(CONCAT( YEAR(NOW())-1 ,'-12-31'),'%Y-%m-%d'), appearance_date )+1 <= 365 THEN  TRUNCATE((( DATEDIFF( DATE_FORMAT(CONCAT( YEAR(NOW())-1 ,'-12-31'),'%Y-%m-%d'), appearance_date )+1 ) * 9 ) / 365 , 2 ) 
							WHEN DATEDIFF( DATE_FORMAT(CONCAT( YEAR(NOW())-1,'-',MONTH(appearance_date),'-',DAY(appearance_date)),'%Y-%m-%d') , appearance_date )+1 >= 365  AND  DATEDIFF( DATE_FORMAT(CONCAT(YEAR(NOW())-1,'-',MONTH(appearance_date),'-',DAY(appearance_date)),'%Y-%m-%d') , appearance_date )+1 < 730 THEN '9'
							WHEN DATEDIFF( DATE_FORMAT(CONCAT( YEAR(NOW())-1,'-',MONTH(appearance_date),'-',DAY(appearance_date)),'%Y-%m-%d') , appearance_date )+1 >= 730  AND  DATEDIFF( DATE_FORMAT(CONCAT(YEAR(NOW())-1,'-',MONTH(appearance_date),'-',DAY(appearance_date)),'%Y-%m-%d') , appearance_date )+1  < 1095 THEN '10'
							WHEN DATEDIFF( DATE_FORMAT(CONCAT( YEAR(NOW())-1,'-',MONTH(appearance_date),'-',DAY(appearance_date)),'%Y-%m-%d') , appearance_date )+1 >= 1095 AND  DATEDIFF( DATE_FORMAT(CONCAT(YEAR(NOW())-1,'-',MONTH(appearance_date),'-',DAY(appearance_date)),'%Y-%m-%d') , appearance_date )+1  < 1460 THEN '11'
							WHEN DATEDIFF( DATE_FORMAT(CONCAT( YEAR(NOW())-1,'-',MONTH(appearance_date),'-',DAY(appearance_date)),'%Y-%m-%d') , appearance_date )+1 >= 1460 AND  DATEDIFF( DATE_FORMAT(CONCAT(YEAR(NOW())-1,'-',MONTH(appearance_date),'-',DAY(appearance_date)),'%Y-%m-%d') , appearance_date )+1  < 1825 THEN '12'
							WHEN DATEDIFF( DATE_FORMAT(CONCAT( YEAR(NOW())-1,'-',MONTH(appearance_date),'-',DAY(appearance_date)),'%Y-%m-%d') , appearance_date )+1 >= 1825 AND  DATEDIFF( DATE_FORMAT(CONCAT(YEAR(NOW())-1,'-',MONTH(appearance_date),'-',DAY(appearance_date)),'%Y-%m-%d') , appearance_date )+1  < 2190 THEN '13'
							WHEN DATEDIFF( DATE_FORMAT(CONCAT( YEAR(NOW())-1,'-',MONTH(appearance_date),'-',DAY(appearance_date)),'%Y-%m-%d') , appearance_date )+1 >= 2190 AND  DATEDIFF( DATE_FORMAT(CONCAT(YEAR(NOW())-1,'-',MONTH(appearance_date),'-',DAY(appearance_date)),'%Y-%m-%d') , appearance_date )+1  < 2555 THEN '14'
							WHEN DATEDIFF( DATE_FORMAT(CONCAT( YEAR(NOW())-1,'-',MONTH(appearance_date),'-',DAY(appearance_date)),'%Y-%m-%d') , appearance_date )+1 >= 2555 THEN '15'
						END AS f , -- entitle last_year
						 
						TRUNCATE(l.leave_hour,2) AS g , -- total annual leave used from last year
						TRUNCATE(sys.balance,2) AS h -- accumulate annual leave from last year
				FROM t_users u
				LEFT OUTER JOIN 
				( SELECT  user_id , CASE WHEN SUM(balance) > 15 THEN '15' ELSE SUM(balance) END AS balance
					FROM v_annual_leave_balance 
					WHERE  annual_year < YEAR(NOW())-1
					AND use_YN = 'Y'
				    GROUP BY user_id 
				) sys ON sys.user_id = u.id 
				LEFT OUTER JOIN ( 
					SELECT user_id , sum( leave_hour ) as leave_hour
					FROM t_leave 
					WHERE year( start_dt) = year(now())-1  -- start_dt >= DATE_FORMAT(CONCAT( YEAR(NOW())-1 ,'-01-01'),'%Y-%m-%d') 
					AND year( end_dt) = year(now())-1 	   -- end_dt <= DATE_FORMAT(CONCAT( YEAR(NOW())-1 ,'-12-31'),'%Y-%m-%d')
					AND  current_status = 3 
					AND  leave_type_id = 1  
					GROUP BY  user_id  ) l 
				ON ( u.id = l.user_id ) 
				WHERE u.id = :userId
			
	
		]]>
		</query>
		<parameter name="userId" nullable="true" />
	</sql-service>
	
		<!-- condition from current year  -->
	<sql-service name="LEAVE_RECORD.ANNUAL_BALANCE_ENTITLE_YEAR-1" type="named-parameter" showSql="true">
		<description>Calculate previous year entitle </description>		
		<query><![CDATA[
		
				SELECT  YEAR(NOW())-1 as a, -- selected year 
						appearance_date AS b , -- appearance_date
						CASE WHEN YEAR(appearance_date) > YEAR(NOW())-1 THEN
							'0'
						ELSE
						    CASE WHEN YEAR(appearance_date) = YEAR(NOW())-1 THEN
								DATE_FORMAT(CONCAT(YEAR(NOW()),'-',MONTH(appearance_date),'-',DAY(appearance_date)),'%Y-%m-%d')
							ELSE
								DATE_FORMAT(CONCAT(YEAR(NOW())-1,'-',MONTH(appearance_date),'-',DAY(appearance_date)),'%Y-%m-%d')
							END
						END AS c , -- aniversary on date
					     CASE WHEN YEAR(appearance_date) = YEAR(NOW())-1 THEN
							    CASE 
							    	 WHEN DATEDIFF( DATE_FORMAT(CONCAT( YEAR(NOW())-1 ,'-12-31'),'%Y-%m-%d') , appearance_date )+1 < 119 THEN '0'
								 	 WHEN DATEDIFF( DATE_FORMAT(CONCAT( YEAR(NOW())-1 ,'-12-31'),'%Y-%m-%d') , appearance_date )+1 <= 365 THEN  TRUNCATE((( DATEDIFF( DATE_FORMAT(CONCAT( YEAR(NOW())-1 ,'-12-31'),'%Y-%m-%d') , appearance_date )+1 ) * 9 ) / 365 , 2 )
								END
						 ELSE
						  		CASE 
									 WHEN DATEDIFF( DATE_FORMAT(CONCAT(YEAR(NOW())-1,'-',MONTH(appearance_date),'-',DAY(appearance_date)),'%Y-%m-%d') , appearance_date )+1 >= 365  AND  DATEDIFF( DATE_FORMAT(CONCAT(YEAR(NOW())-1,'-',MONTH(appearance_date),'-',DAY(appearance_date)),'%Y-%m-%d') , appearance_date )+1 < 730 THEN '9'
						    		 WHEN DATEDIFF( DATE_FORMAT(CONCAT(YEAR(NOW())-1,'-',MONTH(appearance_date),'-',DAY(appearance_date)),'%Y-%m-%d') , appearance_date )+1 >= 730  AND  DATEDIFF( DATE_FORMAT(CONCAT(YEAR(NOW())-1,'-',MONTH(appearance_date),'-',DAY(appearance_date)),'%Y-%m-%d') , appearance_date )+1  < 1095 THEN '10'
									 WHEN DATEDIFF( DATE_FORMAT(CONCAT(YEAR(NOW())-1,'-',MONTH(appearance_date),'-',DAY(appearance_date)),'%Y-%m-%d') , appearance_date )+1 >= 1095 AND  DATEDIFF( DATE_FORMAT(CONCAT(YEAR(NOW())-1,'-',MONTH(appearance_date),'-',DAY(appearance_date)),'%Y-%m-%d') , appearance_date )+1  < 1460 THEN '11'
									 WHEN DATEDIFF( DATE_FORMAT(CONCAT(YEAR(NOW())-1,'-',MONTH(appearance_date),'-',DAY(appearance_date)),'%Y-%m-%d') , appearance_date )+1 >= 1460 AND  DATEDIFF( DATE_FORMAT(CONCAT(YEAR(NOW())-1,'-',MONTH(appearance_date),'-',DAY(appearance_date)),'%Y-%m-%d') , appearance_date )+1  < 1825 THEN '12'
									 WHEN DATEDIFF( DATE_FORMAT(CONCAT(YEAR(NOW())-1,'-',MONTH(appearance_date),'-',DAY(appearance_date)),'%Y-%m-%d') , appearance_date )+1 >= 1825 AND  DATEDIFF( DATE_FORMAT(CONCAT(YEAR(NOW())-1,'-',MONTH(appearance_date),'-',DAY(appearance_date)),'%Y-%m-%d') , appearance_date )+1  < 2190 THEN '13'
									 WHEN DATEDIFF( DATE_FORMAT(CONCAT(YEAR(NOW())-1,'-',MONTH(appearance_date),'-',DAY(appearance_date)),'%Y-%m-%d') , appearance_date )+1 >= 2190 AND  DATEDIFF( DATE_FORMAT(CONCAT(YEAR(NOW())-1,'-',MONTH(appearance_date),'-',DAY(appearance_date)),'%Y-%m-%d') , appearance_date )+1  < 2555 THEN '14'
									 WHEN DATEDIFF( DATE_FORMAT(CONCAT(YEAR(NOW())-1,'-',MONTH(appearance_date),'-',DAY(appearance_date)),'%Y-%m-%d') , appearance_date )+1 >= 2555 THEN '15'
								END
						END AS d ,  -- entitle of this year
					   YEAR(NOW())-2 AS e , -- last year
					   CASE
						 	WHEN DATEDIFF( DATE_FORMAT(CONCAT( YEAR(NOW())-2 ,'-12-31'),'%Y-%m-%d') , appearance_date )+1 < 119 THEN '0' 
						 	WHEN DATEDIFF( DATE_FORMAT(CONCAT( YEAR(NOW())-2 ,'-12-31'),'%Y-%m-%d'), appearance_date )+1 <= 365 THEN  TRUNCATE((( DATEDIFF( DATE_FORMAT(CONCAT( YEAR(NOW())-2 ,'-12-31'),'%Y-%m-%d'), appearance_date )+1 ) * 9 ) / 365 , 2 ) 
							WHEN DATEDIFF( DATE_FORMAT(CONCAT( YEAR(NOW())-2,'-',MONTH(appearance_date),'-',DAY(appearance_date)),'%Y-%m-%d') , appearance_date )+1 >= 365  AND  DATEDIFF( DATE_FORMAT(CONCAT(YEAR(NOW())-2,'-',MONTH(appearance_date),'-',DAY(appearance_date)),'%Y-%m-%d') , appearance_date )+1 < 730 THEN '9'
							WHEN DATEDIFF( DATE_FORMAT(CONCAT( YEAR(NOW())-2,'-',MONTH(appearance_date),'-',DAY(appearance_date)),'%Y-%m-%d') , appearance_date )+1 >= 730  AND  DATEDIFF( DATE_FORMAT(CONCAT(YEAR(NOW())-2,'-',MONTH(appearance_date),'-',DAY(appearance_date)),'%Y-%m-%d') , appearance_date )+1  < 1095 THEN '10'
							WHEN DATEDIFF( DATE_FORMAT(CONCAT( YEAR(NOW())-2,'-',MONTH(appearance_date),'-',DAY(appearance_date)),'%Y-%m-%d') , appearance_date )+1 >= 1095 AND  DATEDIFF( DATE_FORMAT(CONCAT(YEAR(NOW())-2,'-',MONTH(appearance_date),'-',DAY(appearance_date)),'%Y-%m-%d') , appearance_date )+1  < 1460 THEN '11'
							WHEN DATEDIFF( DATE_FORMAT(CONCAT( YEAR(NOW())-2,'-',MONTH(appearance_date),'-',DAY(appearance_date)),'%Y-%m-%d') , appearance_date )+1 >= 1460 AND  DATEDIFF( DATE_FORMAT(CONCAT(YEAR(NOW())-2,'-',MONTH(appearance_date),'-',DAY(appearance_date)),'%Y-%m-%d') , appearance_date )+1  < 1825 THEN '12'
							WHEN DATEDIFF( DATE_FORMAT(CONCAT( YEAR(NOW())-2,'-',MONTH(appearance_date),'-',DAY(appearance_date)),'%Y-%m-%d') , appearance_date )+1 >= 1825 AND  DATEDIFF( DATE_FORMAT(CONCAT(YEAR(NOW())-2,'-',MONTH(appearance_date),'-',DAY(appearance_date)),'%Y-%m-%d') , appearance_date )+1  < 2190 THEN '13'
							WHEN DATEDIFF( DATE_FORMAT(CONCAT( YEAR(NOW())-2,'-',MONTH(appearance_date),'-',DAY(appearance_date)),'%Y-%m-%d') , appearance_date )+1 >= 2190 AND  DATEDIFF( DATE_FORMAT(CONCAT(YEAR(NOW())-2,'-',MONTH(appearance_date),'-',DAY(appearance_date)),'%Y-%m-%d') , appearance_date )+1  < 2555 THEN '14'
							WHEN DATEDIFF( DATE_FORMAT(CONCAT( YEAR(NOW())-2,'-',MONTH(appearance_date),'-',DAY(appearance_date)),'%Y-%m-%d') , appearance_date )+1 >= 2555 THEN '15'
						END AS f , -- entitle last_year
						SUM(leave_hour) AS g -- annual leave last year balance	
				FROM t_users u
				LEFT OUTER JOIN t_leave l ON u.id = l.user_id 
					   AND l.current_status = 3 
					   AND l.leave_type_id = 1 
					   AND start_dt >= DATE_FORMAT(CONCAT( YEAR(NOW())-2 ,'-01-01'),'%Y-%m-%d') 
					   AND end_dt <= DATE_FORMAT(CONCAT( YEAR(NOW())-2 ,'-12-31'),'%Y-%m-%d')
				WHERE u.id = :userId
				-- GROUP BY u.id , appearance_date , YEAR(NOW())-2 , YEAR(appearance_date) , entitle
	
		]]>
		</query>
		<parameter name="userId" nullable="true" />
	</sql-service>
	
	
	<sql-service name="LEAVE_RECORD.ANNUAL_BALANCE_ENTITLE_YEAR-2" type="named-parameter" showSql="true">
		<description>Calculate previous year entitle </description>		
		<query><![CDATA[
		
			SELECT  YEAR(NOW())-2 as a, -- selected year 
						appearance_date AS b , -- appearance_date
						CASE WHEN YEAR(appearance_date) > YEAR(NOW())-2 THEN
							'0'
						ELSE
						    CASE WHEN YEAR(appearance_date) = YEAR(NOW())-2 THEN
								DATE_FORMAT(CONCAT(YEAR(NOW())-1,'-',MONTH(appearance_date),'-',DAY(appearance_date)),'%Y-%m-%d')
							ELSE
								DATE_FORMAT(CONCAT(YEAR(NOW())-2,'-',MONTH(appearance_date),'-',DAY(appearance_date)),'%Y-%m-%d')
							END
						END AS c , -- aniversary on date
					     CASE WHEN YEAR(appearance_date) = YEAR(NOW())-2 THEN
							    CASE 
							    	 WHEN DATEDIFF( DATE_FORMAT(CONCAT( YEAR(NOW())-2 ,'-12-31'),'%Y-%m-%d') , appearance_date )+1 < 119 THEN '0'
								 	 WHEN DATEDIFF( DATE_FORMAT(CONCAT( YEAR(NOW())-2 ,'-12-31'),'%Y-%m-%d') , appearance_date )+1 <= 365 THEN  TRUNCATE((( DATEDIFF( DATE_FORMAT(CONCAT( YEAR(NOW())-2 ,'-12-31'),'%Y-%m-%d') , appearance_date )+1 ) * 9 ) / 365 , 2 )
								END
						 ELSE
						  		CASE 
									 WHEN DATEDIFF( DATE_FORMAT(CONCAT(YEAR(NOW())-2,'-',MONTH(appearance_date),'-',DAY(appearance_date)),'%Y-%m-%d') , appearance_date )+1 >= 365  AND  DATEDIFF( DATE_FORMAT(CONCAT(YEAR(NOW())-2,'-',MONTH(appearance_date),'-',DAY(appearance_date)),'%Y-%m-%d') , appearance_date )+1 < 730 THEN '9'
						    		 WHEN DATEDIFF( DATE_FORMAT(CONCAT(YEAR(NOW())-2,'-',MONTH(appearance_date),'-',DAY(appearance_date)),'%Y-%m-%d') , appearance_date )+1 >= 730  AND  DATEDIFF( DATE_FORMAT(CONCAT(YEAR(NOW())-2,'-',MONTH(appearance_date),'-',DAY(appearance_date)),'%Y-%m-%d') , appearance_date )+1  < 1095 THEN '10'
									 WHEN DATEDIFF( DATE_FORMAT(CONCAT(YEAR(NOW())-2,'-',MONTH(appearance_date),'-',DAY(appearance_date)),'%Y-%m-%d') , appearance_date )+1 >= 1095 AND  DATEDIFF( DATE_FORMAT(CONCAT(YEAR(NOW())-2,'-',MONTH(appearance_date),'-',DAY(appearance_date)),'%Y-%m-%d') , appearance_date )+1  < 1460 THEN '11'
									 WHEN DATEDIFF( DATE_FORMAT(CONCAT(YEAR(NOW())-2,'-',MONTH(appearance_date),'-',DAY(appearance_date)),'%Y-%m-%d') , appearance_date )+1 >= 1460 AND  DATEDIFF( DATE_FORMAT(CONCAT(YEAR(NOW())-2,'-',MONTH(appearance_date),'-',DAY(appearance_date)),'%Y-%m-%d') , appearance_date )+1  < 1825 THEN '12'
									 WHEN DATEDIFF( DATE_FORMAT(CONCAT(YEAR(NOW())-2,'-',MONTH(appearance_date),'-',DAY(appearance_date)),'%Y-%m-%d') , appearance_date )+1 >= 1825 AND  DATEDIFF( DATE_FORMAT(CONCAT(YEAR(NOW())-2,'-',MONTH(appearance_date),'-',DAY(appearance_date)),'%Y-%m-%d') , appearance_date )+1  < 2190 THEN '13'
									 WHEN DATEDIFF( DATE_FORMAT(CONCAT(YEAR(NOW())-2,'-',MONTH(appearance_date),'-',DAY(appearance_date)),'%Y-%m-%d') , appearance_date )+1 >= 2190 AND  DATEDIFF( DATE_FORMAT(CONCAT(YEAR(NOW())-2,'-',MONTH(appearance_date),'-',DAY(appearance_date)),'%Y-%m-%d') , appearance_date )+1  < 2555 THEN '14'
									 WHEN DATEDIFF( DATE_FORMAT(CONCAT(YEAR(NOW())-2,'-',MONTH(appearance_date),'-',DAY(appearance_date)),'%Y-%m-%d') , appearance_date )+1 >= 2555 THEN '15'
								END
						END AS d ,  -- entitle of this year
					   YEAR(NOW())-3 AS e , -- last year
					   CASE
						 	WHEN DATEDIFF( DATE_FORMAT(CONCAT( YEAR(NOW())-3 ,'-12-31'),'%Y-%m-%d') , appearance_date )+1 < 119 THEN '0' 
						 	WHEN DATEDIFF( DATE_FORMAT(CONCAT( YEAR(NOW())-3 ,'-12-31'),'%Y-%m-%d'), appearance_date )+1 <= 365 THEN  TRUNCATE((( DATEDIFF( DATE_FORMAT(CONCAT( YEAR(NOW())-3 ,'-12-31'),'%Y-%m-%d'), appearance_date )+1 ) * 9 ) / 365 , 2 ) 
							WHEN DATEDIFF( DATE_FORMAT(CONCAT( YEAR(NOW())-3,'-',MONTH(appearance_date),'-',DAY(appearance_date)),'%Y-%m-%d') , appearance_date )+1 >= 365  AND  DATEDIFF( DATE_FORMAT(CONCAT(YEAR(NOW())-3,'-',MONTH(appearance_date),'-',DAY(appearance_date)),'%Y-%m-%d') , appearance_date )+1 < 730 THEN '9'
							WHEN DATEDIFF( DATE_FORMAT(CONCAT( YEAR(NOW())-3,'-',MONTH(appearance_date),'-',DAY(appearance_date)),'%Y-%m-%d') , appearance_date )+1 >= 730  AND  DATEDIFF( DATE_FORMAT(CONCAT(YEAR(NOW())-3,'-',MONTH(appearance_date),'-',DAY(appearance_date)),'%Y-%m-%d') , appearance_date )+1  < 1095 THEN '10'
							WHEN DATEDIFF( DATE_FORMAT(CONCAT( YEAR(NOW())-3,'-',MONTH(appearance_date),'-',DAY(appearance_date)),'%Y-%m-%d') , appearance_date )+1 >= 1095 AND  DATEDIFF( DATE_FORMAT(CONCAT(YEAR(NOW())-3,'-',MONTH(appearance_date),'-',DAY(appearance_date)),'%Y-%m-%d') , appearance_date )+1  < 1460 THEN '11'
							WHEN DATEDIFF( DATE_FORMAT(CONCAT( YEAR(NOW())-3,'-',MONTH(appearance_date),'-',DAY(appearance_date)),'%Y-%m-%d') , appearance_date )+1 >= 1460 AND  DATEDIFF( DATE_FORMAT(CONCAT(YEAR(NOW())-3,'-',MONTH(appearance_date),'-',DAY(appearance_date)),'%Y-%m-%d') , appearance_date )+1  < 1825 THEN '12'
							WHEN DATEDIFF( DATE_FORMAT(CONCAT( YEAR(NOW())-3,'-',MONTH(appearance_date),'-',DAY(appearance_date)),'%Y-%m-%d') , appearance_date )+1 >= 1825 AND  DATEDIFF( DATE_FORMAT(CONCAT(YEAR(NOW())-3,'-',MONTH(appearance_date),'-',DAY(appearance_date)),'%Y-%m-%d') , appearance_date )+1  < 2190 THEN '13'
							WHEN DATEDIFF( DATE_FORMAT(CONCAT( YEAR(NOW())-3,'-',MONTH(appearance_date),'-',DAY(appearance_date)),'%Y-%m-%d') , appearance_date )+1 >= 2190 AND  DATEDIFF( DATE_FORMAT(CONCAT(YEAR(NOW())-3,'-',MONTH(appearance_date),'-',DAY(appearance_date)),'%Y-%m-%d') , appearance_date )+1  < 2555 THEN '14'
							WHEN DATEDIFF( DATE_FORMAT(CONCAT( YEAR(NOW())-3,'-',MONTH(appearance_date),'-',DAY(appearance_date)),'%Y-%m-%d') , appearance_date )+1 >= 2555 THEN '15'
						END AS f , -- entitle last_year
						SUM(leave_hour) AS g -- annual leave last year balance	
				FROM t_users u
				LEFT OUTER JOIN t_leave l ON u.id = l.user_id 
					   AND l.current_status = 3 
					   AND l.leave_type_id = 1 
					   AND start_dt >= DATE_FORMAT(CONCAT( YEAR(NOW())-3 ,'-01-01'),'%Y-%m-%d') 
					   AND end_dt <= DATE_FORMAT(CONCAT( YEAR(NOW())-3 ,'-12-31'),'%Y-%m-%d')
				WHERE u.id = :userId
				-- GROUP BY u.id , appearance_date , YEAR(NOW())-2 , YEAR(appearance_date) , entitle
	
		]]>
		</query>
		<parameter name="userId" nullable="true" />
	</sql-service>
	

	<sql-service name="LEAVE_RECORD.CAL_ANNAUL_LEAVE_ACCUMULATE" type="named-parameter" showSql="true">
		<description>search leave request </description>		
		<query><![CDATA[
				SELECT working_year AS a ,
					   entitle AS b,
					   used AS c,
					   balance AS d
				FROM v_annual_leave_balance 
				WHERE user_id = :userId
				AND annual_year < :year
				AND use_YN = 'Y'
				
		]]>
		</query>
		<parameter name="userId" nullable="false" />
		<parameter name="year" nullable="false" />
	</sql-service>
	
	
	<sql-service name="SQL_SEARCH_USER" type="named-parameter" showSql="true">
		<description>search annual info show on modal</description>		
		<query><![CDATA[
				SELECT id , CONCAT( first_name,' ',last_name) as val
				FROM t_users 
				WHERE user_status = 1
				ORDER BY val
		]]>
		</query>
		<parameter name="userId" nullable="true" />
	</sql-service>
	
	 
	<sql-service name="LEAVE_RECORD.SQL_ANNUAL_INFO_STAFF" type="named-parameter" showSql="true">
		<description>search annual info show on modal</description>		
		<query><![CDATA[
				SELECT IFNULL(DATE_FORMAT(appearance_date,'%e %b %Y'),'') AS a , 
					   IFNULL(DATE_FORMAT(resign_date,'%e %b %Y'),'') AS b , 
					   IFNULL(probation_YN,'') AS c , 
					   IFNULL(DATE_FORMAT(probation_date,'%e %b %Y'),'')  AS d ,   
					   IFNULL(DATEDIFF('2018-12-31' , appearance_date )+1,'')  AS e,
					   IFNULL(employee_type,'') AS f
				FROM t_users
				WHERE id = :userId
		]]>
		</query>
		<parameter name="userId" nullable="true" />
	</sql-service>
	
	
	<sql-service name="LEAVE_RECORD.SQL_ANNUAL_INFO_LAST_YEAR" type="named-parameter" showSql="true">
		<description>search leave request </description>		
		<query><![CDATA[
			
			SELECT IFNULL(annual_year,'') AS a , IF((IFNULL(entitle,0) + IFNULL(carry_over,0) + IFNULL(add_1_day,0)) > 15, 15, (IFNULL(entitle,0) + IFNULL(carry_over,0) + IFNULL(add_1_day,0))) AS b  , IFNULL(used,'') AS c , IFNULL(balance,'')  AS d
			FROM  v_annual_leave_balance 
			WHERE user_id = :userId
			AND annual_year = year(now())-1 

		]]>
		</query>
		<parameter name="userId" nullable="true" />
	</sql-service>
	
	<sql-service name="LEAVE_RECORD.SQL_ANNUAL_INFO_LAST_2YEAR" type="named-parameter" showSql="true">
		<description>search leave request </description>		
		<query><![CDATA[
			
			SELECT IFNULL(annual_year,'') AS a , IF((IFNULL(entitle,0) + IFNULL(carry_over,0) + IFNULL(add_1_day,0)) > 15, 15, (IFNULL(entitle,0) + IFNULL(carry_over,0) + IFNULL(add_1_day,0))) AS b  , IFNULL(used,'') AS c , IFNULL(balance,'')  AS d
			FROM  v_annual_leave_balance 
			WHERE user_id = :userId
			AND annual_year = year(now())-2 

		]]>
		</query>
		<parameter name="userId" nullable="true" />
	</sql-service>	
	
	<sql-service name="LEAVE_RECORD.SQL_ANNUAL_INFO_THIS_YEAR" type="named-parameter" showSql="true">
		<description>search annual info show on modal</description>		
		<query><![CDATA[
			SELECT   SUM(l.leave_hour) as a, -- total leave hour this year
					  CASE WHEN YEAR(appearance_date) = YEAR(NOW()) THEN
							    CASE 
							    	 -- WHEN DATEDIFF(  DATE_FORMAT(CONCAT(YEAR(NOW()),'-12-31'),'%Y-%m-%d')  , appearance_date )+1< 119 THEN '0'
								 	 WHEN DATEDIFF(  DATE_FORMAT(CONCAT(YEAR(NOW()),'-12-31'),'%Y-%m-%d')  , appearance_date )+1 <= 365 THEN  ROUND(( ( DATEDIFF (DATE_FORMAT(CONCAT(YEAR(NOW()),'-12-31'),'%Y-%m-%d')  , appearance_date )+1 ) * 9 ) / 365 , 2 ) 
								END
						 ELSE
						  		CASE 
									 WHEN DATEDIFF(  DATE_FORMAT(CONCAT(YEAR(NOW()),'-12-31'),'%Y-%m-%d')  , appearance_date )+1 >= 365  AND  DATEDIFF(  DATE_FORMAT(CONCAT(YEAR(NOW()),'-12-31'),'%Y-%m-%d')  , appearance_date )+1< 730 THEN '9'
						    	WHEN DATEDIFF(  DATE_FORMAT(CONCAT(YEAR(NOW()),'-12-31'),'%Y-%m-%d')  , appearance_date )+1 >= 730  AND  DATEDIFF(  DATE_FORMAT(CONCAT(YEAR(NOW()),'-12-31'),'%Y-%m-%d')  , appearance_date )+1 < 1095 THEN '10'
									 WHEN DATEDIFF(  DATE_FORMAT(CONCAT(YEAR(NOW()),'-12-31'),'%Y-%m-%d')   , appearance_date )+1 >= 1095 AND DATEDIFF(  DATE_FORMAT(CONCAT(YEAR(NOW()),'-12-31'),'%Y-%m-%d')  , appearance_date )+1  < 1460 THEN '11'
									 WHEN DATEDIFF( DATE_FORMAT(CONCAT(YEAR(NOW()),'-12-31'),'%Y-%m-%d')   , appearance_date )+1 >= 1460 AND  DATEDIFF(  DATE_FORMAT(CONCAT(YEAR(NOW()),'-12-31'),'%Y-%m-%d')  , appearance_date )+1 < 1825 THEN '12'
									 WHEN DATEDIFF(  DATE_FORMAT(CONCAT(YEAR(NOW()),'-12-31'),'%Y-%m-%d')   , appearance_date )+1 >= 1825 AND DATEDIFF(  DATE_FORMAT(CONCAT(YEAR(NOW()),'-12-31'),'%Y-%m-%d')  , appearance_date )+1  < 2190 THEN '13'
									 WHEN DATEDIFF(  DATE_FORMAT(CONCAT(YEAR(NOW()),'-12-31'),'%Y-%m-%d')   , appearance_date )+1 >= 2190 AND   DATEDIFF(  DATE_FORMAT(CONCAT(YEAR(NOW()),'-12-31'),'%Y-%m-%d')  , appearance_date )+1 < 2555 THEN '14'
									 WHEN DATEDIFF( DATE_FORMAT(CONCAT(YEAR(NOW()),'-12-31'),'%Y-%m-%d')   , appearance_date )+1 >= 2555 THEN '15'
								END
						END AS b  , -- entitle of this year
						-- IFNULL(DATE_FORMAT(CONCAT(YEAR(NOW()),'-',MONTH(appearance_date),'-',DAY(appearance_date)),'%e %b %Y'),'') AS c ,
						-- DATEDIFF(  DATE_FORMAT(CONCAT(YEAR(NOW()),'-',MONTH(appearance_date),'-',DAY(appearance_date)),'%Y-%m-%d') , NOW())  AS d
						CASE WHEN YEAR(appearance_date) = YEAR(NOW())
						THEN IFNULL(DATE_FORMAT(CONCAT(YEAR(NOW())+1,'-',MONTH(appearance_date),'-',DAY(appearance_date)),'%e %b %Y'),'')
						ELSE IFNULL(DATE_FORMAT(CONCAT(YEAR(NOW()),'-',MONTH(appearance_date),'-',DAY(appearance_date)),'%e %b %Y'),'')
						END AS c,
						CASE WHEN YEAR(appearance_date) = YEAR(NOW()) 
						THEN	-1
						ELSE  (CAST( DATE_FORMAT( CURDATE() ,'%m%d') AS SIGNED) - CAST(DATE_FORMAT( appearance_date,'%m%d') AS SIGNED)) 
						END AS d
						
			FROM t_users u
				LEFT OUTER JOIN t_leave l ON u.id = l.user_id 
			    AND l.current_status = 3 
			    AND l.leave_type_id = 1 
			    AND year( l.start_dt) = year(now()) 
			    AND year( l.end_dt) = year(now()) 	
			WHERE u.id = :userId
		
		]]>
		</query>
		<parameter name="userId" nullable="true" />
	</sql-service>
	
	<sql-service name="CALENDAR.HOLIDAY_CALENDAR" type="named-parameter" showSql="true">
		<description>get holiday show in calendar  </description>		
		<query><![CDATA[
			
			SELECT  DATE_FORMAT(calendar_date,'%d/%m/%Y') AS a
			FROM t_calendars
			WHERE  YEAR(calendar_date) = :year
			AND status_yn = 'Y'
			ORDER BY calendar_date

		]]>
		</query>
		<parameter name="year" nullable="true" />
	</sql-service>
	
	<sql-service name="LEAVE_RECORD.SUM_ALL_USED_LEAVE" type="named-parameter" showSql="true">
		<description>get holiday show in calendar  </description>		
		<query><![CDATA[
			
			SELECT sum(leave_hour) AS a, leave_type_id AS b
			FROM t_leave
			WHERE user_id = :userId
			AND current_status = 3 
			AND YEAR(end_dt) = :year
			GROUP BY leave_type_id

		]]>
		</query>
		<parameter name="year" nullable="true" />
		<parameter name="userId" nullable="true" />
	</sql-service>
	
	
	

</query-collection>