<?xml version="1.0" encoding="UTF-8"?>
<query-collection>
	
	<sql-service name="SQL_SEARCH.HR_TIMESHEET" type="named-parameter" showSql="true">
		<description>Search Hr TimeSheet Report</description>
		<query><![CDATA[	
			select year(spent_on) as tyear , MONTH(spent_on) as tmonth , DATE_FORMAT(t.spent_on, '%d-%b-%Y') as spent_on  
			, u.employee_id , concat(u.first_name,' ', ifnull(u.last_name,'')) as employee_name
			, ifnull(u.position,'') as position , ifnull(dv.dept_code,'') as division_id , ifnull(dv.dept_name,'') as division_name
			, ifnull(d.dept_code,'') as dept_code , ifnull(d.dept_name,'') as dept_name , ifnull(s.dept_code, '') as section_code, ifnull(s.dept_name,'') as section_name 
			, ifnull(u.job_level,'') as rank_id , '' as role_id
			, p.project_name , ifnull(dl.project_code,'') as project_code , ifnull(tsk.task_name,'') as task_name 
			, case when pt.type_PD = 'P' and p.project_type = 1 then 1 else 0 end as internal_project 
			, case when pt.type_PD = 'P' and p.project_type = 2 then 1 else 0 end as implement_project 
			, case when pt.type_PD = 'P' and p.project_type = 3 then 1 else 0 end as ma_project   
			, case when pt.type_PD = 'D' then 1 else 0 end as deal_project 
			, case when pt.type_PD = 'P' and p.project_type in (2,3) then 'Chargable' else 'Non Chargable' end as project_type  
			, ifnull(orc.code_name,'') as orc_status_name , ifnull(deal.code_name,'') as deal_status_name 
			, concat(ifnull(sales.first_name,''),' ',ifnull(sales.last_name,'')) as sales_name , ifnull(p.customer_name,'') as customer_name 
			, ifnull(lg.code_name,'') as logtime_status
			, concat(ifnull(approver.first_name,''),' ', ifnull(approver.last_name, '')) as logtime_approve_by  
			, ifnull(note.note_comment,'') as note_comment  , t.hours as office_hour  
			
			
			from t_time_entries t 
			left outer join t_users u on ( t.user_id = u.id )
			left outer join t_departments dv on (dv.dept_type =1 and u.division_id = dv.id)
			left outer join t_departments d on ( d.dept_type = 2 and u.main_dept_id = d.id ) 
			left outer join t_departments s on ( s.dept_type = 3 and u.section_id = s.id )
			left outer join t_projects p on ( t.project_id = p.id ) 
			left outer join t_tasks tsk on ( t.task_id = tsk.id )
			left outer join t_identify_key pt on ( t.project_id = pt.id ) 
			left outer join t_deals dl on ( p.deal_id = dl.id ) 
			left outer join t_codebook_langs orc on ( orc.code_type = 'ORC_STATUS' and dl.orc_status_id = orc.code_id ) 
			left outer join t_codebook_langs deal on ( deal.code_type = 'DEAL_STATUS' and dl.status_id = deal.code_id ) 
			left outer join t_users sales on ( dl.sales_id = sales.id ) 
			left outer join t_codebook_langs lg on ( lg.code_type = 'TIMESHEET_STATUS' and t.time_status = lg.code_id ) 
			left outer join t_users approver on ( t.approved_uid = approver.id ) 
			left outer join ( 
											select  project_id , task_id , user_id ,note_date,GROUP_CONCAT( note_comment SEPARATOR '| ') as note_comment
											from (
													select project_id , task_id , user_id  ,note_date ,concat(note_date,' ',note_detail,'+',TRUNCATE(`hour`, 1),'hr.') as note_comment   
													from t_timesheet_notes 
													) as n 
											group by  project_id , task_id , user_id  ,note_date 
										) as note on ( t.project_id = note.project_id 
																		and t.task_id = note.task_id
																		and t.user_id = note.user_id 
																		and t.spent_on = note.note_date )
			 
			
			where 1=1
			${#spentFrom?.text}
			${#spentTo?.text}
			${#division?.text}
			${#department?.text}
			${#section?.text}
			${#employeeId?.text}
			${#employeeType?.text}
			${#projectId?.text}

			order by tyear, tmonth, spent_on, employee_name
			limit 10000
			 
			;
		]]>
		</query>
		<parameter name="spentFrom" >and t.spent_on >= :spentFrom </parameter>
		<parameter name="spentTo" >and t.spent_on &lt;= :spentTo </parameter>
		<parameter name="division" >and u.division_id= :division</parameter>
		<parameter name="department" >and u.main_dept_id= :department</parameter>
		<parameter name="section" >and u.section_id = :section</parameter>
		<parameter name="employeeId" >and t.user_id in (:employeeId)</parameter>
		<parameter name="employeeType" >and u.employee_type = :employeeType</parameter>
		<parameter name="projectId" >and t.project_id = :projectId</parameter>
		
	</sql-service>
	
	
</query-collection>