<?xml version="1.0" encoding="UTF-8"?>
<query-collection>
	<sql-service name="DOCUMENTS.SQL_SEARCH" type="named-parameter" showSql="true">
		<description>DOCUMENTS.SQL_SEARCH</description>
		<query><![CDATA[	
		
			SELECT d.id AS a
				,d.project_id  AS b
				,d.document_type_setting_id  AS c
				,s.name  AS d
				,d.document_name AS e
				,d.description AS f
				,d.file_name AS g
				,d.file_size AS h
				,d.content_type AS i
				,d.documents_version_id AS j
				,(SELECT CONCAT(t_users.first_name,' ',t_users.last_name) FROM t_users WHERE t_users.id = d.create_uid) AS k
				,DATE_FORMAT(d.create_dt,'%d-%b-%Y') as l
				,DATE_FORMAT(d.create_dt,'%w') as m
				,d.disk_directory AS n
				,d.disk_path AS o
			FROM t_documents d JOIN t_document_type_settings s ON d.document_type_setting_id = s.id
			WHERE 1=1
			  	${#id?.text}
			  	${#project_id?.text}
			ORDER BY s.name
		]]>
		</query>
		<parameter name="id" > AND d.id = :id</parameter>
		<parameter name="project_id"> AND d.project_id = :project_id</parameter>
	</sql-service>
	
	 
	<sql-service name="DOCUMENTS.SQL_SEARCH_DEAL_PROJECT" type="named-parameter" showSql="true">
		<description>DOCUMENTS.SQL_SEARCH_DEAL_PROJECT</description>
		<query><![CDATA[	
		
			SELECT d.id AS a
				,d.project_id  AS b
				,d.document_type_setting_id  AS c
				,s.name  AS d
				,d.document_name AS e
				,d.description AS f
				,d.file_name AS g
				,d.file_size AS h
				,d.content_type AS i
				,d.documents_version_id AS j
				,(SELECT CONCAT(t_users.first_name,' ',t_users.last_name) FROM t_users WHERE t_users.id = d.create_uid) AS k
				,DATE_FORMAT(d.create_dt,'%d-%b-%Y') as l
				,DATE_FORMAT(d.create_dt,'%w') as m
			FROM t_documents d JOIN t_document_type_settings s ON d.document_type_setting_id = s.id
			WHERE project_id = (SELECT deal_id FROM t_projects WHERE id = :project_id ) 
			ORDER BY s.name
		]]>
		</query>
		<parameter name="project_id"  nullable="false" />
	</sql-service>
	
	

	<sql-service name="DOCUMENTS.SQL_INSERT" type="named-parameter"
		showSql="true">
		<description>DOCUMENTS.SQL_INSERT</description>
		<query><![CDATA[
			INSERT INTO t_documents (
			  project_id,
			  document_type_setting_id,
			  document_name,
			  description,
			  disk_path,
			  file_name,
			  file_size,
			  content_type,
			  disk_directory,
			  documents_version_id,
			  create_uid,
			  create_dt
			) VALUES (
			  :project_id,
			  :document_type_setting_id,
			  :document_name,
			  :description,
			  :disk_path,
			  :file_name,
			  :file_size,
			  :file_type,
			  :disk_directory,
			  :documents_version_id,
			  :create_uid,
			  NOW()
			)
		]]>
		</query>
		<parameter name="project_id" nullable="false" />
		<parameter name="document_type_setting_id" nullable="false" />
		<parameter name="document_name" nullable="false" />
		<parameter name="description" nullable="true" />
		<parameter name="disk_path" nullable="false" />
		<parameter name="file_name" nullable="true" />
		<parameter name="file_size" nullable="true" />
		<parameter name="file_type" nullable="true" />
		<parameter name="disk_directory" nullable="false" />
		<parameter name="documents_version_id" nullable="true" />
		<parameter name="create_uid" nullable="true" />

	</sql-service>

	<sql-service name="DOCUMENTS.SQL_UPDATE" type="named-parameter"
		showSql="true">
		<description>DOCUMENTS.SQL_UPDATE</description>
		<query><![CDATA[	
			UPDATE t_documents
			SET project_id =:project_id,
			  document_type_setting_id =:document_type_setting_id,
			  document_name =:document_name,
			  description =:description,
			  disk_path =:disk_path,
			  file_name =:file_name,
			  file_size =:file_size,
			  content_type =:file_type,
			  disk_directory =:disk_directory,
			  documents_version_id =:documents_version_id,
			  create_uid =:create_uid,
			  create_dt = NOW()
			WHERE id= :id;
		]]>
		</query>
		<parameter name="id" nullable="false" />
		<parameter name="project_id" nullable="false" />
		<parameter name="document_type_setting_id" nullable="false" />
		<parameter name="document_name" nullable="false" />
		<parameter name="description" nullable="true" />
		<parameter name="disk_path" nullable="false" />
		<parameter name="file_name" nullable="true" />
		<parameter name="file_size" nullable="true" />
		<parameter name="file_type" nullable="true" />
		<parameter name="disk_directory" nullable="false" />
		<parameter name="documents_version_id" nullable="true" />
		<parameter name="create_uid" nullable="true" />
	</sql-service>

	<sql-service name="DOCUMENTS.SQL_DELETE" type="named-parameter"
		showSql="true">
		<description>DOCUMENTS.SQL_DELETE</description>
		<query><![CDATA[
			DELETE FROM t_documents
			WHERE id = :id
		]]>
		</query>
		<parameter name="id" nullable="false"></parameter>
	</sql-service>

</query-collection>