<?xml version="1.0" encoding="UTF-8"?>
<query-collection>

	<sql-service name="ASSETS.SQL_SEARCH_USER" type="named-parameter"
		showSql="true">
		<description>ASSETS.SQL_SEARCH_USER</description>
		<query><![CDATA[

			SELECT
				t_users.id,
				t_users.first_name,
				t_users.middle_name,
				t_users.last_name,
				t_departments.dept_name
				
				
				FROM
				t_users
				LEFT JOIN t_departments ON t_users.main_dept_id = t_departments.id
				WHERE 1=1
 					${#firstName?.text}
 					${#lastName?.text}
 					${#userId?.text}


			
		]]>
		</query>
		<!-- ${#deptName?.text} -->
		<parameter name="firstName" required="false">AND t_users.first_name LIKE :firstName</parameter>
		<parameter name="lastName" required="false">AND t_users.last_name LIKE :lastName</parameter>
		<parameter name="userId" required="false">AND t_users.id = :userId </parameter>
		<!-- <parameter name="deptName" > AND t_departments.dept_name LIKE :dept_name 
			</parameter> -->

	</sql-service>

	<sql-service name="ASSETS.SQL_SEARCH" type="named-parameter"
		showSql="true">
		<description>ASSETS.SQL_SEARCH_USER</description>
		<query><![CDATA[

				SELECT
				t_assets.id,
				t_assets.seq,
				t_assets.user_id,
				t_assets.description,
				t_assets.asset_no,
				t_assets.brand,
				t_assets.serial_no,
				t_assets.qty,
				t_assets.asset_type
				
				FROM
				t_assets
				WHERE 1=1
				AND t_assets.user_id = :user_id

			
		]]>
		</query>

		<parameter name="user_id" nullable="false"></parameter>

	</sql-service>
	
		<sql-service name="ASSETS.SQL_SEARCH_ASSET_ALL" type="named-parameter"
		showSql="true">
		<description>ASSETS.SQL_SEARCH_ASSET_ALL</description>
		<query><![CDATA[

				SELECT
				a.id,
				a.seq,
				a.user_id,
				a.description,
				a.asset_no,
				a.brand,
				a.serial_no,
				a.qty,
				a.asset_type,
				c.code_name,
				concat(u.first_name, ' ', u.last_name) as fullname,
				IFNULL(DATE_FORMAT(u.appearance_date,'%e %b %Y'),'') as register_date,
				IFNULL(DATE_FORMAT(u.resign_date,'%e %b %Y'),'') as resign_date,
				di.dept_name 
				
				FROM
				t_assets a
				LEFT JOIN t_users u ON (a.user_id = u.id)
				LEFT JOIN t_departments sec ON (u.section_id = sec.id )
				LEFT JOIN t_departments dep ON (u.main_dept_id = dep.id )
				LEFT JOIN t_departments di ON (u.division_id = di.id )
				LEFT JOIN t_codebook_langs c ON (a.asset_type = c.code_id AND c.code_type = 'ASSET_TYPE')
				WHERE 1=1
					${#id?.text}
					${#userId?.text}
					${#status?.text}
					${#assetNo?.text}
					${#brand?.text}
					${#serialNo?.text}
					${#division?.text}
					${#department?.text}
					${#section?.text}
				ORDER BY u.first_name, a.seq
			
		]]>
		</query>

		<parameter name="id" required="false"> AND a.id = :id</parameter>
		<parameter name="userId" required="false"> AND a.user_id = :userId</parameter>
		<parameter name="status" required="false"> AND u.user_status = :status</parameter>
		<parameter name="assetNo" required="false"> AND a.asset_no = :assetNo</parameter>
		<parameter name="brand" required="false"> AND a.brand = :brand</parameter>
		<parameter name="serialNo" required="false"> AND a.serial_no = :serialNo</parameter>
		<parameter name="division" required="false"> AND di.id = :division</parameter>
		<parameter name="department" required="false"> AND dep.id = :department</parameter>
		<parameter name="section" required="false"> AND sec.id = :section</parameter>

	</sql-service>


	<sql-service name="ASSETS.SQL_INSERT" type="named-parameter"
		showSql="true">
		<description>ASSETS.SQL_INSERT</description>
		<query><![CDATA[
					INSERT INTO t_assets(
					 seq,
					 user_id,
					 description,
					 asset_no,
					 brand,
					 serial_no,
					 qty,
					 asset_type,
					 create_uid,
					 create_dt
					
					)
					VALUES
					(
						:seq,
						:user_id,
						:description,
						:asset_no,
						:brand,
						:serial_no,
						:qty,
						:asset_type,
						:create_uid,
						NOW()
					)			
		]]>
		</query>

		<parameter name="seq" nullable="false"></parameter>
		<parameter name="user_id" nullable="false"></parameter>
		<parameter name="description" nullable="true"></parameter>
		<parameter name="asset_no" nullable="true"></parameter>
		<parameter name="brand" nullable="true"></parameter>
		<parameter name="serial_no" nullable="true"></parameter>
		<parameter name="qty" nullable="true"></parameter>
		<parameter name="asset_type" nullable="true"></parameter>
		<parameter name="create_uid" nullable="false"></parameter>
<!-- 		<parameter name="create_dt" nullable="false"></parameter> -->
		
	</sql-service>
	
	<sql-service name="ASSETS.SQL_UPDATE" type="named-parameter"
		showSql="true">
		<description>ASSETS.SQL_UPDATE</description>
		<query><![CDATA[
				UPDATE t_assets SET
				
					seq = :seq,
					user_id = :user_id,
					description = :description,
					asset_no = :asset_no,
					brand = :brand,
					serial_no = :serial_no,
					qty = :qty,
					asset_type = :asset_type,
					
					update_uid = :update_uid,
					update_dt = NOW()
					
				WHERE 
					id = :id		
		]]>
		</query>

		<parameter name="seq" nullable="false"></parameter>
		<parameter name="user_id" nullable="false"></parameter>
		<parameter name="description" nullable="true"></parameter>
		<parameter name="asset_no" nullable="true"></parameter>
		<parameter name="brand" nullable="true"></parameter>
		<parameter name="serial_no" nullable="true"></parameter>
		<parameter name="qty" nullable="true"></parameter>
		<parameter name="asset_type" nullable="true"></parameter>
		<parameter name="update_uid" nullable="false"></parameter>
		<parameter name="id" nullable="false"></parameter>
		
	</sql-service>
	
	<sql-service name="ASSETS.SQL_DELETE" type="named-parameter"
		showSql="true">
		<description>ASSETS.SQL_DELETE</description>
		<query><![CDATA[

			DELETE 
				FROM t_assets
			WHERE 
				id = :id		
		]]>
		</query>

		<parameter name="id" nullable="false"></parameter>
		
	</sql-service>


</query-collection>