<?xml version="1.0" encoding="UTF-8"?>
<query-collection>
	<sql-service name="SETTING_PROJECT_TASK_TEMPLATE.SQL_SEARCH"
		type="named-parameter" showSql="true">
		<description>SETTING_PROJECT_TASK_TEMPLATE.SQL_SEARCH</description>
		<query><![CDATA[	
		
			SELECT
			ttt.id,
			ttt.role_id AS roleId,
			ttt.template_task_name AS templateTaskName,
			ttt.type_PD type,
			ttt.create_uid AS createUid,
			DATE_FORMAT(ttt.create_dt,'%d/%m/%Y %T') AS createDt,
			ttt.update_uid AS updateUid,
			DATE_FORMAT(ttt.update_dt,'%d/%m/%Y %T') AS updateDt,
			
			tr.role_name AS roleName,
			CONCAT(tc.first_name,' ',tc.last_name) createUser,
			CONCAT(tu.first_name,' ',tu.last_name) updateUser
			FROM
						t_task_templates ttt
						LEFT JOIN t_roles tr ON ttt.role_id = tr.id
						LEFT JOIN t_users tc ON ttt.create_uid  = tc.id
						LEFT JOIN t_users tu ON ttt.update_uid  = tu.id
			WHERE 1=1 
			${#id?.text}

		]]>
		</query>

		<parameter name="id" > AND ttt.id = :id </parameter>

	</sql-service>

	<sql-service name="SETTING_PROJECT_TASK_TEMPLATE.SQL_INSERT"
		type="named-parameter" showSql="true">
		<description>SETTING_PROJECT_TASK_TEMPLATE.SQL_INSERT</description>
		<query><![CDATA[	
		
				INSERT INTO t_task_templates (
				
					role_id,
					template_task_name,
					type_PD,
					create_uid,
					create_dt				
				)
				VALUE(
				
					:role_id,
					:template_task_name,
					:type,
					:create_uid,
					NOW()
				)

		]]>
		</query>
		<parameter name="role_id" nullable="false"></parameter>
		<parameter name="template_task_name" nullable="false"></parameter>
		<parameter name="type" nullable="false"></parameter>
		<parameter name="create_uid" nullable="false"></parameter>
	</sql-service>

	<sql-service name="SETTING_PROJECT_TASK_TEMPLATE.SQL_UPDATE"
		type="named-parameter" showSql="true">
		<description>SETTING_PROJECT_TASK_TEMPLATE.SQL_UPDATE</description>
		<query><![CDATA[	
		
				UPDATE t_task_templates SET 
				
				role_id = :role_id,
				template_task_name = :template_task_name,
				type_PD = :type,
				update_uid = :update_uid,
				update_dt = NOW()
					
				WHERE id = :id


		]]>
		</query>

		<parameter name="role_id" nullable="false"></parameter>
		<parameter name="template_task_name" nullable="false"></parameter>
		<parameter name="type" nullable="false"></parameter>
		<parameter name="update_uid" nullable="false"></parameter>
		
		<parameter name="id" nullable="false"></parameter>
		
	</sql-service>

	<sql-service name="SETTING_PROJECT_TASK_TEMPLATE.SQL_DELETE"
		type="named-parameter" showSql="true">
		<description>SETTING_PROJECT_TASK_TEMPLATE.SQL_DELETE</description>
		<query><![CDATA[

				DELETE FROM t_task_templates
				WHERE id = :id
				
		]]>
		</query>

		<parameter name="id" nullable="false"></parameter>

	</sql-service>

</query-collection>