<?xml version="1.0" encoding="UTF-8"?>
<query-collection>
	<sql-service name="CV.SQL_SEARCH" type="named-parameter" showSql="true">
		<description>search medical allowance </description>		
		<query><![CDATA[
			
			SELECT
			t_cv.id,
			t_cv.user_id userId,
			t_cv.file_name fileName,
			t_cv.create_uid createUid,
			DATE_FORMAT(t_cv.create_dt,'%d/%m/%Y %T') createDt,
			t_cv.file_path filePath,
			
			CONCAT(t_users.first_name,' ',t_users.last_name) user
			
			
			FROM
			t_cv
			INNER JOIN t_users ON t_cv.user_id = t_users.id

			WHERE 1=1
				${#userId?.text}
				
		]]>
		</query>
		<parameter name="userId" > and t_cv.user_id = :userId </parameter>
<!-- 		<parameter name="year" > and year(hmc.receipt_date) = :year </parameter> -->
<!-- 		<parameter name="id" > and hmc.id = :id </parameter> -->
	</sql-service>
	
		<sql-service name="CV.SQL_INSERT" type="named-parameter" showSql="true">
		<description>TRAINING_RECORD.SQL_SEARCH</description>		
		<query><![CDATA[	
		
				INSERT INTO t_cv(
			
				user_id,
				file_name,
				create_uid,
				create_dt,
				file_path	
			)
			VALUE(
				:user_id,
				:file_name,
				:create_uid,
				NOW(),
				:file_path
			)
				
		]]>
		</query>
				<parameter name="user_id" nullable="true" />
				<parameter name="file_name" nullable="true" />
				<parameter name="create_uid" nullable="true" />
				<parameter name="file_path" nullable="true" />
		
	</sql-service>
	
	<sql-service name="CV.SQL_DELETE" type="named-parameter" showSql="true">
		<description>search medical allowance </description>		
		<query><![CDATA[
			
			DELETE FROM t_cv
			WHERE id = :id
				
		]]>
		</query>
		<parameter name="id" nullable="true" />
	</sql-service>

	
</query-collection>