<?xml version="1.0" encoding="UTF-8"?>
<query-collection>

	<sql-service name="TIME_SHEET_INCOMPLETE.SQL_TIME_SHEET_INCOMPLETE_USER_LIST" type="named-parameter" showSql="true">
        <description></description>		
        <query><![CDATA[	
			
			SELECT uid , staff , dept , email  ,spent_yr, spent_month , max(tc.utilize_hour) as monthUtilize 
			, SUM(draft) as draft , SUM(submitted) as submitted , SUM(rejected) as rejected , SUM( approved )  as approved    
			from 
			(
			 SELECT u.id AS uid , CONCAT(u.first_name,' ',u.last_name) AS staff  , 
			 CASE WHEN u.section_id IS NOT NULL  THEN sec.dept_name   
		         WHEN u.main_dept_id IS NOT  NULL THEN d.dept_name
		         WHEN u.division_id IS NOT NULL  THEN divi.dept_name
		     ELSE '' END AS dept ,
			 u.email ,
						   case when t.time_status = 1 then round(ifnull(hours,0),2) else 0 end as draft , 
						   case when t.time_status = 2 then round(ifnull(hours,0),2) else 0 end as submitted , 
						   case when t.time_status = 3 then round(ifnull(hours,0),2) else 0 end as rejected , 
						   case when t.time_status = 4 then round(ifnull(hours,0),2) else 0 end as approved  
							, :year as spent_yr 
							, :monthId as spent_month 
						 FROM t_users u  
						 LEFT OUTER JOIN t_time_entries t ON ( t.user_id = u.id and YEAR(t.spent_on) = :year  and MONTh(t.spent_on) = :monthId )
						 LEFT OUTER JOIN t_departments d ON d.id = u.main_dept_id
						 LEFT OUTER JOIN t_departments divi ON divi.id = u.division_id
						 LEFT OUTER JOIN t_departments sec ON sec.id = u.section_id
 						 
						 WHERE u.user_status = 1
							and u.id not in ( 1,37,98 )
							and u.id in( 131 ,38, 366)
			 ) as temp  
			LEFT OUTER JOIN tc_utilize_hours tc ON tc.utilize_year = temp.spent_yr and   tc.utilize_month_id = temp.spent_month
			GROUP BY  uid , staff , dept ,  email  ,spent_yr,spent_month  
			HAVING max(tc.utilize_hour)  <> SUM(draft) + SUM(submitted) + SUM(rejected)+ SUM(approved)
			ORDER BY  uid
			
		]]>
        </query>
        <parameter name="monthId" required="true" />
        <parameter name="year" required="true" />
        <parameter name="userId"> AND u.user_id = :userId </parameter>
	</sql-service>

	<!--  deprecate 
    <sql-service name="TIME_SHEET_INCOMPLETE.SQL_TIME_SHEET_INCOMPLETE_USER_LIST" type="named-parameter" showSql="true">
        <description></description>		
        <query><![CDATA[	
			SELECT uid , staff , dept , email , SUM(draft) as draf , SUM(submitted) as submitted , SUM(rejected) as rejected , SUM( approved )  as approved, total  from 
			(
			 SELECT u.id AS uid , CONCAT(u.first_name,' ',u.last_name) AS staff  , 
			 CASE WHEN u.section_id IS NOT NULL  THEN sec.dept_name   
		         WHEN u.main_dept_id IS NOT  NULL THEN d.dept_name
		         WHEN u.division_id IS NOT NULL  THEN divi.dept_name
		     ELSE '' END AS dept ,
			 u.email ,
						   case when t.time_status = 1 then round(ifnull(hours,0),2) else 0 end as draft , 
						   case when t.time_status = 2 then round(ifnull(hours,0),2) else 0 end as submitted , 
						   case when t.time_status = 3 then round(ifnull(hours,0),2) else 0 end as rejected , 
						   case when t.time_status = 4 then round(ifnull(hours,0),2) else 0 end as approved ,
							 tc.utilize_hour as total
						 FROM t_time_entries t 
						 LEFT OUTER JOIN t_users u ON t.user_id = u.id
						 LEFT OUTER JOIN t_departments d ON d.id = u.main_dept_id
						 LEFT OUTER JOIN t_departments divi ON divi.id = u.division_id
						 LEFT OUTER JOIN t_departments sec ON sec.id = u.section_id
						 LEFT OUTER JOIN tc_utilize_hours tc ON YEAR(t.spent_on) = tc.utilize_year and MONTh(t.spent_on) = tc.utilize_month_id
						 WHERE YEAR(t.spent_on) = :year  and MONTh(t.spent_on) = :monthId 
						 ${#userId?.text}
			 ) as temp
			GROUP BY uid , staff , dept , email , total
			HAVING ( (SUM(submitted) <> total and SUM(submitted) <> 0) OR  (SUM(approved) <> total and SUM(approved) <> 0) OR SUM(draft) <> 0 OR SUM(rejected) <> 0 )
			ORDER BY uid
		]]>
        </query>
        <parameter name="monthId" required="true" />
        <parameter name="year" required="true" />
        <parameter name="userId"> AND u.user_id = :userId</parameter>
    </sql-service>
    -->
    
    <sql-service name="TIME_SHEET_INCOMPLETE.SQL_TIME_SHEET_INCOMPLETE_USER_LIST_BY_USER_ID" type="named-parameter" showSql="true">
        <description></description>		
        <query><![CDATA[	
        	SELECT uid , staff , dept , email , SUM(draft) as draf , SUM(submitted) as submitted , SUM(rejected) as rejected , SUM( approved )  as approved, total  from 
			(
			 SELECT u.id AS uid , CONCAT(u.first_name,' ',u.last_name) AS staff  , 
			 			CASE WHEN u.section_id IS NOT NULL  THEN sec.dept_name   
								 WHEN u.main_dept_id IS NOT  NULL THEN dept.dept_name
								 WHEN u.division_id IS NOT NULL  THEN divi.dept_name
				  		  ELSE ''
				  		  END AS dept , u.email ,
						   case when t.time_status = 1 then round(ifnull(hours,0),2) else 0 end as draft , 
						   case when t.time_status = 2 then round(ifnull(hours,0),2) else 0 end as submitted , 
						   case when t.time_status = 3 then round(ifnull(hours,0),2) else 0 end as rejected , 
						   case when t.time_status = 4 then round(ifnull(hours,0),2) else 0 end as approved ,
							 tc.utilize_hour as total
						 FROM t_time_entries t 
						 LEFT OUTER JOIN t_users u ON t.user_id = u.id
						 LEFT OUTER JOIN t_departments divi ON divi.id = u.division_id
						 LEFT OUTER JOIN t_departments dept ON dept.id = u.main_dept_id
						 LEFT OUTER JOIN t_departments sec ON sec.id = u.section_id
						 LEFT OUTER JOIN tc_utilize_hours tc ON YEAR(t.spent_on) = tc.utilize_year and MONTh(t.spent_on) = tc.utilize_month_id
						 WHERE YEAR(t.spent_on) = :year  and MONTh(t.spent_on) = :monthId and u.id = :userId
					
			 ) as temp
			GROUP BY uid , staff , dept , email , total
			ORDER BY uid
			
		]]>
        </query>
        <parameter name="monthId" required="true" />
        <parameter name="year" required="true" />
        <parameter name="userId" required="true" />
    </sql-service>
    
    <sql-service name="TIME_SHEET_INCOMPLETE.SQL_TIME_SHEET_INCOMPLETE_DETAIL_BY_USER_ID" type="named-parameter" showSql="true">
        <description></description>		
        <query><![CDATA[	
			SELECT  p.id AS projectId,   p.project_name AS projectName , e.task_id AS taskId, t.task_name AS taskName, e.hours  AS hours ,
				DATE_FORMAT(e.spent_on, '%a') AS days, DATE_FORMAT(e.spent_on, '%e-%b-%Y')  AS dates 
		, CASE WHEN e.time_status = 1 then 'DRAFT'
						WHEN e.time_status = 2 then 'SUBMITTED' 
						WHEN e.time_status = 3 then 'REJECTED' 
						WHEN e.time_status = 4 then 'APPROVED' 
				ELSE  '' END AS STATUS
		FROM t_time_entries e 
		LEFT OUTER JOIN t_projects p  on e.project_id = p.id
		LEFT OUTER JOIN t_tasks t on e.task_id = t.id
		WHERE e.user_id = :uid
			AND MONTH(e.spent_on) = :monthId
			AND YEAR(e.spent_on) = :year
		ORDER BY e.spent_on ASC
		]]>
        </query>
        <parameter name="uid" required="true" />
        <parameter name="monthId" required="true" />
        <parameter name="year" required="true" />
    </sql-service>
    
    <sql-service name="TIME_SHEET_APPROVE.SQL_TIME_SHEET_APPROVE_SEND_EMAIL_LIST" type="named-parameter" showSql="true">
        <description></description>		
        <query><![CDATA[	
			SELECT ap.approver_id as approverId,
			   concat(u.first_name,' ',u.last_name) as approveName,
			   ap.project_id as approveProjectId,
			   ap.project_name as approveProjectName,
			   tmp.user_id as staffId, 
			   tmp.staff_name as staffName , 
			   hr.utilize_hour AS utilizeHour , 
			   ifnull(SUM(Clocking),'0') AS clocking, 
			   SUM(STATUS_DRAFT) as draft      , 
			   SUM(STATUS_SUBMITTED) as submitted ,
			   u.email as email
			FROM (        
				   select u.id as user_id , 
				       t.spent_on , 
				       concat(u.first_name,' ',u.last_name) as staff_name,
				       t.id, t.time_status,
				       0 as utilize_hour, 
				       t.hours as Clocking
				       , case when t.time_status  = 1 then t.hours else 0 end STATUS_DRAFT
				       , case when t.time_status  = 2 then t.hours else 0 end STATUS_SUBMITTED
				       , year(spent_on) as spent_on_yr
				       , month(spent_on) as spent_on_mth
					   , p.id as projectId
					   , p.project_name as projectName
			       from t_users u        
			          left outer join t_time_entries t on (t.user_id = u.id and year(t.spent_on) = :year and month(t.spent_on) = :monthId)          
			          left outer join t_projects p on t.project_id = p.id
					  where t.time_status = 2
			 ) as tmp 
			left OUTER JOIN v_approver_projects ap  on tmp.projectId = ap.project_id
			left outer join tc_utilize_hours as hr on ( tmp.spent_on_yr =  hr.utilize_year and tmp.spent_on_mth =  hr.utilize_month_id ) 
			left outer join t_users u on u.id = ap.approver_id
			where ap.approver_id is not null
			and ap.approver_id = 38
			group by ap.approver_id,user_id,staff_name ,ap.project_id,ap.project_name,hr.utilize_hour
			
			union all

			SELECT   app.id as approverId,
			   concat(app.first_name,' ',app.last_name) as approveName,
			   tmp.projectId as approveProjectId,
			   tmp.projectName as approveProjectName,
			   tmp.user_id as staffId, 
			   tmp.staff_name as staffName , 
			   hr.utilize_hour AS utilizeHour , 
			   ifnull(SUM(Clocking),'0') AS clocking, 
			   SUM(STATUS_DRAFT) as draft      , 
			   SUM(STATUS_SUBMITTED) as submitted ,
			   app.email as email
			FROM (        
				   select u.id as user_id , 
				       t.spent_on , 
				       concat(u.first_name,' ',u.last_name) as staff_name,
				       t.id, t.time_status,
				       0 as utilize_hour, 
				       t.hours as Clocking
				       , case when t.time_status  = 1 then t.hours else 0 end STATUS_DRAFT
				       , case when t.time_status  = 2 then t.hours else 0 end STATUS_SUBMITTED
				       , year(spent_on) as spent_on_yr
				       , month(spent_on) as spent_on_mth
					   , p.id as projectId
					   , p.project_name as projectName
					   , u.report_to_person_id1 as approver_id
			       from t_users u        
			          left outer join t_time_entries t on (t.user_id = u.id and year(t.spent_on) = :year and month(t.spent_on) = :monthId)          
			          left outer join t_projects p on t.project_id = p.id
					  where t.time_status = 2 
					  and p.project_type = 0
			 ) as tmp 

			left outer join tc_utilize_hours as hr on ( tmp.spent_on_yr =  hr.utilize_year and tmp.spent_on_mth =  hr.utilize_month_id ) 
			left outer join t_users app on app.id = tmp.approver_id
			where 1=1 
			and app.id = 38
			group by approverId,staffId,staff_name ,approveProjectId,approveProjectName,hr.utilize_hour
			order by approverId, approveProjectName	

		]]>
        </query>
        <parameter name="monthId" required="true" />
        <parameter name="year" required="true" />
    </sql-service>
    
</query-collection>