<?xml version="1.0" encoding="UTF-8"?>
<query-collection>


	<sql-service name="BASH.SQL_BASH_SEARCH_STAFF_LEAVE_HOUR" type="named-parameter" showSql="true">
		<description>Find user that math pass probation condition </description>
		<query><![CDATA[
			
			SELECT  id  AS a , 
					user_id AS b, 
					DATE_FORMAT(start_dt,'%Y-%m-%d %H:%i:%s')  AS c ,
					DATE_FORMAT(end_dt,'%Y-%m-%d %H:%i:%s')   AS d , 
					leave_hour AS e
			FROM t_leave 
			WHERE 1=1
			AND user_id = :userId
			
		]]>
		</query>
		<parameter name="userId" nullable="false" />
	</sql-service>
	
	
	<sql-service name="BASH.SQL_BASH_UPDATE_STAFF_LEAVE_HOUR" type="named-parameter" showSql="true">
		<description> auto update user pass probation  </description>		
		<query><![CDATA[	
				UPDATE t_leave SET
					leave_hour = :leaveHour 
				WHERE id = :leaveId
		]]>
		</query>
		<parameter name="leaveId" nullable="false" />
		<parameter name="leaveHour"  nullable="false" />
	</sql-service>
	
	
	<sql-service name="BASH.FIND_HOLIDAY_BETWEEN_DAY" type="named-parameter" showSql="true">
		<description>admin timesheet find holiday of selected month</description>		
		<query><![CDATA[
	    	 SELECT calendar_date AS a  ,  DATE_FORMAT(calendar_date,'%d') AS b , DATE_FORMAT(calendar_date,'%c') AS c , DATE_FORMAT(calendar_date,'%Y') AS d
	    	 FROM t_calendars 
	    	 WHERE calendar_date >= :startDate
	    	 AND calendar_date <= :endDate
		]]>
		</query>
		<parameter name="startDate" nullable="false" />
		<parameter name="endDate" nullable="false" />
	</sql-service>
	
	
 
	<sql-service name="BASH.SQL_BASH_SEARCH_PASS_PROBATION" type="named-parameter" showSql="true">
		<description>Find user that math pass probation condition </description>
		<query><![CDATA[
			
			SELECT id AS a, CONCAT(first_name,' ',last_name) as b , probation_YN AS c,
				DATE_FORMAT(NOW(),'%Y-%m-%d') as d , --  as today,
				appearance_date as e,
				DATE_ADD(appearance_date,INTERVAL  119 DAY) as f , -- as default_pass_probation_date , 
				DATEDIFF(  NOW() , appearance_date ) + 1 as g , -- as working_day ,
				IFNULL(probation_date,'') as h , -- as current_probation_set  ,
				DATEDIFF(   probation_date , NOW()  ) as i -- as pass_probation 
			FROM t_users 
			WHERE 1=1
				/*AND id = 131*/
				AND ( probation_YN is null or probation_YN <> 'Y' )
				/*AND employee_type = 1*/
				AND user_status = 1

			
		]]>
		</query>
	</sql-service>
	
	<sql-service name="BASH.SQL_BASH_UPDATE_PASS_PROBATION" type="named-parameter" showSql="true">
		<description> auto update user pass probation  </description>		
		<query><![CDATA[	
				UPDATE t_users SET
					probation_date = NOW(),
					probation_YN = 'Y'
				WHERE 1=1  
				AND id = :userId
		]]>
		</query>
		<parameter name="userId" nullable="false" />
	</sql-service>
	 

</query-collection>