<?xml version="1.0" encoding="UTF-8"?>
<query-collection>
	<sql-service name="SETTING_USER.SQL_SEARCH" type="named-parameter" showSql="true">
		<description>search user </description>		
		<query><![CDATA[
				SELECT
					 tu.id,
					 tu.first_name ,
					 tu.middle_name ,
					 tu.last_name ,
					 tu.nick_name ,
					 tu.email ,
					 tm.dept_name,
					 tcl.code_name,
					 DATE_FORMAT(tu.last_login,'%d/%m/%Y %T') AS last_login ,
					 tu.img_path ,
					 tu.login_id ,
					 tu.password ,
					 tu.main_dept_id,
					 tu.authentication_type_id,
					 tu.create_uid,
					 DATE_FORMAT(tu.create_dt,'%d/%m/%Y %T') AS create_dt ,
					 tu.user_status,
 					 tu.employee_id,
 					 tu.mobile,
 					 tu.appearance_date,
 					 tu.resign_date,
 					 tu.employee_id,
 					 CONCAT(IFNULL(ru.first_name, ''), ' ', IFNULL(ru.last_name,'')) AS report_to
 					 
				FROM
					t_users AS tu
				LEFT JOIN t_departments AS tm ON (tu.main_dept_id = tm.id)
				LEFT JOIN t_codebook_langs tcl ON (tu.user_status = tcl.code_id	AND tcl.code_type = 'USER_STATUS')
				LEFT JOIN t_users ru ON (tu.report_to_person_id1 = ru.id)
				WHERE
					1 = 1
					${#deptId?.text}
					${#userStatus?.text}
					${#employee_id?.text}
					${#id?.text}
					
				ORDER BY
					tu.id
		]]>
		</query>
		<parameter name="userStatus" >AND tu.user_status = :userStatus</parameter>
		<parameter name="employee_id" >AND tu.employee_id = :employee_id</parameter>
		<parameter name="id" >AND tu.id = :id</parameter>
		<parameter name="deptId" > AND (tu.main_dept_id = :deptId or tu.division_id = :deptId or tu.section_id = :deptId)</parameter>
	</sql-service>
	
		<sql-service name="SETTING_USER.SQL_SEARCH_LOCK" type="named-parameter" showSql="true">
		<description>search user lock</description>		
		<query><![CDATA[
				SELECT
					 tu.id,
					 tu.first_name ,
					 tu.middle_name ,
					 tu.last_name ,
					 tu.nick_name ,
					 tu.email ,
					 tm.dept_name,
					 tcl.code_name,
					 DATE_FORMAT(tu.last_login,'%d/%m/%Y %T') AS last_login ,
					 tu.img_path ,
					 tu.login_id ,
					 tu.password ,
					 tu.main_dept_id,
					 tu.authentication_type_id,
					 tu.create_uid,
					 DATE_FORMAT(tu.create_dt,'%d/%m/%Y %T') AS create_dt ,
					 tu.user_status,
 					 tu.employee_id,
 					 tu.mobile,
 					 tu.appearance_date,
 					 tu.resign_date
 					 
				FROM
					t_users AS tu
				LEFT JOIN t_departments AS tm ON tu.main_dept_id = tm.id
				LEFT JOIN t_codebook_langs tcl ON tu.user_status = tcl.code_id
				AND tcl.code_type = 'USER_STATUS'
				WHERE
					1 = 1
					AND (:userStatus)
					${#deptId?.text}
					${#employee_id?.text}
					${#id?.text}
					
				ORDER BY
					tu.id
		]]>
		</query>
		<parameter name="userStatus" nullable="true" />
		<!-- <parameter name="userStatus" >AND tu.user_status = :userStatus</parameter> -->
		<parameter name="employee_id" >AND tu.employee_id = :employee_id</parameter>
		<parameter name="id" >AND tu.id = :id</parameter>
		<parameter name="deptId" > AND tu.main_dept_id = :deptId</parameter>
	</sql-service>
	
	
	<sql-service name="SETTING_USER.SQL_SEARCH_DETAIL" type="named-parameter" showSql="true">
		<description>search user </description>		
		<query><![CDATA[
				SELECT
					t_users.id,
					t_users.login_id,
					t_users.password,
					t_users.first_name,
					t_users.middle_name,
					t_users.last_name,
					t_users.nick_name,
					t_users.division_id,
					t_users.email,
					t_users.img_path,
					t_users.main_dept_id,
					t_users.authentication_type_id,
					t_users.user_status,
					t_users.last_login,
					t_users.is_admin_YN is_admin,
					t_users.appearance_date ,
					t_users.resign_date,
					t_users.probation_YN probation,
					t_users.probation_date ,
					t_users.employee_id,
					t_users.position,
					t_users.birth_date ,
					t_users.gender_FM gender,
					t_users.address,
					t_users.employee_type,
					t_users.report_to_person_id1,
					t_users.report_to_person_id2,
					t_users.emergency_contact_person,
					t_users.emergency_contact_phone,
					t_users.emergency_contact_addr,
					t_users.create_uid,
					t_users.create_dt,
					t_users.update_uid,
					t_users.update_dt,
					t_users.job_level,
					t_users.mobile,
					t_users.outsource_company_name,
					
					(CASE WHEN (YEAR(resign_date) = YEAR(appearance_date)) THEN
							(DATEDIFF(resign_date,appearance_date)+1)/(DAYOFYEAR(CONCAT(YEAR(NOW()),'-12-31'))+1)*15000
						ELSE
							NULL
						END ) enInYear,

					(CASE WHEN (resign_date IS NOT NULL) THEN
							(CASE WHEN (YEAR(resign_date) = YEAR(NOW())) THEN
								(DATEDIFF(resign_date,DATE(CONCAT(YEAR(NOW()),'-1-1')))+1 )/(DAYOFYEAR(CONCAT(YEAR(NOW()),'-12-31')))*15000
							ELSE
								15000
							END)
						ELSE
							NULL
						END ) enResign,
			
						(CASE WHEN (YEAR(appearance_date) = YEAR(NOW())) THEN
							(DATEDIFF(LAST_DAY(DATE_ADD(NOW(), INTERVAL 12-MONTH(NOW()) MONTH)),appearance_date)+1)/(DAYOFYEAR(CONCAT(YEAR(NOW()),'-12-31')))*15000
						ELSE
							15000 
						END ) enAppearance,
						
					t_users.allow_timesheet_backward,
					t_users.allow_leave_on_probation
					
				FROM
				t_users
				WHERE 1=1 
				AND id = :id
					
		]]>
		</query>
		<parameter name="id" nullable="false"/>
	</sql-service>
		
	
	<sql-service name="SETTING_USER.SQL_INSERT" type="named-parameter" showSql="true">
		<description>post wall </description>		
		<query><![CDATA[
				
				INSERT INTO t_users (
				
				login_id,
				password,
				first_name,
				middle_name,
				last_name,
				nick_name,
				email,
				img_path,
				main_dept_id,
				authentication_type_id,
				user_status,
				last_login,
				is_admin_YN,
				appearance_date,
				resign_date,
				probation_YN,
				probation_date,
				employee_id,
				position,
				birth_date,
				gender_FM,
				address,
				employee_type,
				report_to_person_id1,
				report_to_person_id2,
				emergency_contact_person,
				emergency_contact_phone,
				emergency_contact_addr,
				create_uid,
				create_dt,
				job_level,
				mobile,
				outsource_company_name,
				allow_timesheet_backward,
				allow_leave_on_probation
				
				)
				VALUES(
					:login_id,
					:password,
					:first_name,
					:middle_name,
					:last_name,
					:nick_name,
					:email,
					:img_path,
					:main_dept_id,
					:authentication_type_id,
					:user_status,
					:last_login,
					:is_admin,
					:appearance_date,
					:resign_date,
					:probation,
					:probation_date,
					:employee_id,
					:position,
					:birth_date,
					:gender,
					:address,
					:employee_type,
					:report_to_person_id1,
					:report_to_person_id2,
					:emergency_contact_person,
					:emergency_contact_phone,
					:emergency_contact_addr,
					:create_uid,
					NOW(),
					:job_level,
					:mobile,
					:outsource_company_name,
					:allow_timesheet_backward,
					:allow_leave_on_probation
				)	
			
		]]>
		</query>
		
		<parameter name="login_id" nullable="false" />
		<parameter name="password" nullable="false" />
		<parameter name="first_name" nullable="false" />
		<parameter name="middle_name" nullable="false" />
		<parameter name="last_name" nullable="false" />
		<parameter name="nick_name" nullable="false" />
		<parameter name="email" nullable="false" />
		<parameter name="img_path" nullable="false" />
		<parameter name="main_dept_id" nullable="false" />
		<parameter name="authentication_type_id" nullable="false" />
		<parameter name="user_status" nullable="false" />
		<parameter name="last_login" nullable="false" />
		<parameter name="is_admin" nullable="false" />
		<parameter name="appearance_date" nullable="false" />
		<parameter name="resign_date" nullable="false" />
		<parameter name="probation" nullable="false" />
		<parameter name="probation_date" nullable="false" />
		<parameter name="employee_id" nullable="false" />
		<parameter name="position" nullable="false" />
		<parameter name="birth_date" nullable="false" />
		<parameter name="gender" nullable="false" />
		<parameter name="address" nullable="false" />
		<parameter name="employee_type" nullable="false" />
		<parameter name="report_to_person_id1" nullable="false" />
		<parameter name="report_to_person_id2" nullable="false" />
		<parameter name="emergency_contact_person" nullable="false" />
		<parameter name="emergency_contact_phone" nullable="false" />
		<parameter name="emergency_contact_addr" nullable="false" />
		
		<parameter name="create_uid" nullable="false" />
		<parameter name="job_level" nullable="false" />
		<parameter name="mobile" nullable="false" />
		<parameter name="outsource_company_name" nullable="false" />
		<parameter name="allow_timesheet_backward" nullable="false" />
		<parameter name="allow_leave_on_probation" nullable="false" />
	</sql-service>
	
	
	<sql-service name="SETTING_USER.SQL_UPDATE" type="named-parameter" showSql="true">
		<description>post wall </description>		
		<query><![CDATA[
				
			UPDATE t_users SET
				login_id = :login_id,
				password = :password,
				first_name = :first_name,
				middle_name = :middle_name,
				last_name = :last_name,
				nick_name = :nick_name,
				email = :email,
				img_path = :img_path,
				main_dept_id = :main_dept_id,
				authentication_type_id = :authentication_type_id,
				user_status = :user_status,
				last_login = :last_login,
				is_admin_YN = :is_admin,
				appearance_date = :appearance_date,
				resign_date = :resign_date,
				probation_YN = :probation,
				probation_date = :probation_date,
				employee_id = :employee_id,
				position = :position,
				birth_date = :birth_date,
				gender_FM = :gender,
				address = :address,
				employee_type = :employee_type,
				report_to_person_id1 = :report_to_person_id1,
				report_to_person_id2 = :report_to_person_id2,
				emergency_contact_person = :emergency_contact_person,
				emergency_contact_phone = :emergency_contact_phone,
				emergency_contact_addr = :emergency_contact_addr,
				
				update_uid = :update_uid,
				update_dt = NOW(),
				job_level = :job_level,
				mobile = :mobile,
				outsource_company_name = :outsource_company_name,
				allow_timesheet_backward = :allow_timesheet_backward,
				allow_leave_on_probation = :allow_leave_on_probation
				
			WHERE id = :id;
			
			

		]]>
		</query>
		
		<parameter name="login_id" nullable="false" />
		<parameter name="password" nullable="false" />
		<parameter name="first_name" nullable="false" />
		<parameter name="middle_name" nullable="false" />
		<parameter name="last_name" nullable="false" />
		<parameter name="nick_name" nullable="false" />
		<parameter name="email" nullable="false" />
		<parameter name="img_path" nullable="false" />
		<parameter name="main_dept_id" nullable="false" />
		<parameter name="authentication_type_id" nullable="false" />
		<parameter name="user_status" nullable="false" />
		<parameter name="last_login" nullable="false" />
		<parameter name="is_admin" nullable="false" />
		<parameter name="appearance_date" nullable="false" />
		<parameter name="resign_date" nullable="false" />
		<parameter name="probation" nullable="false" />
		<parameter name="probation_date" nullable="false" />
		<parameter name="employee_id" nullable="false" />
		<parameter name="position" nullable="false" />
		<parameter name="birth_date" nullable="false" />
		<parameter name="gender" nullable="false" />
		<parameter name="address" nullable="false" />
		<parameter name="employee_type" nullable="false" />
		<parameter name="report_to_person_id1" nullable="false" />
		<parameter name="report_to_person_id2" nullable="false" />
		<parameter name="emergency_contact_person" nullable="false" />
		<parameter name="emergency_contact_phone" nullable="false" />
		<parameter name="emergency_contact_addr" nullable="false" />
		<parameter name="update_uid" nullable="false" />
		<parameter name="job_level" nullable="false" />
		<parameter name="mobile" nullable="false" />
		<parameter name="outsource_company_name" nullable="false" />
		<parameter name="allow_timesheet_backward" nullable="false" />
		<parameter name="allow_leave_on_probation" nullable="false" />
		
		<parameter name="id" nullable="false" />
		
	</sql-service>
	
	<sql-service name="SETTING_USER.SQL_DELETE" type="named-parameter" showSql="true">
		<description>post wall </description>		
		<query><![CDATA[
		
			DELETE FROM t_users WHERE id = :id
		
			
		]]>
		</query>
		<parameter name="id" nullable="false" />
	</sql-service>
	
	<sql-service name="SETTING_USER.SQL_UPDATE_STATUS" type="named-parameter" showSql="true">
		<description>post wall </description>		
		<query><![CDATA[
		
			UPDATE t_users SET

			user_status = :user_status
			
			WHERE
			
			id = :id
		
			
		]]>
		</query>
		<parameter name="user_status" nullable="false" />
		<parameter name="id" nullable="true" />
	</sql-service>
	
	<sql-service name="SETTING_USER.SQL_UPDATE_SETTING_PROFILE" type="named-parameter" showSql="true">
		<description>update profile me </description>
		<query><![CDATA[

			UPDATE t_users SET
				first_name = :ufirstName,
				last_name = :ulastName,
				middle_name = :umiddleName,
				nick_name = :unickname,
				mobile = :umobile,
				${#ufilepath?.text}
				emergency_contact_person = :emergencyName,
				emergency_contact_phone = :emergencyMobile,
				emergency_contact_addr = :emergencyRelation,
				email_notify_timesheet = :emailNotifyTimesheet,
				email_notify_leave_request = :emailNotifyLeaveRequest
			WHERE
				id = :uid
		]]>
		</query>
		<parameter name="uid" nullable="false" />
		<parameter name="ufirstName" nullable="true" />
		<parameter name="ulastName" nullable="true" />
		<parameter name="umiddleName" nullable="true" />
		<parameter name="unickname" nullable="true" />
		<parameter name="umobile" nullable="true" />
		<parameter name="emergencyName" nullable="true" />
		<parameter name="emergencyMobile" nullable="true" />
		<parameter name="emergencyRelation" nullable="true" />
		<parameter name="emailNotifyTimesheet" nullable="true" />
		<parameter name="emailNotifyLeaveRequest" nullable="true" />
		<parameter name="ufilepath">img_path = :ufilepath,</parameter>
	</sql-service>
	
	
	<sql-service name="SETTING_USER.SQL_UPDATE_NEW" type="named-parameter" showSql="true">
		<description>post wall </description>		
		<query><![CDATA[
				
			UPDATE t_users SET
				login_id = :login_id,
				password = :password,
				first_name = :first_name,
				middle_name = :middle_name,
				last_name = :last_name,
				nick_name = :nick_name,
				email = :email,
				img_path = :img_path,
				
				division_id = :division,
				main_dept_id = :department,
				section_id = :section,
				
				
				authentication_type_id = :authentication_type_id,
				user_status = :user_status,
				last_login = :last_login,
				is_admin_YN = :is_admin,
				appearance_date = :appearance_date,
				resign_date = :resign_date,
				probation_YN = :probation,
				probation_date = :probation_date,
				employee_id = :employee_id,
				position = :position,
				birth_date = :birth_date,
				gender_FM = :gender,
				address = :address,
				employee_type = :employee_type,
				report_to_person_id1 = :report_to_person_id1,
				report_to_person_id2 = :report_to_person_id2,
				emergency_contact_person = :emergency_contact_person,
				emergency_contact_phone = :emergency_contact_phone,
				emergency_contact_addr = :emergency_contact_addr,
				
				update_uid = :update_uid,
				update_dt = NOW(),
				job_level = :job_level,
				mobile = :mobile,
				outsource_company_name = :outsource_company_name,
				allow_timesheet_backward = :allow_timesheet_backward,
				allow_leave_on_probation = :allow_leave_on_probation,
				employee_work_hours = :employee_work_hours
				
			WHERE id = :id;
			
			

		]]>
		</query>
		
		<parameter name="login_id" nullable="false" />
		<parameter name="password" nullable="false" />
		<parameter name="first_name" nullable="false" />
		<parameter name="middle_name" nullable="false" />
		<parameter name="last_name" nullable="false" />
		<parameter name="nick_name" nullable="false" />
		<parameter name="email" nullable="false" />
		<parameter name="img_path" nullable="false" />
		
		<parameter name="division" nullable="true" />
		<!-- <parameter name="main_dept_id" nullable="true" /> -->
		<parameter name="department" nullable="true" /> 		
		<parameter name="section" nullable="true" />
		
		<parameter name="authentication_type_id" nullable="false" />
		<parameter name="user_status" nullable="false" />
		<parameter name="last_login" nullable="false" />
		<parameter name="is_admin" nullable="false" />
		<parameter name="appearance_date" nullable="false" />
		<parameter name="resign_date" nullable="false" />
		<parameter name="probation" nullable="false" />
		<parameter name="probation_date" nullable="false" />
		<parameter name="employee_id" nullable="false" />
		<parameter name="position" nullable="false" />
		<parameter name="birth_date" nullable="false" />
		<parameter name="gender" nullable="false" />
		<parameter name="address" nullable="false" />
		<parameter name="employee_type" nullable="false" />
		<parameter name="report_to_person_id1" nullable="false" />
		<parameter name="report_to_person_id2" nullable="false" />
		<parameter name="emergency_contact_person" nullable="false" />
		<parameter name="emergency_contact_phone" nullable="false" />
		<parameter name="emergency_contact_addr" nullable="false" />
		<parameter name="update_uid" nullable="false" />
		<parameter name="job_level" nullable="false" />
		<parameter name="mobile" nullable="false" />
		<parameter name="outsource_company_name" nullable="false" />
		<parameter name="allow_timesheet_backward" nullable="false" />
		<parameter name="allow_leave_on_probation" nullable="false" />
		<parameter name="employee_work_hours" nullable="false" />
		
		<parameter name="id" nullable="false" />
		
	</sql-service>
	
	
	<sql-service name="SETTING_USER.SQL_INSERT_NEW" type="named-parameter" showSql="true">
		<description>setting insert new </description>		
		<query><![CDATA[
				
				INSERT INTO t_users (
				
				login_id,
				password,
				first_name,
				middle_name,
				last_name,
				nick_name,
				email,
				img_path,
				
				division_id,				
				main_dept_id,
				section_id,
				
				authentication_type_id,
				user_status,
				last_login,
				is_admin_YN,
				appearance_date,
				resign_date,
				probation_YN,
				probation_date,
				employee_id,
				position,
				birth_date,
				gender_FM,
				address,
				employee_type,
				report_to_person_id1,
				report_to_person_id2,
				emergency_contact_person,
				emergency_contact_phone,
				emergency_contact_addr,
				create_uid,
				create_dt,
				job_level,
				mobile,
				outsource_company_name,
				allow_timesheet_backward,
				allow_leave_on_probation,
				employee_work_hours
				
				)
				VALUES(
					:login_id,
					:password,
					:first_name,
					:middle_name,
					:last_name,
					:nick_name,
					:email,
					:img_path,
					:division,					
					:department,
					:section,
					:authentication_type_id,
					:user_status,
					:last_login,
					:is_admin,
					:appearance_date,
					:resign_date,
					:probation,
					:probation_date,
					:employee_id,
					:position,
					:birth_date,
					:gender,
					:address,
					:employee_type,
					:report_to_person_id1,
					:report_to_person_id2,
					:emergency_contact_person,
					:emergency_contact_phone,
					:emergency_contact_addr,
					:create_uid,
					NOW(),
					:job_level,
					:mobile,
					:outsource_company_name,
					:allow_timesheet_backward,
					:allow_leave_on_probation,
					:employee_work_hours
				)	
			
		]]>
		</query>
		
		<parameter name="login_id" nullable="false" />
		<parameter name="password" nullable="false" />
		<parameter name="first_name" nullable="false" />
		<parameter name="middle_name" nullable="false" />
		<parameter name="last_name" nullable="false" />
		<parameter name="nick_name" nullable="false" />
		<parameter name="email" nullable="false" />
		<parameter name="img_path" nullable="false" />
		<parameter name="division" nullable="true" />
		<!-- <parameter name="main_dept_id" nullable="true" /> -->
		<parameter name="department" nullable="true" /> 
		<parameter name="section" nullable="true" />
		<parameter name="authentication_type_id" nullable="false" />
		<parameter name="user_status" nullable="false" />
		<parameter name="last_login" nullable="false" />
		<parameter name="is_admin" nullable="false" />
		<parameter name="appearance_date" nullable="false" />
		<parameter name="resign_date" nullable="false" />
		<parameter name="probation" nullable="false" />
		<parameter name="probation_date" nullable="false" />
		<parameter name="employee_id" nullable="false" />
		<parameter name="position" nullable="false" />
		<parameter name="birth_date" nullable="false" />
		<parameter name="gender" nullable="false" />
		<parameter name="address" nullable="false" />
		<parameter name="employee_type" nullable="false" />
		<parameter name="report_to_person_id1" nullable="false" />
		<parameter name="report_to_person_id2" nullable="false" />
		<parameter name="emergency_contact_person" nullable="false" />
		<parameter name="emergency_contact_phone" nullable="false" />
		<parameter name="emergency_contact_addr" nullable="false" />
		
		<parameter name="create_uid" nullable="false" />
		<parameter name="job_level" nullable="false" />
		<parameter name="mobile" nullable="false" />
		<parameter name="outsource_company_name" nullable="false" />
		<parameter name="allow_timesheet_backward" nullable="false" />
		<parameter name="allow_leave_on_probation" nullable="false" />
		<parameter name="employee_work_hours" nullable="false" />
	</sql-service>
	
	<sql-service name="SETTING_USER.SQL_SEARCH_DETAIL_NEW" type="named-parameter" showSql="true">
		<description>search user </description>		
		<query><![CDATA[
				SELECT
					t_users.id,
					t_users.login_id,
					t_users.password,
					t_users.first_name,
					t_users.middle_name,
					t_users.last_name,
					t_users.nick_name,
					t_users.email,
					t_users.img_path,
					t_users.division_id,
					t_users.main_dept_id,
					t_users.section_id,
					t_users.authentication_type_id,
					t_users.user_status,
					t_users.last_login,
					t_users.is_admin_YN is_admin,
					t_users.appearance_date ,
					t_users.resign_date,
					t_users.probation_YN probation,
					t_users.probation_date ,
					t_users.employee_id,
					t_users.position,
					t_users.birth_date ,
					t_users.gender_FM gender,
					t_users.address,
					t_users.employee_type,
					t_users.report_to_person_id1,
					t_users.report_to_person_id2,
					t_users.emergency_contact_person,
					t_users.emergency_contact_phone,
					t_users.emergency_contact_addr,
					t_users.create_uid,
					t_users.create_dt,
					t_users.update_uid,
					t_users.update_dt,
					t_users.job_level,
					t_users.mobile,
					t_users.outsource_company_name,
					
					(CASE WHEN (YEAR(resign_date) = YEAR(appearance_date)) THEN
							(DATEDIFF(resign_date,appearance_date)+1)/(DAYOFYEAR(CONCAT(YEAR(NOW()),'-12-31'))+1)*15000
						ELSE
							NULL
						END ) enInYear,

					(CASE WHEN (resign_date IS NOT NULL) THEN
							(CASE WHEN (YEAR(resign_date) = YEAR(NOW())) THEN
								(DATEDIFF(resign_date,DATE(CONCAT(YEAR(NOW()),'-1-1')))+1 )/(DAYOFYEAR(CONCAT(YEAR(NOW()),'-12-31')))*15000
							ELSE
								15000
							END)
						ELSE
							NULL
						END ) enResign,
			
						(CASE WHEN (YEAR(appearance_date) = YEAR(NOW())) THEN
							(DATEDIFF(LAST_DAY(DATE_ADD(NOW(), INTERVAL 12-MONTH(NOW()) MONTH)),appearance_date)+1)/(DAYOFYEAR(CONCAT(YEAR(NOW()),'-12-31')))*15000
						ELSE
							15000 
						END ) enAppearance,
						
					t_users.allow_timesheet_backward,
					t_users.allow_leave_on_probation,
					t_users.email_notify_timesheet,
					t_users.email_notify_leave_request,
					t_users.employee_work_hours
					
				FROM
				t_users
				WHERE 1=1 
				AND id = :id
					
		]]>
		</query>
		<parameter name="id" nullable="false"/>
	</sql-service>
	
	<sql-service name="SETTING_USER.USER_DETAIL_BY_ID" type="named-parameter" showSql="true">
		<description>SETTING_USER.USER_DETAIL_BY_ID</description>		
		<query><![CDATA[	
			   select id as userId ,
			   	login_id as loginId,
			   	division_id as divisionId ,
				main_dept_id as mainDepartmentId,
				section_id as sectionId
			   from t_users where id = :id
		]]>
		</query>
		<parameter name="id" nullable="false"/>
	</sql-service>
	
	<sql-service name="SETTING_USER.TASK_LIST_BY_ID" type="named-parameter" showSql="true">
		<description>SETTING_USER.TASK_LIST_BY_ID</description>		
		<query><![CDATA[	
			    select t.id as taskId,
			   	t.seq as taskSeq,
			   	t.task_name as taskName,
			   	t.project_id as taskProjectId ,
				DATE_FORMAT(p.plan_start_date, '%d/%m/%Y') as taskStartDate,
				DATE_FORMAT(p.plan_end_date, '%d/%m/%Y') as taskEndDate
			   from t_tasks t LEFT OUTER JOIN t_projects p on t.project_id = p.id
			   where project_id = :id
			   and t.id not in (select task_id from t_task_assignees where user_id = :userId and project_id = :id)
		]]>
		</query>
		<parameter name="id" nullable="false"/>
		<parameter name="userId" nullable="false"/>
	</sql-service>
	
	<sql-service name="SETTING_USER.INSERT_TASK_ASSIGNEE" type="named-parameter" showSql="true">
		<description>SETTING_USER.INSERT_TASK_ASSIGNEE</description>		
		<query><![CDATA[	
			   insert into t_task_assignees (
			   	project_id,
				task_id,
				user_id,
				status,
				create_user_id,
				create_dt,
				start_dt,
				end_dt
				)
			VALUES(
				:projectId,
				:taskId,
				:userId,
				:status,
				:createBy,
				NOW(),
				STR_TO_DATE(CASE WHEN :startDate = '' THEN NULL ELSE :startDate END, '%d/%m/%Y'),
				STR_TO_DATE(CASE WHEN :endDate = '' THEN NULL ELSE :endDate END, '%d/%m/%Y')
			)
		]]>
		</query>
		<parameter name="projectId" nullable="false"/>
		<parameter name="taskId" nullable="false"/>
		<parameter name="userId" nullable="false"/>
		<parameter name="status" nullable="false"/>
		<parameter name="createBy" nullable="false"/>
		<parameter name="startDate" nullable="false"/>
		<parameter name="endDate" nullable="false"/>
	</sql-service>
	
	<sql-service name="SETTING_USER.FIND_TIME_SHEET_TASK_ASSIGNEE_BY_USERID" type="named-parameter" showSql="true">
		<description>SETTING_USER.FIND_TIME_SHEET_TASK_ASSIGNEE_BY_USERID</description>		
		<query><![CDATA[	
			  select user_id as userId , 
				project_id as projectId ,
				ifnull(sum(hours),'0') as sumHour 
			from t_time_entries 
			where user_id = :userId and project_id = :projectId
		]]>
		</query>
		<parameter name="userId" nullable="false"/>
		<parameter name="projectId" nullable="false"/>
	</sql-service>
	
	<sql-service name="SETTING_USER.DELETE_TIME_SHEET_TASK_ASSIGNEE_BY_USERID" type="named-parameter" showSql="true">
		<description>SETTING_USER.DELETE_TIME_SHEET_TASK_ASSIGNEE_BY_USERID</description>		
		<query><![CDATA[	
			 DELETE FROM t_time_entries 
			 WHERE USER_ID = :userId AND id = :taskAssignId
		]]>
		</query>
		<parameter name="userId" nullable="false"/>
		<parameter name="taskAssignId" nullable="false"/>
	</sql-service>
	
	<!--  Loh: REMOVE OLD TASK ASSIGNEE -->
	
	<sql-service name="SETTING_USER.FIND_CURRENT_DEPT_PROJECT_ID" type="named-parameter" showSql="true">
		<description>SETTING_USER.FIND_CURRENT_DEPT_PROJECT_ID</description>		
		<query><![CDATA[	
			 SELECT project_id AS a FROM t_departments 
			 ${#deptId?.text}
		]]>
		</query>
		<parameter name="deptId" nullable="false" > WHERE id IN (:deptId)  </parameter>
	</sql-service>
	
	
	<sql-service name="SETTING_USER.DELETE_OLD_TASK_ASSIGNEE" type="named-parameter" showSql="true">
		<description>SETTING_USER.DELETE_OLD_TASK_ASSIGNEE</description>		
		<query><![CDATA[	
			  DELETE FROM  t_task_assignees WHERE id IN(

				 SELECT id from (
						 SELECT  a.id,a.task_id, sum(IFNULL(e.hours,0)) AS sum_hours
						 FROM t_task_assignees a 
						 LEFT OUTER JOIN t_time_entries e 
								ON (a.project_id = e.project_id 
								AND a.task_id = e.task_id 
								AND a.user_id = e.user_id)
						 LEFT OUTER JOIN t_identify_key p ON a.project_id = p.id
						 LEFT OUTER JOIN t_tasks t ON (a.task_id = t.id)
			
						 WHERE a.user_id = :userId
						 ${#projectId?.text}
						 AND a.task_id NOT IN (SELECT a.task_id from t_allowances a where a.user_id = :userId)
						 GROUP BY a.id,a.task_id, e.hours
						 HAVING (sum_hours = 0)
			
				)TB
			)
		]]>
		</query>
		<parameter name="userId" nullable="false"/>
		<parameter name="projectId"> AND p.id in (:projectId) </parameter>
	</sql-service>
	
	

</query-collection>