<?xml version="1.0" encoding="UTF-8"?>
<query-collection>

	<!-- approval time  -->
	<sql-service name="REPORT.SEARCH_TIMESHEET_APPROVAL" type="named-parameter" showSql="true">
		<description>Project Approval Hour</description>		
		<query><![CDATA[
			 	SELECT project_id AS a, project_name AS b , user_id AS c,  staff AS d , 
			 		   sum(STATUS_DRAFT) AS e, 
			 		   sum(STATUS_SUBMITTED) AS f, 
			 		   sum(STATUS_REJECTED) AS g, 
			 		   sum(STATUS_APPROVED)AS h
				FROM (
						SELECT  e.project_id , p.project_name , e.user_id , CONCAT(u.first_name,' ',u.last_name) as staff , e.spent_on , e.hours  ,
								case when e.time_status  = 1 then e.hours else 0 end STATUS_DRAFT,
								case when e.time_status  = 2 then e.hours else 0 end STATUS_SUBMITTED,
								case when e.time_status  = 3 then e.hours else 0 end STATUS_REJECTED,
								case when e.time_status  = 4 then e.hours else 0 end STATUS_APPROVED
						FROM t_time_entries e 
						INNER JOIN t_projects p ON e.project_id = p.id
						INNER JOIN t_users u ON e.user_id = u.id 
						INNER JOIN t_tasks t ON e.task_id = t.id
						WHERE MONTH(e.spent_on) = :monthId AND YEAR(e.spent_on) = :year
						ORDER BY spent_on
				) AS temp
				-- WHERE user_id = 131
				GROUP BY project_id , project_name , user_id , staff  
		]]>
		</query>
		<parameter name="year" nullable="false" />
		<parameter name="monthId" nullable="false" />
	</sql-service>
	
	<!-- approval time detail  -->
	<sql-service name="REPORT.SEARCH_TIMESHEET_APPROVAL_STAFF_DTL" type="named-parameter" showSql="true">
		<description>Project staff approval time detail</description>		
		<query><![CDATA[
				SELECT  e.id AS a , p.project_name AS b ,  CONCAT(u.first_name,' ',u.last_name) AS c , t.task_name AS d , e.spent_on AS e  , e.hours AS f ,
						case when e.time_status  = 1 then 'sts-active' else 'sts-inactive' end AS g ,
						case when e.time_status  = 2 then 'sts-active' else 'sts-inactive' end AS h ,
						case when e.time_status  = 3 then 'sts-active' else 'sts-inactive' end AS i , 
						case when e.time_status  = 4 then 'sts-active' else 'sts-inactive' end AS j ,
						case when e.time_status  = 1 then 'draft' 
							 when e.time_status = 2  then 'submitted' 
							 when e.time_status = 3 then 'rejected' 
							 when e.time_status = 4 then 'approved' 
						end AS k ,
						e.time_status AS l
				FROM t_time_entries e 
				INNER JOIN t_projects p ON e.project_id = p.id
				INNER JOIN t_users u ON e.user_id = u.id
				INNER JOIN t_tasks t ON e.task_id = t.id
				LEFT OUTER JOIN t_departments d ON u.main_dept_id = d.id
				WHERE MONTH(e.spent_on) = :monthId AND YEAR(e.spent_on) = :year AND e.user_id = :staffId
				ORDER BY user_id , spent_on
		]]>
		</query>
		<parameter name="year" nullable="false" />
		<parameter name="monthId" nullable="false" />
		<parameter name="staffId" nullable="false" />	
	</sql-service>
	

	<!--  work hour report search project approval   -->
	<sql-service name="TIMESHEET.SEARCH_OVERTIME_APPROVAL" type="named-parameter" showSql="true">
		<description>Project Approval Overtime</description>		
		<query><![CDATA[

			 		SELECT  user_id as a, staff_name as b , ifnull(department_name,'') as c , ifnull(hr.utilize_hour,'') AS d , ifnull(SUM(Clocking),'') AS e
					, SUM(STATUS_DRAFT) as f 
					, SUM(STATUS_SUBMITTED) as g
					, SUM(STATUS_REJECTED) as h
					, SUM(STATUS_APPROVED) as i
					from ( 
							select u.id as user_id ,u.status, t.spent_on , concat(u.firstname,' ',u.lastname) as staff_name ,d.dept_name as department_name , 0 as Utilize_hour 
							, t.hours as Clocking
							, case when t.status  = 1 then t.hours else 0 end STATUS_DRAFT
							, case when t.status  = 2 then t.hours else 0 end STATUS_SUBMITTED
							, case when t.status  = 3 then t.hours else 0 end STATUS_REJECTED
							, case when t.status  = 4 then t.hours else 0 end STATUS_APPROVED
							, year(spent_on) as spent_on_yr
							, month(spent_on) as spent_on_mth
							from users u 
							left outer join time_entries t 
							   on (  t.user_id = u.id and year(t.spent_on) = :year and month(t.spent_on) = :monthId ) 
									left outer join projects p on t.project_id = p.id
									left outer join issues i on t.issue_id = i.id
									left outer join t_departments d on ( u.department_id = d.id ) 
									where u.status = 1
								 ) as tmp 
					left outer join tc_utilize_hours as hr on ( tmp.spent_on_yr =  hr.utilize_year and tmp.spent_on_mth =  hr.utilize_month_id  ) 
					group by user_id,staff_name , department_name , hr.utilize_hour
					order by staff_name , department_name 
		]]>
		</query>
		<parameter name="year" nullable="false" />
		<parameter name="monthId" nullable="false" />
	</sql-service>
	

	<!--  ot report search project approval -->




	<sql-service name="TIMESHEET.SEARCH_ADMIN_APPROVAL_TIMESHEET" type="named-parameter" showSql="true">
		<description>PM timesheet approval search</description>		
		<query><![CDATA[
			 		SELECT  user_id as a, staff_name as b , ifnull(department_name,'') as c , ifnull(hr.utilize_hour,'') AS d , ifnull(SUM(Clocking),'') AS e
					, SUM(STATUS_DRAFT) as f 
					, SUM(STATUS_SUBMITTED) as g
					, SUM(STATUS_REJECTED) as h
					, SUM(STATUS_APPROVED) as i
					from ( 
							select u.id as user_id ,u.status, t.spent_on , concat(u.firstname,' ',u.lastname) as staff_name ,d.dept_name as department_name , 0 as Utilize_hour 
							, t.hours as Clocking
							, case when t.status  = 1 then t.hours else 0 end STATUS_DRAFT
							, case when t.status  = 2 then t.hours else 0 end STATUS_SUBMITTED
							, case when t.status  = 3 then t.hours else 0 end STATUS_REJECTED
							, case when t.status  = 4 then t.hours else 0 end STATUS_APPROVED
							, year(spent_on) as spent_on_yr
							, month(spent_on) as spent_on_mth
							from users u 
							left outer join time_entries t 
							   on (  t.user_id = u.id and year(t.spent_on) = :year and month(t.spent_on) = :monthId ) 
									left outer join projects p on t.project_id = p.id
									left outer join issues i on t.issue_id = i.id
									left outer join t_departments d on ( u.department_id = d.id ) 
									where u.status = 1
								 ) as tmp 
					left outer join tc_utilize_hours as hr on ( tmp.spent_on_yr =  hr.utilize_year and tmp.spent_on_mth =  hr.utilize_month_id  ) 
					group by user_id,staff_name , department_name , hr.utilize_hour
					order by staff_name , department_name 
		]]>
		</query>
		<parameter name="year" nullable="false" />
		<parameter name="monthId" nullable="false" />
	</sql-service>
	
	


	<sql-service name="TIMESHEET.REPORT_SEARCH" type="named-parameter" showSql="true">
		<description>Admin timesheet report search</description>		
		<query><![CDATA[
			 		SELECT  user_id as a, staff_name as b , ifnull(department_name,'') as c , ifnull(hr.utilize_hour,'') AS d , ifnull(SUM(Clocking),'') AS e
					, SUM(STATUS_DRAFT) as f 
					, SUM(STATUS_SUBMITTED) as g
					, SUM(STATUS_REJECTED) as h
					, SUM(STATUS_APPROVED) as i
					from ( 
							select u.id as user_id ,u.status, t.spent_on , concat(u.firstname,' ',u.lastname) as staff_name ,d.dept_name as department_name , 0 as Utilize_hour 
							, t.hours as Clocking
							, case when t.status  = 1 then t.hours else 0 end STATUS_DRAFT
							, case when t.status  = 2 then t.hours else 0 end STATUS_SUBMITTED
							, case when t.status  = 3 then t.hours else 0 end STATUS_REJECTED
							, case when t.status  = 4 then t.hours else 0 end STATUS_APPROVED
							, year(spent_on) as spent_on_yr
							, month(spent_on) as spent_on_mth
							from users u 
							left outer join time_entries t 
							   on (  t.user_id = u.id and year(t.spent_on) = :year and month(t.spent_on) = :monthId ) 
									left outer join projects p on t.project_id = p.id
									left outer join issues i on t.issue_id = i.id
									left outer join t_departments d on ( u.department_id = d.id ) 
									where u.status = 1
								 ) as tmp 
					left outer join tc_utilize_hours as hr on ( tmp.spent_on_yr =  hr.utilize_year and tmp.spent_on_mth =  hr.utilize_month_id  ) 
					group by user_id,staff_name , department_name , hr.utilize_hour
					order by staff_name , department_name 
		]]>
		</query>
		<parameter name="year" nullable="false" />
		<parameter name="monthId" nullable="false" />
	</sql-service>
	
	<sql-service name="TIMESHEET.REPORT_SEARCH_DETAIL" type="named-parameter" showSql="true">
		<description>admin timesheet staff clocking detail </description>		
		<query><![CDATA[
			
	    	SELECT t.id AS a , t.spent_on AS b,  p.name AS c, i.subject AS d, 
			          CASE WHEN t.status = 1 then 'sts-active' else 'sts-inactive' end as e,
					  CASE WHEN t.status = 2 then 'sts-active' else 'sts-inactive' end as f,
					  CASE WHEN t.status = 3 then 'sts-active' else 'sts-inactive' end as g,
					  CASE WHEN t.status = 4 then 'sts-active' else 'sts-inactive' end as h,
			       t.hours AS i, t.status as l , DAY(t.spent_on) as m ,
			       p.id as j, i.id as k
			FROM time_entries t
			LEFT OUTER JOIN issues i ON t.issue_id = i.id 
			LEFT OUTER JOIN projects p ON p.id = t.project_id
			WHERE t.user_id = :staffId
			AND year(t.spent_on) = :year and month(t.spent_on) = :monthId
			ORDER BY spent_on

			
		]]>
		</query>
		<parameter name="staffId" nullable="false" />
		<parameter name="year" nullable="false" />
		<parameter name="monthId" nullable="false" />
	</sql-service>
	
	<sql-service name="TIMESHEET.REPORT_TIMESHEET_NOTE" type="named-parameter" showSql="true">
		<description>admin timesheet note</description>		
		<query><![CDATA[
		
	  	 SELECT id AS a , comment AS b , timesheet_on AS c ,user_id AS d, project_id AS e , issue_id AS f , hours AS g
	  	 FROM t_timesheet_notes
	  	 WHERE year(timesheet_on) = :year and month(timesheet_on) = :monthId
	  	   AND user_id = :staffId
	  	 ORDER BY timesheet_on 
			
		]]>
		</query>
		<parameter name="year" nullable="false" />
		<parameter name="monthId" nullable="false" />
		<parameter name="staffId" nullable="false" />
	</sql-service>
	
	<sql-service name="TIMESHEET.REPORT_SEARCH_OVERTIME" type="named-parameter" showSql="true">
		<description> admin timesheet query overtime record</description>		
		<query><![CDATA[
			
			SELECT a.id AS a ,  a.start_time as b , a.end_time as c , p.name as d , i.subject as e ,  a.status as f ,
			      CASE WHEN a.status = 1 then 'ot-active' else 'ot-inactive' end as g,
				  CASE WHEN a.status = 2 then 'ot-active' else 'ot-inactive' end as h,
				  CASE WHEN a.status = 3 then 'ot-active' else 'ot-inactive' end as i,
				  CASE WHEN a.status = 4 then 'ot-active' else 'ot-inactive' end as j,
				   a.ot_requested as k , a.mobile_service as l, a.car_allowance as m , a.taxi_free as n , TIMEDIFF(a.end_time,a.start_time) as o
			FROM allowances a
			LEFT OUTER JOIN projects p ON p.id = a.project_id
			LEFT OUTER JOIN issues i ON i.id = a.issue_id
			WHERE YEAR(a.date) = :year and MONTH(a.date) = :monthId
			AND a.user_id = :staffId
		
		]]>
		</query>
		<parameter name="year" nullable="false" />
		<parameter name="monthId" nullable="false" />
		<parameter name="staffId" nullable="false" />
	</sql-service>
		
	<sql-service name="TIMESHEET.REPORT_TIMESHEET_UPDATE" type="named-parameter" showSql="true">
		<description>admin timesheet update time entry record </description>		
		<query><![CDATA[
			
			 UPDATE t_time_entries SET 
				    status = :status,
				    hours = :hour
	    	 WHERE id = :id
			
		]]> 
		</query>
		<parameter name="status" nullable="false" />
		<parameter name="hour" nullable="false" />
		<parameter name="id" nullable="false" />
	</sql-service>
	
	<sql-service name="TIMESHEET.REPORT_TIMESHEET_REMOVE" type="named-parameter" showSql="true">
		<description>admin timesheet delete time entry record</description>		
		<query><![CDATA[
			
			 DELETE FROM t_time_entries WHERE id = :id
			
		]]>
		</query>
		<parameter name="id" nullable="false" />
	</sql-service>
	
	<sql-service name="TIMESHEET.REPORT_GET_HOLIDAY" type="named-parameter" showSql="true">
		<description>search holiday of selected month </description>		
		<query><![CDATA[
	    	 SELECT DAY(calendar_date) AS a  
	    	 FROM t_calendars 
	    	 WHERE YEAR(calendar_date) = :year
	    	 AND MONTH(calendar_date) = :monthId
		]]>
		</query>
		<parameter name="year" nullable="false" />
		<parameter name="monthId" nullable="false" />
	</sql-service>
	
	<sql-service name="TIMESHEET.REPORT_GET_HOLIDAY_BETWEEN_DAY" type="named-parameter" showSql="true">
		<description>admin timesheet find holiday of selected month</description>		
		<query><![CDATA[
	    	 SELECT calendar_date AS a  ,  DATE_FORMAT(calendar_date,'%d') AS b , DATE_FORMAT(calendar_date,'%c') AS c , DATE_FORMAT(calendar_date,'%Y') AS d
	    	 FROM t_calendars 
	    	 WHERE calendar_date >= :startDate
	    	 AND calendar_date <= :endDate
		]]>
		</query>
		<parameter name="startDate" nullable="false" />
		<parameter name="endDate" nullable="false" />
	</sql-service>
	
	<sql-service name="TIMESHEET_ADMIN.SEARCH_TIMESHEET_FOR_ADMIN" type="named-parameter" showSql="true">
		<description>TIMESHEET_ADMIN.SEARCH_TIMESHEET_FOR_ADMIN</description>		
		<query><![CDATA[
	    	SELECT  user_id as a, staff_name as b , ifnull(department_parentid,'') as c, ifnull(department_id,'') as d,
			ifnull(dpt.dept_name,'') as e
			,CASE 
				WHEN dpt.dept_name IS NULL THEN  ifnull(department_name,'')
				ELSE CONCAT(' > ',ifnull(department_name,'')) END as f 
			,CASE 
				WHEN department_name IS NULL THEN  ifnull(dpt3.dept_name,'')
				WHEN dpt3.dept_name IS NULL THEN  ifnull(dpt3.dept_name,'')
				ELSE CONCAT(' > ',ifnull(dpt3.dept_name,'')) END  as g
				, ifnull(hr.utilize_hour,'0') AS h , ifnull(SUM(Clocking),'0') AS i
			     , SUM(STATUS_DRAFT) as j 
			     , SUM(STATUS_SUBMITTED) as k
			     , SUM(STATUS_REJECTED) as l
			     , SUM(STATUS_APPROVED) as m
			     , DATE_FORMAT(users.appearance_date, '%e-%b-%Y') as n
			     , DATE_FORMAT(users.resign_date, '%e-%b-%Y') as o
			     from ( 
			       select u.id as user_id , u.user_status, t.spent_on , concat(u.first_name,' ',u.last_name) as staff_name ,d.id as department_id ,d.parent_id as  department_parentid ,d.dept_name as department_name , 0 as Utilize_hour 
			       , t.hours as Clocking
			       , case when t.time_status  = 1 then t.hours else 0 end STATUS_DRAFT
			       , case when t.time_status  = 2 then t.hours else 0 end STATUS_SUBMITTED
			       , case when t.time_status  = 3 then t.hours else 0 end STATUS_REJECTED
			       , case when t.time_status  = 4 then t.hours else 0 end STATUS_APPROVED
			       , ifnull(year(spent_on), :year) as spent_on_yr
			       , ifnull(month(spent_on), :monthId) as spent_on_mth
			       from t_users u 
			       left outer join t_time_entries t 
			          on (  t.user_id = u.id and year(t.spent_on) = :year and month(t.spent_on) = :monthId) 
			         left outer join t_projects p on t.project_id = p.id
			         left outer join t_tasks i on t.id = i.id
			         left outer join t_departments d on ( u.main_dept_id = d.id ) 
			         where u.user_status = 1
			         ) as tmp 
			     left outer join tc_utilize_hours as hr on ( tmp.spent_on_yr =  hr.utilize_year and tmp.spent_on_mth =  hr.utilize_month_id ) 
					 left outer join t_departments dpt  on tmp.department_parentid =  dpt.id and dpt.dept_type = 1
					 left outer join t_departments dpt3  on tmp.department_parentid =  dpt3.id and dpt3.dept_type = 3
					 left outer join t_users users  on users.id =  tmp.user_id
			
					where 1=1
				    ${#division?.text}
				    ${#department?.text}
				    ${#section?.text}
				    ${#staffId?.text}
			     group by user_id,staff_name ,department_id,department_parentid, department_name , hr.utilize_hour
			     order by staff_name , department_name

		]]>
		</query>
		<parameter name="division" > AND dpt.id = :division </parameter>
		<parameter name="department" > AND tmp.department_id = :department </parameter>
		<parameter name="section" > AND dpt3.id = :section </parameter>
		<parameter name="staffId" > AND users.id =  :staffId </parameter>
		<parameter name="year" nullable="false" />
		<parameter name="monthId" nullable="false" />
	</sql-service>
	
	
</query-collection>