<?xml version="1.0" encoding="UTF-8"?>
<query-collection>
 
	<sql-service name="PROJECT.SQL_SEARCH_PROJECT" type="named-parameter" showSql="true">
		<description>search leave request </description>		
		<query><![CDATA[
			
			SELECT  DISTINCT p.id AS a,
					p.project_name AS b,
					IFNULL(DATE_FORMAT(p.plan_start_date,'%e %b %Y'),'') AS c,
					IFNULL(DATE_FORMAT(p.plan_end_date,'%e %b %Y'),'') AS d,
					IFNULL(p.project_status,'') AS e,
					IFNULL(ct.company,'') AS f,
					IFNULL(d.price,'') AS g,
					IFNULL(c.code_name,'') AS h,
					IFNULL((SELECT GROUP_CONCAT(CONCAT(u.first_name,' ',u.last_name,' '))
						FROM t_project_members m
						INNER JOIN t_users u ON m.user_id = u.id WHERE role_id = 1 AND m.project_id = p.id
						GROUP BY role_id
					),'') AS i
			FROM t_projects p
			LEFT OUTER JOIN t_deals d ON (p.deal_id = d.id)
			LEFT OUTER JOIN t_contacts ct ON (ct.is_company = 1 and d.account_id = ct.id)
			${#filter_my_project?.text}
			LEFT OUTER JOIN t_codebook_langs c ON (p.project_status = c.code_id 	AND c.code_type = 'PROJECT_STATUS')
			WHERE 1=1
				${#filter_project_type?.text}
				${#filter_project_status?.text}
				${#filter_active_project?.text}
			ORDER BY p.project_name ASC
		
		]]>
		</query>
			
		<parameter name="filter_my_project" required="false" >INNER  JOIN t_project_members mm ON (mm.project_id = p.id AND mm.user_id = :filter_my_project)</parameter>
		<parameter name="filter_project_type" required="false"> AND project_type = :filter_project_type</parameter>
		<parameter name="filter_project_status" required="false" > AND project_status = :filter_project_status </parameter>
		<parameter name="filter_active_project" required="false" > AND p.project_status not in (3,4)  </parameter>
		
	</sql-service>
	
	<sql-service name="PROJECT.SQL_SEARCH_PROJECT_DETAIL" type="named-parameter" showSql="true">
		<description>search leave form </description>		
		<query><![CDATA[	
				SELECT id , dept_code , dept_name , parent_id , create_dt , create_uid 
				FROM t_departments
				WHERE id  = :dept_id
		]]> 
		</query>
		<parameter name="dept_id" nullable="true" />
	</sql-service>
	
	
	<sql-service name="PROJECT.SQL_INSERT" type="named-parameter" showSql="true">
		<description> insert leave form </description>		
		<query><![CDATA[	
		
				INSERT INTO t_projects(
					id,
					parent_id,
					project_name,
					project_detail,
					project_type,
					kick_off_date,
					plan_start_date,
					actual_start_date,
					plan_end_date,
					actual_end_date,
					project_status,
					customer_name,
					deal_id,
					account_id,
					project_value,
					project_margin,
					warranty_info,
					project_note,
					create_dt,
					create_uid
				)
				VALUES
					(
					:id,
					:parent_id,
					:project_name,
					:project_detail,
					:project_type,
					:kick_off_date,
					:plan_start_date,
					:actual_start_date,
					:plan_end_date,
					:actual_end_date,
					:project_status,
					:customer_name,
					:deal_id,
					:account_id,
					:project_value,
					:project_margin,
					:warranty_info,
					:project_note,
					NOW(),
					:create_uid
					)

		]]>
		</query>
					<parameter name="id" nullable="true" />
					<parameter name="parent_id" nullable="true" />
					<parameter name="project_name" nullable="true" />
					<parameter name="project_detail" nullable="true" />
					<parameter name="project_type" nullable="true" />
					<parameter name="kick_off_date" nullable="true" />
					<parameter name="plan_start_date" nullable="true" />
					<parameter name="actual_start_date" nullable="true" />
					<parameter name="plan_end_date" nullable="true" />
					<parameter name="actual_end_date" nullable="true" />
					<parameter name="project_status" nullable="true" />
					<parameter name="customer_name" nullable="true" />
					<parameter name="deal_id" nullable="true" />
					<parameter name="account_id" nullable="true" />
					<parameter name="project_value" nullable="true" />
					<parameter name="project_margin" nullable="true" />
					<parameter name="warranty_info" nullable="true" />
					<parameter name="project_note" nullable="true" />
					<parameter name="create_uid" nullable="true" />
	</sql-service>
	 
	<sql-service name="PROJECT.SQL_UPDATE_PROJECT" type="named-parameter" showSql="true">
		<description> update project </description>		
		<query><![CDATA[
				UPDATE t_projects
				SET 
					parent_id = :parent_id,
					project_name = :project_name,
					project_detail = :project_detail,
					project_type = :project_type,
					kick_off_date = :kick_off_date,
					plan_start_date = :plan_start_date,
					actual_start_date = :actual_start_date,
					plan_end_date = :plan_end_date,
					actual_end_date = :actual_end_date,
					project_status = :project_status,
					customer_name = :customer_name,
					deal_id = :deal_id,
					account_id = :account_id,
					project_value = :project_value,
					project_margin = :project_margin,
					warranty_info = :warranty_info,
					project_note = :project_note,
					update_dt = NOW(),
					update_uid = :update_uid
				
					WHERE id = :id
		]]>
		</query>
					<parameter name="parent_id" nullable="true" />
					<parameter name="project_name" nullable="true" />
					<parameter name="project_detail" nullable="true" />
					<parameter name="project_type" nullable="true" />
					<parameter name="kick_off_date" nullable="true" />
					<parameter name="plan_start_date" nullable="true" />
					<parameter name="actual_start_date" nullable="true" />
					<parameter name="plan_end_date" nullable="true" />
					<parameter name="actual_end_date" nullable="true" />
					<parameter name="project_status" nullable="true" />
					<parameter name="customer_name" nullable="true" />
					<parameter name="deal_id" nullable="true" />
					<parameter name="account_id" nullable="true" />
					<parameter name="project_value" nullable="true" />
					<parameter name="project_margin" nullable="true" />
					<parameter name="warranty_info" nullable="true" />
					<parameter name="project_note" nullable="true" />
					<parameter name="update_uid" nullable="true" />
					
					<parameter name="id" nullable="true" />
		
	</sql-service>
	
	<sql-service name="PROJECT.SQL_DELETE_PROJECT" type="named-parameter" showSql="true">
		<description> delete project </description>		
		<query><![CDATA[	
				DELETE FROM t_projects WHERE id = :project_id
		]]>
		</query>
		<parameter name="project_id" nullable="true" />
	</sql-service>

	<sql-service name="PROJECT.SQL_SEARCH_PROJECT_DETAIL_BY_ID" type="named-parameter" showSql="true">
		<description>search project detail form </description>
		<query><![CDATA[
			SELECT p.id
				,d.project_code
				,p.project_name
				,p.project_detail
				,p.project_type
				,p.kick_off_date
				,p.plan_start_date
				,p.actual_start_date
				,p.plan_end_date
				,p.actual_end_date
				,p.project_status
				,p.customer_name
				,p.deal_id
				,p.account_id
				,(SELECT DISTINCT concat(first_name,' ',last_name, ' | ', email)
					FROM t_users
					WHERE id=p.account_id
					LIMIT 1) as account_name
				,p.project_value
				,p.project_margin
				,p.warranty_info
				,project_note
				,p.create_dt
				,DATE_FORMAT(p.create_dt, '%e %b %Y') as created_date_text
				,p.create_uid
				,concat(u.first_name,' ',u.last_name) as create_name
				,p.update_dt
				,p.update_uid
			FROM t_projects p
			LEFT OUTER JOIN t_deals d on p.deal_id = d.id
			LEFT OUTER JOIN t_users u on p.create_uid = u.id
			WHERE p.id = :id
		]]>
		</query>
		<parameter name="id" nullable="true" />
	</sql-service>
	
	<sql-service name="PROJECT.SQL_SEARCH_PAYMENT_TERMS_PROJECT_DETAIL_BY_ID" type="named-parameter" showSql="true">
		<description>search payment term project detail form </description>
		<query><![CDATA[
			SELECT 
				IFNULL(DATE_FORMAT(d.create_dt, '%e %b %Y'),'') as created_date_text
				,concat(IFNULL(u.first_name,''),' ', IFNULL(u.last_name,'')) as sales_name
				,IFNULL(d.name,'') as deals_name
				,IFNULL(c.code_name,'') as deals_status
			FROM t_deals d 
			LEFT OUTER JOIN t_users u on d.sales_id = u.id
			LEFT OUTER JOIN t_codebook_langs c on d.status_id = c.code_id and c.code_type = 'DEAL_STATUS'
			WHERE d.id = :deal_id
		]]>
		</query>
		<parameter name="deal_id" nullable="true" />
	</sql-service>


</query-collection>