<?xml version="1.0" encoding="UTF-8"?>
<query-collection>

	 <sql-service name="TIMESHEET.SUMMARY" type="named-parameter" showSql="true">
		<description>Dashboard timesheet report search</description>		
		<query><![CDATA[
			 		SELECT  user_id as a, staff_name as b , ifnull(department_name,'') as c , ifnull(hr.utilize_hour,'') AS d , ifnull(SUM(Clocking),'') AS e
					, SUM(STATUS_DRAFT) as f 
					, SUM(STATUS_SUBMITTED) as g
					, SUM(STATUS_REJECTED) as h
					, SUM(STATUS_APPROVED) as i
					from ( 
							select u.id as user_id ,u.status, t.spent_on , concat(u.firstname,' ',u.lastname) as staff_name ,d.dept_name as department_name , 0 as Utilize_hour 
							, t.hours as Clocking
							, case when t.status  = 1 then t.hours else 0 end STATUS_DRAFT
							, case when t.status  = 2 then t.hours else 0 end STATUS_SUBMITTED
							, case when t.status  = 3 then t.hours else 0 end STATUS_REJECTED
							, case when t.status  = 4 then t.hours else 0 end STATUS_APPROVED
							, year(spent_on) as spent_on_yr
							, month(spent_on) as spent_on_mth
							from users u 
							left outer join time_entries t 
							   on (  t.user_id = u.id and year(t.spent_on) = :year and month(t.spent_on) = :monthId ) 
									left outer join projects p on t.project_id = p.id
									left outer join issues i on t.issue_id = i.id
									left outer join t_departments d on ( u.department_id = d.id ) 
									where u.status = 1
								 ) as tmp 
					left outer join tc_utilize_hours as hr on ( tmp.spent_on_yr =  hr.utilize_year and tmp.spent_on_mth =  hr.utilize_month_id  ) 
					group by user_id,staff_name , department_name , hr.utilize_hour
					order by staff_name , department_name 
		]]>
		</query>
		<parameter name="year" nullable="false" />
		<parameter name="monthId" nullable="false" />
	</sql-service>
	
	<sql-service name="TIMESHEET.SUMMARY_DETAIL" type="named-parameter" showSql="true">
		<description>Dashboard timesheet staff clocking detail </description>		
		<query><![CDATA[
			
			SELECT t.id AS a , t.spent_on AS b, DATE_FORMAT(t.spent_on,'%e-%b-%Y') AS e,  k.name AS c, i.task_name AS d, 
			       CASE WHEN t.time_status = 1 then 'Draft' 
					    WHEN t.time_status= 2 then 'Submitted' 
					    WHEN t.time_status = 3 then 'Rejected' 
					    WHEN t.time_status = 4 then 'Approved' end as h,
			       t.hours AS i, t.time_status as l , DAY(t.spent_on) as m ,
			       k.id as j, i.id as k ,
			       IFNULL( CONCAT(cre.first_name,' ',cre.last_name),'') as n ,
				   IFNULL( CONCAT(sub.first_name,' ',sub.last_name),'') AS o ,
				   IFNULL( CONCAT(rej.first_name,' ',rej.last_name),'') AS p ,
				   IFNULL( CONCAT(apr.first_name,' ',apr.last_name),'') AS q ,
				   DATE_FORMAT(t.spent_on,'%W') AS r,
				   t.project_id AS s,
				   t.task_id AS t
			FROM t_time_entries t
			LEFT OUTER JOIN t_tasks i ON t.task_id = i.id 
			LEFT OUTER JOIN t_identify_key k ON k.id = t.project_id
			LEFT OUTER JOIN t_users apr ON apr.id = t.approved_uid
		  	LEFT OUTER JOIN t_users rej ON rej.id = t.rejected_uid
		  	LEFT OUTER JOIN t_users sub ON sub.id = t.submitted_uid
      		LEFT OUTER JOIN t_users cre ON cre.id = t.create_uid
			WHERE t.user_id = :staffId
			AND year(t.spent_on) = :year 
			AND month(t.spent_on) = :monthId
			ORDER BY spent_on
			
		]]>
		</query>
		<parameter name="staffId" nullable="false" />
		<parameter name="year" nullable="false" />
		<parameter name="monthId" nullable="false" />
	</sql-service>
	
	<sql-service name="TIMESHEET.SUMMARY_TIMESHEET_NOTE" type="named-parameter" showSql="true">
		<description>Dashboard timesheet note</description>		
		<query><![CDATA[
		
	  	 SELECT id AS a , comment AS b , timesheet_on AS c ,user_id AS d, project_id AS e , issue_id AS f , IFNULL( CONCAT(hours,' hr.'),'') AS g
	  	 FROM t_timesheet_notes
	  	 WHERE year(timesheet_on) = :year and month(timesheet_on) = :monthId
	  	   AND user_id = :staffId
	  	 ORDER BY timesheet_on 
			
		]]>
		</query>
		<parameter name="year" nullable="false" />
		<parameter name="monthId" nullable="false" />
		<parameter name="staffId" nullable="false" />
	</sql-service>
	
	<sql-service name="TIMESHEET.SUMMARY_OVERTIME" type="named-parameter" showSql="true">
		<description> Dashboard timesheet query overtime record</description>		
		<query><![CDATA[
			
			   SELECT a.id AS a , t.task_name AS b ,  k.name AS c , DATE_FORMAT(a.ot_date, '%a') AS d, DATE_FORMAT(a.ot_date, '%e-%b-%Y')  AS e , 
					DATE_FORMAT(start_time,'%H:%i') AS f, 
					CASE WHEN end_time = "23:59:00" THEN "24:00" ELSE DATE_FORMAT(end_time,'%H:%i') end AS g,
					CASE WHEN end_time = "23:59:00" 
					THEN  TIME_FORMAT(TIMEDIFF(DATE_ADD(end_time, INTERVAL 1 MINUTE),start_time),'%H:%i') 
					ELSE  TIME_FORMAT(TIMEDIFF(end_time,start_time),'%H:%i') 
					END  AS h,
					CASE WHEN ot_requested = 1 then  '<i class="fas fa-check checked-active" style="color:#666"></i>' else '' end as i ,
					CASE WHEN mobile_service = 1 then '<i class="fas fa-check checked-active" style="color:#666"></i>' else '' end as j ,
					CASE WHEN car_allowance = 1 then '<i class="fas fa-check checked-active" style="color:#666"></i>' else '' end as k ,
					CASE WHEN taxi_requested = 1 then '<i class="fas fa-check checked-active" style="color:#666"></i>' else '' end as l ,
					IFNULL(CONCAT(taxi_fare,' Baht.'),'') AS m ,
					ot_note AS n, 
					a.ot_status as s,
					CASE WHEN a.ot_status = 1 then 'draft' 
						 WHEN a.ot_status = 2  then 'submitted' 
						 WHEN a.ot_status = 3 then 'rejected'
						 WHEN a.ot_status = 4 then 'approved' 
					END AS t ,
					round(TIME_TO_SEC(timediff( a.end_time , a.start_time ))/3600,1) AS u ,
					a.project_id AS v,
					CASE WHEN a.ot_status = 1 then IFNULL( CONCAT(cre.first_name,' ',cre.last_name),'')
						 WHEN a.ot_status = 2 then IFNULL( CONCAT(cre.first_name,' ',cre.last_name),'')
						 WHEN a.ot_status = 3 then IFNULL( CONCAT(rej.first_name,' ',rej.last_name),'')
						 WHEN a.ot_status = 4 then IFNULL( CONCAT(apr.first_name,' ',apr.last_name),'')
					END AS w
		FROM t_allowances a
		
		LEFT OUTER JOIN t_identify_key k ON a.project_id = k.id
		LEFT OUTER JOIN t_tasks t ON a.task_id = t.id
			LEFT OUTER JOIN t_users apr ON apr.id = a.approved_uid
		  	LEFT OUTER JOIN t_users rej ON rej.id = a.rejected_uid
		  	LEFT OUTER JOIN t_users sub ON sub.id = a.submitted_uid
      		LEFT OUTER JOIN t_users cre ON cre.id = a.create_uid
		WHERE a.user_id = :staffId 
		AND MONTH(a.ot_date) = :monthId
		AND YEAR(a.ot_date) = :year

		]]>
		</query>
		<parameter name="year" nullable="false" />
		<parameter name="monthId" nullable="false" />
		<parameter name="staffId" nullable="false" />
	</sql-service>
	
	
	<sql-service name="TIMESHEET.SUMMARY_STAFF_PROFILE_DASHBOARD" type="named-parameter" showSql="true">
		<description>Show staff report detail </description>		
		<query><![CDATA[
		
			SELECT u.id AS a, CONCAT(u.first_name,' ',u.last_name) AS b , IFNULL( CONCAT('(',u.nick_name,')'),'') AS c , 
				   IFNULL(img_path,'') AS d ,
				   d.dept_name AS e , 
				   DATE_FORMAT(u.appearance_date,'%d %M %Y') AS f,
				   IFNULL( DATE_FORMAT(probation_date,'%d% %M %Y'),'') AS g ,
				   u.position AS h ,
				   u.mobile AS i
				   
			FROM  t_users u 
			LEFT OUTER JOIN  t_departments d ON u.main_dept_id = d.id
			WHERE u.id = :staffId

		]]>
		</query>
		<parameter name="staffId" nullable="false" />
	</sql-service>
	
	<sql-service name="TIMESHEET.SUMMARY_REPORT_START_END_DTL" type="named-parameter" showSql="true">
		<description> Show start end of summary month</description>		
		<query><![CDATA[
			
			SELECT DATE_FORMAT(LAST_DAY(DATE_FORMAT(:date,'%Y-%m-%d')),'%d') AS a,  
				   DATE_FORMAT(:date,'%M') AS b , 
				   utilize_hour AS c
			FROM tc_utilize_hours 
			WHERE utilize_month_id = :monthId
			AND utilize_year = :year

		]]>
		</query>
		<parameter name="date" nullable="false" />
		<parameter name="year" nullable="false" />
		<parameter name="monthId" nullable="false" />
	</sql-service>
	
	<sql-service name="TIMESHEET.OVERALL_TIMSHEET_PIE_GRAPH_A" type="named-parameter" showSql="true">
		<description> Timesheet overall summary in pie graph</description>		
		<query><![CDATA[
			
			SELECT t.hours AS a, t.spent_on AS b , t.time_status AS c,  k.name AS d,  p.project_type AS e , k.type_PD AS f
			FROM t_time_entries t 
				LEFT OUTER JOIN t_identify_key k on k.id = t.project_id
				LEFT OUTER JOIN t_projects p on p.id = t.project_id
			WHERE  1=1 
			AND YEAR(t.spent_on) = :year 
			AND MONTH(t.spent_on) = :monthId
			AND t.user_id = :staffId
			ORDER BY t.spent_on

		]]>
		</query>
		<parameter name="year" nullable="false" />
		<parameter name="monthId" nullable="false" />
		<parameter name="staffId" nullable="false" />
	</sql-service>
	
	<sql-service name="TIMESHEET.OVERALL_TIMSHEET_PIE_GRAPH_B" type="named-parameter" showSql="true">
		<description> Timesheet overall summary in pie graph</description>		
		<query><![CDATA[
			
			SELECT SUM(t.hours) AS a , t.time_status AS c,  k.name AS d
			 FROM t_time_entries t 
			 LEFT OUTER JOIN t_identify_key k on k.id = t.project_id
			 LEFT OUTER JOIN t_projects p on p.id = t.project_id
			 WHERE  1=1 
			AND YEAR(t.spent_on) = :year 
			AND MONTH(t.spent_on) = :monthId
			AND t.user_id = :staffId
		    GROUP BY  t.time_status ,  k.name 

		]]>
		</query>
		<parameter name="year" nullable="false" />
		<parameter name="monthId" nullable="false" />
		<parameter name="staffId" nullable="false" />
	</sql-service>
	 
	
	<sql-service name="TIMESHEET.UTILIZE_YEAR" type="named-parameter" showSql="true">
		<description> Timesheet overall summary in pie graph</description>		
		<query><![CDATA[
			
		SELECT month(t.spent_on) AS a , t.time_status  AS b , sum(t.hours) AS c , i.type_PD AS d , p.project_type AS e, ts.task_name AS f  , uth.utilize_hour AS g 
		FROM t_time_entries t 
			LEFT OUTER JOIN t_identify_key i on i.id = t.project_id
			LEFT OUTER JOIN t_projects p on p.id = i.id
			LEFT OUTER JOIN t_deals d on d.id = i.id
			LEFT OUTER JOIN t_tasks ts on i.id = ts.project_id AND t.task_id = ts.id
			LEFT OUTER JOIN tc_utilize_hours uth on YEAR(t.spent_on) = uth.utilize_year AND MONTH(t.spent_on) = uth.utilize_month_id 
			WHERE t.user_id = :staffId and YEAR(t.spent_on) = :year 
		GROUP BY month(t.spent_on) ,t.time_status , i.type_PD  , p.project_type  , ts.task_name , uth.utilize_hour
		ORDER BY month(t.spent_on) ASC

		]]>
		</query>
		<parameter name="year" nullable="false" />
		<parameter name="staffId" nullable="false" />
	</sql-service>
	

	
	<sql-service name="TIMESHEET.SEARCH_STAFF_IN_DEPARTMENT" type="named-parameter" showSql="true">
		<description> Timesheet overall summary in pie graph</description>		
		<query><![CDATA[
			
		SELECT id AS a , CONCAT(first_name,' ',last_name) AS b , nick_name AS c 
		FROM t_users
		WHERE main_dept_id = ( SELECT main_dept_id FROM t_users WHERE id = :staffId )
		AND user_status = 1 AND id != :staffId
		ORDER BY CONCAT(first_name,' ',last_name)
		
		]]>
		</query>
		<parameter name="year" nullable="false" />
		<parameter name="staffId" nullable="false" />
	</sql-service>
	
	
	
	
</query-collection>