<?xml version="1.0" encoding="UTF-8"?>
<query-collection>


	<sql-service name="BOS_TOKEN.VERIFY" type="named-parameter"
		showSql="true">
		<description>VERIFY TOKEN</description>
		<query><![CDATA[
				SELECT notify_id AS a , action AS b , token_valid_YN AS c , owner_uid AS d
				FROM t_notify_token
				WHERE token = :token AND verify_token = :verify_token
		]]>
		</query>
		<parameter name="token" required="true"></parameter>
		<parameter name="verify_token" required="true"></parameter>

	</sql-service>
	


	<sql-service name="BOS_TOKEN.INSERT_TOKEN" type="named-parameter"
		showSql="true">
		<description>BOS NOTIFY TOKEN.INSERT</description>
		<query><![CDATA[
				INSERT INTO t_notify_token (
					notify_id,
					action,
					token,
					verify_token,
					token_valid_YN,
					expire_date,
					owner_uid,
					create_dt,
					create_uid
				)
				VALUES(
					:notify_id,
					:action,
					:token,
					:verify_token,
					:token_valid_YN,
					:expire_date,
					:owner_uid,
					NOW(),
					:create_uid
				)
		]]>
		</query>
		<parameter name="notify_id" nullable="false"></parameter>
		<parameter name="action" nullable="false"></parameter>
		<parameter name="token" nullable="false"></parameter>
		<parameter name="verify_token" nullable="false"></parameter>
		<parameter name="token_valid_YN" nullable="false"></parameter>
		<parameter name="expire_date" nullable="false"></parameter>
		<parameter name="owner_uid" nullable="false"></parameter>
		<parameter name="create_uid" nullable="false"></parameter>
	</sql-service>
	
	<sql-service name="BOS_TOKEN.UPDATE_TOKEN" type="named-parameter"
		showSql="true">
		<description>BOS NOTIFY TOKEN.UPDATE</description>
		<query><![CDATA[
					UPDATE t_notify_token SET
					update_dt = NOW(),
					update_uid = :update_uid,
					token_valid_YN = :token_valid_YN,
					expire_date = :expire_date
					WHERE notify_id = :id
		]]>
		</query>
		<parameter name="id" nullable="false"></parameter>	
		<parameter name="expire_date" nullable="false"></parameter>	
		<parameter name="update_uid" nullable="false"></parameter>
		<parameter name="token_valid_YN" nullable="false"></parameter>
	</sql-service>
	
	
	<sql-service name="BOS_TOKEN.REMOVE_TOKEN_BY_TOKEN_ID" type="named-parameter"
		showSql="true">
		<description>BOS NOTIFY TOKEN.UPDATE</description>
		<query><![CDATA[
					DELETE FROM t_notify_token
					WHERE id = :token_id
		]]>
		</query>
		<parameter name="token_id" nullable="false"></parameter>	
	</sql-service>
	
   <sql-service name="BOS_TOKEN.REMOVE_TOKEN_BY_NOTIFY_ID" type="named-parameter"
		showSql="true">
		<description>BOS NOTIFY TOKEN.UPDATE</description>
		<query><![CDATA[
					DELETE FROM t_notify_token
					WHERE notify_id = :notify_id
		]]>
		</query>
		<parameter name="notify_id" nullable="false"></parameter>	
	</sql-service>

</query-collection>