<?xml version="1.0" encoding="UTF-8"?>
<query-collection>
	<sql-service name="PROJECT_PROGRESS.SQL_SEARCH" type="named-parameter" showSql="true">
		<description>search_setting_calendar</description>		
		<query><![CDATA[	
		SELECT pp.id
		  ,pp.project_id
		  ,pp.project_month
		  ,pp.project_year
		  ,pp.plan_percent
		  ,pp.actual_percent
		  ,p.plan_start_date
  		  ,p.plan_end_date
		FROM  t_project_progress pp
		  JOIN t_projects p ON p.id = pp.project_id
		WHERE 1=1
			${#project_id?.text}
			${#id?.text}
		]]>
		</query>
		<parameter name="id" > AND pp.id = :id</parameter>
		<parameter name="project_id"> AND pp.project_id = :project_id</parameter>
	</sql-service>
	
	<sql-service name="PROJECT_PROGRESS.SQL_SEARCH_PROGRESS_RESULT" type="named-parameter" showSql="true">
		<description>search_progress</description>		
		<query><![CDATA[	
		SELECT
			m.id as project_member_id
			, m.user_id as user_id
			, r.id as role_id
			, CONCAT(IFNULL(u.first_name,'')," ", IFNULL(u.last_name,'')) AS user_fullname
			, r.role_name AS role_name
			, CASE WHEN s.dept_name is not null THEN s.dept_name 
				WHEN dp.dept_name is not null THEN dp.dept_name
				ELSE IFNULL(dv.dept_name,'') END AS dept_name
			, IFNULL(m.manday,'') as manday
			, IFNULL(m.plan,'') as plan
			, DATE_FORMAT(p.plan_start_date, '%Y-%m-%d') as plan_start_date
  			, DATE_FORMAT(p.plan_end_date, '%Y-%m-%d') as plan_end_date
		FROM t_projects p 
		LEFT JOIN t_project_members m ON (p.id = m.project_id)
		INNER JOIN t_roles r ON (r.id = m.role_id)
		INNER JOIN t_users u ON (u.id = m.user_id)
		LEFT JOIN t_departments dv ON (u.division_id = dv.id)
		LEFT JOIN t_departments dp ON (u.main_dept_id = dp.id)
		LEFT JOIN t_departments s  ON (u.section_id = s.id)
		WHERE 1=1
			${#project_id?.text}
						
		ORDER BY r.id, user_fullname
		]]>
		</query>
		<parameter name="project_id"> AND p.id = :project_id</parameter>
	</sql-service>
	
	<sql-service name="PROJECT_PROGRESS.SQL_SEARCH_PROJECT_MEMBER_TIME_ENTRIES" type="named-parameter" showSql="true">
		<description>search_time_entries</description>		
		<query><![CDATA[	
		SELECT user_id , sum(hours) AS hours, spent_on 
		FROM t_time_entries
		WHERE project_id = :project_id
		GROUP BY user_id, spent_on
		ORDER BY user_id,spent_on;

		]]>
		</query>
		<parameter name="project_id" nullable="false" />
	</sql-service>
		
	<sql-service name="PROJECT_PROGRESS.SQL_INSERT" type="named-parameter" showSql="true">
		<description>Insert logtime</description>		
		<query><![CDATA[
		INSERT INTO t_project_progress(
			project_id
			,project_month
			,project_year
			,plan_percent
			,actual_percent
			,create_dt
			,create_uid
		) VALUES (
		  :project_id
		  ,:project_month
		  ,:project_year
		  ,:plan_percent
		  ,:actual_percent
		  ,NOW()
		  ,:create_uid
		)
		]]>
		</query>
		<parameter name="project_id" nullable="false" />
		<parameter name="project_month" nullable="false" />
		<parameter name="project_year" nullable="false" />
		<parameter name="plan_percent" nullable="true" />
		<parameter name="actual_percent" nullable="true" />
		<parameter name="create_uid" nullable="true" />
	</sql-service>
	
	<sql-service name="PROJECT_PROGRESS.SQL_UPDATE" type="named-parameter" showSql="true">
		<description>Update logtime</description>		
		<query><![CDATA[	
			UPDATE t_project_progress
			  SET
				project_id =:project_id
				,project_month =:project_month
				,project_year =:project_year
				,plan_percent =:plan_percent
				,actual_percent =:actual_percent
				,update_dt =NOW()
				,update_uid =:update_uid
			WHERE id=:id
		]]>
		</query>
		<parameter name="id" nullable="false" />
		<parameter name="project_id" nullable="false" />
		<parameter name="project_month" nullable="false" />
		<parameter name="project_year" nullable="false" />
		<parameter name="plan_percent" nullable="true" />
		<parameter name="actual_percent" nullable="true" />
		<parameter name="update_uid" nullable="true" />
	</sql-service>
	
	<sql-service name="PROJECT_PROGRESS.SQL_DELETE" type="named-parameter" showSql="true">
		<description>Delete </description>		
		<query><![CDATA[	
				DELETE FROM t_project_progress
				WHERE id = :id
		]]>
		</query>
		<parameter name="id" nullable="false" />
	</sql-service>

	<sql-service name="PROJECT_PROGRESS.SQL_DELETE_BY_PROJECT" type="named-parameter" showSql="true">
		<description>Delete by projectId</description>
		<query><![CDATA[
				DELETE FROM t_project_progress
				WHERE project_id = :project_id
		]]>
		</query>
		<parameter name="project_id" nullable="false" />
	</sql-service>
	
	
	<sql-service name="PROJECT_PROGRESS.SQL_QUERY_LAST_UPD" type="named-parameter" showSql="true">
		<description>Query Last Update by projectId</description>
		<query><![CDATA[
				select IFNULL(DATE_FORMAT(max(create_dt),'%e %b %Y'), '') as create_date from t_project_progress where project_id =:project_id ;
		]]>
		</query>
		<parameter name="project_id" nullable="false" />
	</sql-service>
	
</query-collection>