<?xml version="1.0" encoding="UTF-8"?>
<query-collection>
	<sql-service name="TRAINING_RECORD.SQL_SEARCH" type="named-parameter" showSql="true">
		<description>search training_records </description>		
		<query><![CDATA[	
		
				SELECT
					t_hr_training_records.id id,
					t_hr_training_records.user_id userId,
					t_hr_training_records.certificate_name certificateName,
					t_hr_training_records.certificate_date certificateDate,
					t_hr_training_records.certificate_expire_date certificateExpireDate,
					t_hr_training_records.company company,
					t_hr_training_records.internal internal,
					t_hr_training_records.external external,
					t_hr_training_records.contribute_by_company contributeByCompany,
					t_hr_training_records.contribute_by_company_ending contributeByCompanyEnding,
					t_hr_training_records.certificate_allowance certificateAllowance,
					t_hr_training_records.no_certificate noCertificate,
					t_hr_training_records.po_no poNo,
					t_hr_training_records.approved_by approvedBy,
					t_hr_training_records.approved_date approvedDate,
					t_hr_training_records.training_contract_date trainingContractDate,
					t_hr_training_records.training_fee trainingFee,
					t_hr_training_records.create_dt createDt,
					t_hr_training_records.create_uid createUid,
					t_hr_training_records.update_dt updateDt,
					t_hr_training_records.update_uid updateUid,
					
					CONCAT(t_users.first_name,' ',t_users.last_name) user
					
				FROM
					t_hr_training_records
				INNER JOIN t_users ON t_hr_training_records.user_id = t_users.id
				WHERE 1=1
				${#userId?.text}
				${#year?.text}
				${#id?.text}
				
		]]>
		</query>
		<parameter name="userId" > and t_hr_training_records.user_id = :userId </parameter>
		<parameter name="year" > and year(t_hr_training_records.create_dt) = :year </parameter>
		<parameter name="id" > and t_hr_training_records.id = :id </parameter>
		
	</sql-service>
	
	<sql-service name="TRAINING_RECORD.SQL_INSERT" type="named-parameter" showSql="true">
		<description>TRAINING_RECORD.SQL_SEARCH</description>		
		<query><![CDATA[	
		
				INSERT INTO t_hr_training_records(
			
				user_id,
				certificate_name,
				certificate_date,
				certificate_expire_date,
				company,
				internal,
				external,
				contribute_by_company,
				contribute_by_company_ending,
				certificate_allowance,
				no_certificate,
				po_no,
				approved_by,
				approved_date,
				training_contract_date,
				training_fee,
				create_dt,
				create_uid
			
			)
			VALUE(
				:user_id,
				:certificate_name,
				:certificate_date,
				:certificate_expire_date,
				:company,
				:internal,
				:external,
				:contribute_by_company,
				:contribute_by_company_ending,
				:certificate_allowance,
				:no_certificate,
				:po_no,
				:approved_by,
				:approved_date,
				:training_contract_date,
				:training_fee,
				NOW(),
				:create_uid
			)
				
		]]>
		</query>
				<parameter name="user_id" nullable="true" />
				<parameter name="certificate_name" nullable="true" />
				<parameter name="certificate_date" nullable="true" />
				<parameter name="certificate_expire_date" nullable="true" />
				<parameter name="company" nullable="true" />
				<parameter name="internal" nullable="true" />
				<parameter name="external" nullable="true" />
				<parameter name="contribute_by_company" nullable="true" />
				<parameter name="contribute_by_company_ending" nullable="true" />
				<parameter name="certificate_allowance" nullable="true" />
				<parameter name="no_certificate" nullable="true" />
				<parameter name="po_no" nullable="true" />
				<parameter name="approved_by" nullable="true" />
				<parameter name="approved_date" nullable="true" />
				<parameter name="training_contract_date" nullable="true" />
				<parameter name="training_fee" nullable="true" />
				<parameter name="create_uid" nullable="true" />
		
	</sql-service>
	<sql-service name="TRAINING_RECORD.SQL_UPDATE" type="named-parameter" showSql="true">
		<description>TRAINING_RECORD.SQL_UPDATE</description>		
		<query><![CDATA[	
		
				UPDATE t_hr_training_records SET 
			
				user_id = :user_id,
				certificate_name = :certificate_name,
				certificate_date = :certificate_date,
				certificate_expire_date = :certificate_expire_date,
				company = :company,
				internal = :internal,
				external = :external,
				contribute_by_company = :contribute_by_company,
				contribute_by_company_ending = :contribute_by_company_ending,
				certificate_allowance = :certificate_allowance,
				no_certificate = :no_certificate,
				po_no = :po_no,
				approved_by= :approved_by,
				approved_date = :approved_date,
				training_contract_date = :training_contract_date,
				training_fee = :training_fee,
				update_dt = NOW(),
				update_uid = :update_uid
				
				WHERE id = :id

				
		]]>
		</query>
				<parameter name="user_id" nullable="true" />
				<parameter name="certificate_name" nullable="true" />
				<parameter name="certificate_date" nullable="true" />
				<parameter name="certificate_expire_date" nullable="true" />
				<parameter name="company" nullable="true" />
				<parameter name="internal" nullable="true" />
				<parameter name="external" nullable="true" />
				<parameter name="contribute_by_company" nullable="true" />
				<parameter name="contribute_by_company_ending" nullable="true" />
				<parameter name="certificate_allowance" nullable="true" />
				<parameter name="no_certificate" nullable="true" />
				<parameter name="po_no" nullable="true" />
				<parameter name="approved_by" nullable="true" />
				<parameter name="approved_date" nullable="true" />
				<parameter name="training_contract_date" nullable="true" />
				<parameter name="training_fee" nullable="true" />
				<parameter name="update_uid" nullable="true" />
				
				<parameter name="id" nullable="true" />
		
	</sql-service>
		<sql-service name="TRAINING_RECORD.SQL_DELETE" type="named-parameter" showSql="true">
		<description>TRAINING_RECORD.SQL_DELETE</description>		
		<query><![CDATA[	
		
				DELETE FROM t_hr_training_records
				WHERE id = :id				
		]]>
		</query>				
		<parameter name="id" nullable="true" />
		
	</sql-service>

</query-collection>