<?xml version="1.0" encoding="UTF-8"?>
<query-collection>
	<sql-service name="CONTACT.SQL_SEARCH"
		type="named-parameter" showSql="true">
		<description>CONTACT.SQL_SEARCH</description>
		<query><![CDATA[	
		
			SELECT
				tc.id,
				tc.is_company isCompany,
				CONCAT(tc.first_name,' ',tc.last_name) `name`,
				tc.job_title jobTitle,
				tc.company,
				tci.`name` industry,
				tc.phone,
				tc.email,
				DATE_FORMAT(tc.update_dt,'%d/%m/%Y %T') updateDt,
				tc.cached_tag_list cachedTagList
				
				FROM
				t_contacts tc
				LEFT JOIN t_contact_industries tci ON tc.contact_industry_id = tci.id

		]]>
		</query>
	</sql-service>
	
	<sql-service name="CONTACT.SQL_SEARCH_DETAIL"
		type="named-parameter" showSql="true">
		<description>CONTACT.SQL_SEARCH_DETAIL</description>
		<query><![CDATA[	
		
			SELECT
				tc.id,
				tc.is_company isCompany,
				tc.first_name firstName,
				tc.last_name lastName,
				tc.middle_name middleName, 
				tc.company_id companyId,
				tc.company company,
				tc.contact_industry_id contactIndustryId,
				tc.address,
				tc.street,
				tc.amphur_city amphurCity,
				tc.province_state provinceState,
				tc.postal_code postalCode,
				tc.country,
				tc.latitude,
				tc.longitude,
				tc.phone,
				tc.phone_2 phone2,
				tc.phone_3 phone3,
				tc.email,
				tc.email_2 email2,
				tc.email_3 email3,
				tc.website,
				tc.skype_name skypeName,
				tc.birthday,
				tc.avatar,
				tc.background,
				tc.job_title jobTitle,
				tc.author_id authorId,
				tc.assigned_to_id assignedToId,
				tc.create_dt createDt,
				tc.create_uid createUid,
				tc.update_dt updateDt,
				tc.update_uid updateUid,
				tc.cached_tag_list cachedTagList,
				tc.visibility
			FROM
				t_contacts tc
			WHERE 1=1
				${#id?.text}
				${#is_company?.text}
				${#company_id?.text}

		]]>
		</query>
		<parameter name="id"> AND tc.id = :id </parameter>
		<parameter name="is_company"> AND tc.is_company = :is_company </parameter>
		<parameter name="company_id"> AND tc.company_id = :company_id </parameter>
	</sql-service>

	<sql-service name="CONTACT.SQL_INSERT"
		type="named-parameter" showSql="true">
		<description>CONTACT.SQL_INSERT</description>
		<query><![CDATA[	
		
				INSERT INTO t_contacts (

					is_company,
					first_name,
					last_name,
					middle_name,
					company_id,
					company,
					contact_industry_id,
					address,
					street,
					amphur_city,
					province_state,
					postal_code,
					country,
					latitude,
					longitude,
					phone,
					phone_2,
					phone_3,
					email,
					email_2,
					email_3,
					website,
					skype_name,
					birthday,
					avatar,
					background,
					job_title,
					author_id,
					assigned_to_id,
					create_dt,
					create_uid,
					cached_tag_list,
					visibility			
				)
				VALUE(
				
					:is_company,
					:first_name,
					:last_name,
					:middle_name,
					:company_id,
					:company,
					:contact_industry_id,
					:address,
					:street,
					:amphur_city,
					:province_state,
					:postal_code,
					:country,
					:latitude,
					:longitude,
					:phone,
					:phone2,
					:phone3,
					:email,
					:email2,
					:email3,
					:website,
					:skype_name,
					:birthday,
					:avatar,
					:background,
					:job_title,
					:author_id,
					:assigned_to_id,
					NOW(),
					:create_uid,
					:cached_tag_list,
					:visibility	
				)

		]]>
		</query>

					<parameter name="is_company" nullable="false"></parameter>
					<parameter name="first_name" nullable="false"></parameter>
					<parameter name="last_name" nullable="false"></parameter>
					<parameter name="middle_name" nullable="false"></parameter>
					<parameter name="company_id" nullable="false"></parameter>
					<parameter name="company" nullable="false"></parameter>
					<parameter name="contact_industry_id" nullable="false"></parameter>
					<parameter name="address" nullable="false"></parameter>
					<parameter name="street" nullable="false"></parameter>
					<parameter name="amphur_city" nullable="false"></parameter>
					<parameter name="province_state" nullable="false"></parameter>
					<parameter name="postal_code" nullable="false"></parameter>
					<parameter name="country" nullable="false"></parameter>
					<parameter name="latitude" nullable="false"></parameter>
					<parameter name="longitude" nullable="false"></parameter>
					<parameter name="phone" nullable="false"></parameter>
					<parameter name="phone2" nullable="false"></parameter>
					<parameter name="phone3" nullable="false"></parameter>
					<parameter name="email" nullable="false"></parameter>
					<parameter name="email2" nullable="false"></parameter>
					<parameter name="email3" nullable="false"></parameter>
					<parameter name="website" nullable="false"></parameter>
					<parameter name="skype_name" nullable="false"></parameter>
					<parameter name="birthday" nullable="false"></parameter>
					<parameter name="avatar" nullable="false"></parameter>
					<parameter name="background" nullable="false"></parameter>
					<parameter name="job_title" nullable="false"></parameter>
					<parameter name="author_id" nullable="false"></parameter>
					<parameter name="assigned_to_id" nullable="false"></parameter>

					<parameter name="create_uid" nullable="false"></parameter>
					<parameter name="cached_tag_list" nullable="false"></parameter>
					<parameter name="visibility" nullable="false"></parameter>
					
					<parameter name="id" nullable="false"></parameter>
	</sql-service>

	<sql-service name="CONTACT.SQL_UPDATE"
		type="named-parameter" showSql="true">
		<description>CONTACT.SQL_UPDATE</description>
		<query><![CDATA[	
		
				UPDATE t_contacts SET 
				
					is_company = :is_company,
					first_name = :first_name,
					last_name = :last_name,
					middle_name = :middle_name,
					company_id = :company_id,
					company = :company,
					contact_industry_id = :contact_industry_id,
					address = :address,
					street = :street,
					amphur_city = :amphur_city,
					province_state = :province_state,
					postal_code = :postal_code,
					country = :country,
					latitude = :latitude,
					longitude = :longitude,
					phone = :phone,
					phone_2 = :phone2,
					phone_3 = :phone3,
					email = :email,
					email_2 = :email2,
					email_3 = :email3,
					website = :website,
					skype_name = :skype_name,
					birthday = :birthday,
					avatar = :avatar,
					background = :background,
					job_title = :job_title,
					author_id = :author_id,
					assigned_to_id = :assigned_to_id,
					update_dt = NOW(),
					update_uid = :update_uid,
					cached_tag_list = :cached_tag_list,
					visibility = :visibility	
					
				WHERE id = :id


		]]>
		</query>

					<parameter name="is_company" nullable="false"></parameter>
					<parameter name="first_name" nullable="false"></parameter>
					<parameter name="last_name" nullable="false"></parameter>
					<parameter name="middle_name" nullable="false"></parameter>
					<parameter name="company_id" nullable="false"></parameter>
					<parameter name="company" nullable="false"></parameter>
					<parameter name="contact_industry_id" nullable="false"></parameter>
					<parameter name="address" nullable="false"></parameter>
					<parameter name="street" nullable="false"></parameter>
					<parameter name="amphur_city" nullable="false"></parameter>
					<parameter name="province_state" nullable="false"></parameter>
					<parameter name="postal_code" nullable="false"></parameter>
					<parameter name="country" nullable="false"></parameter>
					<parameter name="latitude" nullable="false"></parameter>
					<parameter name="longitude" nullable="false"></parameter>
					<parameter name="phone" nullable="false"></parameter>
					<parameter name="phone2" nullable="false"></parameter>
					<parameter name="phone3" nullable="false"></parameter>
					<parameter name="email" nullable="false"></parameter>
					<parameter name="email2" nullable="false"></parameter>
					<parameter name="email3" nullable="false"></parameter>
					<parameter name="website" nullable="false"></parameter>
					<parameter name="skype_name" nullable="false"></parameter>
					<parameter name="birthday" nullable="false"></parameter>
					<parameter name="avatar" nullable="false"></parameter>
					<parameter name="background" nullable="false"></parameter>
					<parameter name="job_title" nullable="false"></parameter>
					<parameter name="author_id" nullable="false"></parameter>
					<parameter name="assigned_to_id" nullable="false"></parameter>

					<parameter name="update_uid" nullable="false"></parameter>
					<parameter name="cached_tag_list" nullable="false"></parameter>
					<parameter name="visibility" nullable="false"></parameter>
					
					<parameter name="id" nullable="false"></parameter>
		
	</sql-service>

	<sql-service name="CONTACT.SQL_DELETE"
		type="named-parameter" showSql="true">
		<description>CONTACT.SQL_DELETE</description>
		<query><![CDATA[

				DELETE FROM t_contacts
				WHERE id = :id
				
		]]>
		</query>

		<parameter name="id" nullable="false"></parameter>

	</sql-service>

	<sql-service name="INDUSTRIES.SQL_SEARCH"
		type="named-parameter" showSql="true">
		<description>INDUSTRIES.SQL_SEARCH</description>
		<query><![CDATA[

				SELECT
				t_contact_industries.id,
				t_contact_industries.`name`,
				t_contact_industries.position,
				t_contact_industries.is_default
				FROM
				t_contact_industries
				
		]]>
		</query>

	</sql-service>

</query-collection>