<?xml version="1.0" encoding="UTF-8"?>
<query-collection>
	<sql-service name="WALL.SQL_SEARCH_WALL" type="named-parameter" showSql="true">
		<description>search wall </description>		
		<query><![CDATA[
			SELECT w.id AS a , CONCAT(u.first_name,' ',u.last_name) AS b , img_path AS c , w.msg  AS d , ifnull(DATE_FORMAT(w.update_dt, '%a %e %M %Y %T'),DATE_FORMAT(w.create_dt, '%a %e %M %Y %T')) AS e
			FROM t_walls w INNER JOIN t_users u
			ON u.id =  w.create_uid
			ORDER BY w.create_dt DESC
		]]>
		</query>
		<parameter name="user_id" nullable="true" />
		<parameter name="year" nullable="true" />
	</sql-service>
	
	<sql-service name="WALL.INSERT_WALL_POST" type="named-parameter" showSql="true">
		<description>insert into wall </description>		
		<query><![CDATA[
				
			INSERT INTO t_walls ( msg , create_dt , create_uid )
			VALUES ( :msg , now() , :uid )			
			
		]]>
		</query>
		<parameter name="msg" nullable="false" />
		<parameter name="uid" nullable="false" />
	</sql-service>
	
	<sql-service name="WALL.UPDATE_WALL_POST" type="named-parameter" showSql="true">
		<description>update into wall </description>		
		<query><![CDATA[
				
			UPDATE t_walls SET 
				msg = :msg ,
				update_dt = NOW(),
				update_uid = :uid
			WHERE id = :msgid
			AND create_uid = :uid
			
		]]>
		</query>
		<parameter name="msg" nullable="false" />
		<parameter name="msgid" nullable="false" />
		<parameter name="uid" nullable="false" />
	</sql-service>
	
	
	 <sql-service name="WALL.DELETE_WALL_POST" type="named-parameter" showSql="true">
		<description>delete from wall </description>		
		<query><![CDATA[
				
			DELETE FROM t_walls WHERE id = :msgid AND create_uid = :uid	
		
		]]>
		</query>
		<parameter name="msgid" nullable="false" />
		<parameter name="uid" nullable="false" />
	</sql-service>
	
</query-collection>