<?xml version="1.0" encoding="UTF-8"?>
<query-collection>
	
	<sql-service name="SQL_SEARCH.STAFF_TIMESHEET" type="named-parameter" showSql="true">
		<description>Search Staff TimeSheet Report</description>
		<query><![CDATA[	
			select DATE_FORMAT(t.spent_on, '%d-%b-%Y') as spent_on  
			, u.employee_id , concat(u.first_name,' ', ifnull(u.last_name,'')) as employee_name
			, ifnull(u.position,'') as position , ifnull(dv.dept_code,'') as division_id , ifnull(dv.dept_name,'') as division_name
			, ifnull(d.dept_code,'') as dept_code , ifnull(d.dept_name,'') as dept_name , ifnull(s.dept_code, '') as section_code, ifnull(s.dept_name,'') as section_name 
			, p.project_name , ifnull(dl.project_code,'') as project_code , ifnull(tsk.task_name,'') as task_name 
			, ifnull(lg.code_name,'') as logtime_status
			, concat(ifnull(approver.first_name,''),' ', ifnull(approver.last_name, '')) as logtime_approve_by  
			, ifnull(note.note_comment,'') as note_comment  , t.hours as office_hour  
			
			
			from t_time_entries t 
			left outer join t_users u on ( t.user_id = u.id )
			left outer join t_departments dv on (dv.dept_type =1 and u.division_id = dv.id)
			left outer join t_departments d on ( d.dept_type = 2 and u.main_dept_id = d.id ) 
			left outer join t_departments s on ( s.dept_type = 3 and u.section_id = s.id )
			left outer join t_projects p on ( t.project_id = p.id )
			left outer join t_deals dl on ( p.deal_id = dl.id ) 
			left outer join t_tasks tsk on ( t.task_id = tsk.id )
			left outer join t_identify_key pt on ( t.project_id = pt.id ) 
			left outer join t_codebook_langs lg on ( lg.code_type = 'TIMESHEET_STATUS' and t.time_status = lg.code_id ) 
			left outer join t_users approver on ( t.approved_uid = approver.id ) 
			left outer join ( 
											select  project_id , task_id , user_id ,note_date,GROUP_CONCAT( note_comment SEPARATOR '| ') as note_comment
											from (
													select project_id , task_id , user_id  ,note_date ,concat(note_date,' ',note_detail,'+',TRUNCATE(`hour`, 1),'hr.') as note_comment   
													from t_timesheet_notes 
													) as n 
											group by  project_id , task_id , user_id  ,note_date 
										) as note on ( t.project_id = note.project_id 
																		and t.task_id = note.task_id
																		and t.user_id = note.user_id 
																		and t.spent_on = note.note_date )
			 
			
			where 1=1
			${#startDate?.text}
			${#endDate?.text}
			${#division?.text}
			${#department?.text}
			${#section?.text}
			${#project?.text}
			${#employeeName?.text}
			
			order by spent_on, employee_name
			limit 10000
			 
			;
		]]>
		</query>
		<parameter name="startDate" >and t.spent_on >= :startDate </parameter>
		<parameter name="endDate" >and t.spent_on &lt;= :endDate </parameter>
		<parameter name="division" >and u.division_id= :division</parameter>
		<parameter name="department" >and u.main_dept_id= :department</parameter>
		<parameter name="section" >and u.section_id = :section</parameter>
		<parameter name="project" >and t.project_id in (:project)</parameter>
		<parameter name="employeeName" >and t.user_id in (:employeeName)</parameter>
	</sql-service>
	
	<sql-service name="SQL_SEARCH.PM_TIMESHEET_REPORT" type="named-parameter" showSql="true">
		<description>Search Staff TimeSheet Report</description>
		<query><![CDATA[	
		
		SELECT  user_id as a, staff_name as b , ifnull(department_parentid,'') as c, ifnull(department_id,'') as d,
			  ifnull(dpt.dept_name,'') as e
			  ,CASE WHEN dpt.dept_name IS NULL THEN  ifnull(department_name,'')
			  ELSE CONCAT(' > ',ifnull(department_name,'')) END as f ,CASE WHEN department_name IS NULL THEN  ifnull(dpt3.dept_name,'')
			  WHEN dpt3.dept_name IS NULL THEN  ifnull(dpt3.dept_name,'')
			  ELSE CONCAT(' > ',ifnull(dpt3.dept_name,'')) END  as g
			  , ifnull(hr.utilize_hour,'0') AS h , ifnull(SUM(Clocking),'0') AS i
			 , SUM(STATUS_DRAFT) as j      , SUM(STATUS_SUBMITTED) as k
			 , SUM(STATUS_REJECTED) as l
			 , SUM(STATUS_APPROVED) as m
			 , DATE_FORMAT(users.appearance_date, '%e-%b-%Y') as n
			 , DATE_FORMAT(users.resign_date, '%e-%b-%Y') as o
			 , projectId as r
			 , project.project_name as s
			 , spent_on_yr as t
			 , spent_on_mth as u
		 FROM (        
			 select u.id as user_id , u.user_status, t.spent_on , concat(u.first_name,' ',u.last_name) as staff_name ,d.id as department_id 
			 ,d.parent_id  as  department_parentid ,d.dept_name as department_name , 0 as Utilize_hour         
				 , t.hours as Clocking
				 , case when t.time_status  = 1 then t.hours else 0 end STATUS_DRAFT
				 , case when t.time_status  = 2 then t.hours else 0 end STATUS_SUBMITTED
				 , case when t.time_status  = 3 then t.hours else 0 end STATUS_REJECTED
				 , case when t.time_status  = 4 then t.hours else 0 end STATUS_APPROVED
				 , ifnull(year(spent_on), :year) as spent_on_yr
				 , month(spent_on) as spent_on_mth
				 , p.id as projectId
		     from t_users u        
			     left outer join t_time_entries t  on (  t.user_id = u.id and year(t.spent_on) = :year and month(t.spent_on) in (:monthId) )          
			     left outer join t_projects p on t.project_id = p.id
		         left outer join t_tasks i on t.id = i.id
		         left outer join t_departments d on ( u.main_dept_id = d.id )    
		     where u.user_status = 1
		     order by spent_on
		 ) as tmp      
		 left outer join tc_utilize_hours as hr on ( tmp.spent_on_yr =  hr.utilize_year and tmp.spent_on_mth =  hr.utilize_month_id )  
		 left outer join t_departments dpt  on tmp.department_parentid =  dpt.id and dpt.dept_type = 1
		 left outer join t_departments dpt3  on tmp.department_parentid =  dpt3.id and dpt3.dept_type = 3
		 left outer join t_users users  on users.id =  tmp.user_id
		 left outer join t_projects project on tmp.projectId = project.id
		 INNER JOIN v_approver_projects ap ON tmp.projectId = ap.project_id 
		 where 1=1
		 ${#project?.text}
		 ${#employeeName?.text}
		 ${#approveId?.text}
		 group by user_id,staff_name ,department_id,department_parentid, department_name , hr.utilize_hour,projectId,project.project_name,spent_on_yr,spent_on_mth
		 order by staff_name , department_name
		]]>
		</query>
		<parameter name="monthId" required="true" />
        <parameter name="year" required="true" />
		<parameter name="project" >AND projectId in (:project)</parameter>
		<parameter name="employeeName" >AND users.id in (:employeeName)</parameter>
		<parameter name="approveId" >AND ap.approver_id = :approveId</parameter>
	</sql-service>
	
	
</query-collection>