<?xml version="1.0" encoding="UTF-8"?>
<query-collection>
	<sql-service name="PRIVILEGES.SQL_SEARCH_MENU" type="named-parameter" showSql="true">
		<description>SETTING_PROJECT_ROLE.SQL_SEARCH</description>		
		<query><![CDATA[	
			   SELECT p.id as privilege_Id,
                  p.privileges_Yn ,
                  d.id as dept_id,
                  d.dept_name as dept_name,
                  m.id as menu_id,
                  m.menu_name as menu_name,
                  m.menu_link as menu_action,
                  m.menu_icon as menu_icon
                FROM t_privileges p
                  LEFT OUTER JOIN t_departments d ON p.dept_id = d.id
                  LEFT OUTER JOIN t_menus m ON p.menu_id = m.id
                where 1=1
				    ${#deptId?.text}
				    ${#privilegesYn?.text}
				    ${#useYN?.text}
				ORDER BY m.id
		]]>
		</query>
		<parameter name="deptId" > AND p.dept_id = :deptId </parameter>
		<parameter name="privilegesYn" > AND p.privileges_Yn = :privilegesYn </parameter>
		<parameter name="useYN" > AND m.use_YN = :useYN </parameter>

	</sql-service>
	
	
	<sql-service name="PRIVILEGS.SQL_FIND_USER_ORGANIZE" type="named-parameter" showSql="true">
		<description>SETTING_PROJECT_ROLE.SQL_SEARCH</description>		
		<query><![CDATA[
		 
			SELECT u.division_id AS a , division.dept_name ,  u.main_dept_id AS b , dept.dept_name ,  u.section_id AS c , section.dept_name
        	FROM t_users u 
        	LEFT OUTER JOIN t_departments division ON division.id = u.division_id
        	LEFT OUTER JOIN t_departments dept ON dept.id = u.main_dept_id
        	LEFT OUTER JOIN t_departments section ON section.id = u.section_id
        	WHERE u.id = :uid 
        	
		]]>
		</query>
		<parameter name="uid" nullable="false"/> 
	</sql-service>
	
	
	<sql-service name="PRIVILEGS.SQL_APPROVAL_MENU_AUTHORIZE" type="named-parameter" showSql="true">
		<description>SETTING_PROJECT_ROLE.SQL_SEARCH</description>		
		<query><![CDATA[	
		
				SELECT p.id AS id , p.project_name AS val
				FROM t_project_members m 
				LEFT OUTER JOIN  t_projects p ON m.project_id = p.id
				WHERE m.role_id in (1,10,11)
				AND m.user_id = :uid

		]]>
		</query>
		<parameter name="uid"  nullable="false"/>
	</sql-service>
	
	
	<sql-service name="PRIVILEGS.SQL_APPROVAL_MENU_IS_REPORT_TO_PERSON" type="named-parameter" showSql="true">
		<description>SETTING_PROJECT_ROLE.SQL_SEARCH</description>		
		<query><![CDATA[	
		
				SELECT id AS id , CONCAT(first_name,' ',last_name ) AS val
				FROM  t_users
				WHERE report_to_person_id1 = :uid 
				AND user_status = 1

		]]>
		</query>
		<parameter name="uid"  nullable="false"/>
	</sql-service>
	
	
	<sql-service name="PRIVILEGS.SQL_ADMIN_MENU" type="named-parameter" showSql="true">
		<description>SETTING_PROJECT_ROLE.SQL_SEARCH</description>		
		<query><![CDATA[	
			   SELECT 
	                  m.id as menu_id,
	                  m.menu_name as menu_name,
	                  m.menu_link as menu_action,
	                  m.menu_icon as menu_icon
                FROM t_menus m 
                where 1=1
				    ${#useYN?.text}
				ORDER BY m.id

		]]>
		</query>
		<parameter name="useYN" > AND m.use_YN = :useYN </parameter>
	</sql-service>
	
    <sql-service name="PRIVILEGES.SQL_INIT_MENU" type="named-parameter"  showSql="true">
        <query>
            <![CDATA[
            INSERT  t_privileges(
                  dept_id,
                  menu_id,
                  privileges_YN,
                  create_dt,
                  create_uid,
                  update_dt,
                  update_uid
                )
                SELECT
                  :deptId as dept_id,
                  m.id as menu_id,
                  'Y' privileges_YN,
                  NOW(),
                  :uid,
                  NOW(),
                  :uid
                  FROM t_menus m
                WHERE NOT EXISTS(SELECT 1 FROM t_privileges p where p.dept_id = :deptId AND p.menu_id =m.id )
            ]]>
        </query>
        <parameter name="deptId"  nullable="false"/>
        <parameter name="uid"  nullable="false"/>
    </sql-service>
    
    
	<sql-service name="PRIVILEGES.SQL_MENU_UPDATE" type="" showSql="true">
		<query>
			<![CDATA[
            UPDATE  t_privileges set
               privileges_YN = :privilegesYn,
               update_dt = NOW(),
               update_uid = :uid
               WHERE id = :privilegeId
            ]]>
		</query>
		<parameter name="privilegeId"  nullable="false"/>
		<parameter name="privilegesYn"  nullable="false"/>
		<parameter name="uid"  nullable="false"/>
	</sql-service>
	
	<sql-service name="PRIVILEGES.SQL_SEARCH_DEPARTMENT_PRIVILEGE" type="named-parameter" showSql="true">
		<description>PRIVILEGES.SQL_SEARCH_DEPARTMENT_PRIVILEGE</description>		
		<query><![CDATA[
		 
			SELECT d.id as id, d.dept_name as name, ifnull(d.dept_type,'0') as level, ifnull(d.parent_id,'0') as parentId
        	FROM t_departments d 
        	where d.dept_type <> '0'
        	ORDER BY  d.id
        	
		]]>
		</query>

	</sql-service>
	
	<sql-service name="PRIVILEGES.SQL_INSERT_PRIVILEGES_MENU" type="named-parameter"  showSql="true">
        <query>
            <![CDATA[
            INSERT t_privileges(
                  dept_id,
                  menu_id,
                  privileges_YN,
                  create_dt,
                  create_uid,
                  update_dt,
                  update_uid
             )values (
                  :deptId,
                  :menuId,
                  :privilegesYn,
                  NOW(),
                  :createBy,
                  NOW(),
                  :createBy
				)
            ]]>
        </query>
        <parameter name="menuId"  nullable="false"/>
        <parameter name="deptId"  nullable="false"/>
        <parameter name="privilegesYn"  nullable="false"/>
        <parameter name="createBy"  nullable="false"/>
    </sql-service>

</query-collection>