<?xml version="1.0" encoding="UTF-8"?>
<query-collection>
	<sql-service name="DEAL.SQL_SEARCH" type="named-parameter"
		showSql="true">
		<description>DEAL.SQL_SEARCH</description>
		<query><![CDATA[
				SELECT
				  t_deals.id,
				  t_deals.`name`,
				  t_deals.background,
				  t_deals.currency_id,
				  t_deals.price,
				  t_deals.status_id statusId,
				  t_deals.contact_id contactId,
				  t_deals.create_dt createDt,
				  t_deals.update_dt updateDt,
				  t_deals.competitor,
				  t_deals.forecast_quarter_id forecastClose,
				  t_deals.forecast_month_id,
				  t_deals.margin,
				  t_deals.chance_of_sale chanceOfSale,
				  t_deals.project_code projectCode,
				  t_deals.total_cost_baseline totalCostBaseline,
				  t_deals.start_date startDate,
				  t_deals.end_date endDate,
				  t_deals.sales_id saleId,
				  t_deals.project_manager_id projectManagerId,
				  t_deals.orc_status_id orcStatusId,
				  t_deals.account_id accountId,
				  t_deals.lost_reason_id,

				  CONCAT(t_users.first_name,' ',t_users.last_name) saleName,
				  os.code_name osCodeName,
				  ds.code_name dsCodeName,
				  CONCAT(t_contacts.first_name,' ',t_contacts.last_name) contactName

				FROM
				  t_deals
				  LEFT JOIN t_users ON t_deals.sales_id = t_users.id
				  LEFT JOIN t_codebook_langs os ON t_deals.orc_status_id = os.code_id
												   AND os.code_type = 'ORC_STATUS'
				  LEFT JOIN t_codebook_langs ds ON t_deals.status_id = ds.code_id
												   AND ds.code_type = 'DEAL_STATUS'
				  LEFT JOIN t_contacts ON t_deals.contact_id = t_contacts.id

				WHERE 1=1
				${#id?.text}
				${#status?.text}

				ORDER BY t_deals.`name`
		]]>
		</query>
		<parameter name="id"> AND t_deals.id = :id </parameter>
		<parameter name="status"> AND t_deals.status_id = :status </parameter>
	</sql-service>

	<sql-service name="DEAL.SQL_INSERT" type="named-parameter"
		showSql="true">
		<description>DEAL.SQL_INSERT</description>
		<query><![CDATA[	
		INSERT INTO t_deals (
		  id,
		  name,
		  background,
		  orc_status_id,
		  status_id,
		  lost_reason_id,
		  competitor,
		  account_id,
		  contact_id,
		  sales_id,
		  project_manager_id,
		  forecast_quarter_id,
		  forecast_month_id,
		  price,
		  currency_id,
		  margin,
		  chance_of_sale,
		  total_cost_baseline,
		  start_date,
		  end_date,
		  project_code,
		  create_uid,
		  create_dt
		) VALUES (
		  :id,
		  :name,
		  :background,
		  :orc_status_id,
		  :status_id,
		  :lost_reason_id,
		  :competitor,
		  :account_id,
		  :contact_id,
		  :sales_id,
		  :project_manager_id,
		  :forecast_quarter_id,
		  :forecast_month_id,
		  :price,
		  :currency_id,
		  :margin,
		  :chance_of_sale,
		  :total_cost_baseline,
		  :start_date,
		  :end_date,
		  :project_code,
		  :create_uid,
		  NOW()
		)

		]]>
		</query>
		<parameter name="id" nullable="true"></parameter>
		<parameter name="name" nullable="true"></parameter>
		<parameter name="background" nullable="false"></parameter>
		<parameter name="orc_status_id" nullable="false"></parameter>
		<parameter name="status_id" nullable="false"></parameter>
		<parameter name="lost_reason_id" nullable="false"></parameter>
		<parameter name="competitor" nullable="false"></parameter>
		<parameter name="account_id" nullable="false"></parameter>
		<parameter name="contact_id" nullable="false"></parameter>
		<parameter name="sales_id" nullable="false"></parameter>
		<parameter name="project_manager_id" nullable="false"></parameter>
		<parameter name="forecast_quarter_id" nullable="true"></parameter>
		<parameter name="forecast_month_id" nullable="true"></parameter>
		<parameter name="price" nullable="true"></parameter>
		<parameter name="currency_id" nullable="true"></parameter>
		<parameter name="margin" nullable="true"></parameter>
		<parameter name="chance_of_sale" nullable="true"></parameter>
		<parameter name="total_cost_baseline" nullable="true"></parameter>
		<parameter name="start_date" nullable="true"></parameter>
		<parameter name="end_date" nullable="true"></parameter>
		<parameter name="project_code" nullable="true"></parameter>
		<parameter name="create_uid" nullable="true"></parameter>
	</sql-service>

	<sql-service name="DEAL.SQL_UPDATE" type="named-parameter"
		showSql="true">
		<description>DEAL.SQL_UPDATE</description>
		<query><![CDATA[	
		UPDATE t_deals SET
		  `name` = :name,
		  background = :background,
		  currency_id = :currency_id,
		  price = :price,
		  status_id = :status_id,
		  contact_id = :contact_id,
		  update_uid = :update_uid,
		  update_dt = NOW(),
		  competitor = :competitor,
		  forecast_quarter_id= :forecast_quarter_id,
		  forecast_month_id = :forecast_month_id,
		  margin = :margin,
		  chance_of_sale = :chance_of_sale,
		  project_code = :project_code,
		  total_cost_baseline = :total_cost_baseline,
		  start_date = :start_date,
		  end_date = :end_date,
		  sales_id = :sales_id,
		  project_manager_id = :project_manager_id,
		  orc_status_id = :orc_status_id,
		  account_id = :account_id,
		  lost_reason_id = :lost_reason_id
		WHERE id = :id

		]]>
		</query>
		<parameter name="id" nullable="true"></parameter>
		<parameter name="name" nullable="true"></parameter>
		<parameter name="background" nullable="false"></parameter>
		<parameter name="orc_status_id" nullable="false"></parameter>
		<parameter name="status_id" nullable="true"></parameter>
		<parameter name="lost_reason_id" nullable="false"></parameter>
		<parameter name="competitor" nullable="false"></parameter>
		<parameter name="account_id" nullable="false"></parameter>
		<parameter name="contact_id" nullable="false"></parameter>
		<parameter name="sales_id" nullable="false"></parameter>
		<parameter name="project_manager_id" nullable="false"></parameter>
		<parameter name="forecast_quarter_id" nullable="true"></parameter>
		<parameter name="forecast_month_id" nullable="true"></parameter>
		<parameter name="price" nullable="true"></parameter>
		<parameter name="currency_id" nullable="true"></parameter>
		<parameter name="margin" nullable="true"></parameter>
		<parameter name="chance_of_sale" nullable="true"></parameter>
		<parameter name="total_cost_baseline" nullable="true"></parameter>
		<parameter name="start_date" nullable="true"></parameter>
		<parameter name="end_date" nullable="true"></parameter>
		<parameter name="project_code" nullable="true"></parameter>
		<parameter name="update_uid" nullable="true"></parameter>
	</sql-service>

	<sql-service name="DEAL.SQL_DELETE" type="named-parameter"
		showSql="true">
		<description>DEAL.SQL_DELETE</description>
		<query><![CDATA[
				DELETE FROM t_deals
				WHERE id = :id
		]]>
		</query>
		<parameter name="id" nullable="false"></parameter>
	</sql-service>

	<sql-service name="DEAL.SQL_SEARCH_DEAL_DETAIL_BY_ID" type="named-parameter" showSql="true">
		<description>search deal detail form </description>
		<query><![CDATA[
				SELECT
				  t_deals.id,
				  t_deals.`name`,
				  t_deals.background,
				  t_deals.currency_id,
				  t_deals.price,
				  t_deals.status_id,
				  t_deals.contact_id,
				  t_deals.create_dt,
				  t_deals.update_dt,
				  t_deals.competitor,
				  t_deals.forecast_quarter_id,
				  t_deals.forecast_month_id,
				  t_deals.margin,
				  t_deals.chance_of_sale,
				  t_deals.project_code,
				  t_deals.total_cost_baseline,
				  t_deals.start_date,
				  t_deals.end_date,
				  t_deals.sales_id,
				  t_deals.project_manager_id,
				  t_deals.orc_status_id,
				  t_deals.status_id,
				  t_deals.account_id,
				  t_deals.lost_reason_id,
				  GROUP_CONCAT(tdp.product_id) product_id,
				  CONCAT(t_users.first_name,' ',t_users.last_name) saleName

				FROM t_deals
				  LEFT JOIN t_users ON t_deals.sales_id = t_users.id
				  LEFT JOIN t_deals_product tdp ON t_deals.id = tdp.deal_id

				WHERE t_deals.id = :id

				GROUP BY t_deals.id
		]]>
		</query>
		<parameter name="id"/>
	</sql-service>

</query-collection>