<?xml version="1.0" encoding="UTF-8"?>
<query-collection>

	<!-- initial filter project & staff -->
	<sql-service name="SQL_REPORT_INITIAL.FILTER_APPROVAL_PROJECT" type="named-parameter" showSql="true">
		<description>Initial project approval of report</description>		
		<query><![CDATA[
		
				 SELECT  a.project_id AS id, IF(p.type_PD = 'P',p.name,CONCAT('[DEAL]',p.name)) AS val 
				 FROM t_task_assignees a 
					 LEFT OUTER JOIN t_identify_key p ON a.project_id = p.id
					 LEFT OUTER JOIN v_approver_projects ap ON p.id = ap.project_id
					 WHERE p.status <> 4
					 AND ap.approver_id = :approverId
				 GROUP by  a.project_id, p.name
				 ORDER BY  p.name
		
		]]>
		</query>
		<parameter name="yearMonth" nullable="false" />
		<parameter name="approverId" nullable="false" />
	</sql-service>
	

	<sql-service name="SQL_REPORT_INITIAL.FILTER_APPROVAL_PROJECT_FOR_ADMIN_ROLE" type="named-parameter" showSql="true">
		<description>Initial project approval admin role</description>		
		<query><![CDATA[
		 
				 SELECT  a.project_id AS id, IF(p.type_PD = 'P',p.name,CONCAT('[DEAL]',p.name)) AS val
				 FROM t_task_assignees a 
					 LEFT OUTER JOIN t_identify_key p ON a.project_id = p.id
					 LEFT OUTER JOIN t_tasks t ON a.task_id = t.id
					 WHERE p.status <> 4 
				 GROUP by  a.project_id, p.name
				 ORDER BY  p.name
		
		]]>
		</query>
	</sql-service>
	
	<sql-service name="SQL_REPORT_INITIAL.FILTER_APPROVAL_STAFF" type="named-parameter" showSql="true">
		<description>Initial approver staff</description>		
		<query><![CDATA[
		
			SELECT e.user_id  AS a
				, CONCAT(u.first_name,' ',u.last_name) as b
				, IFNULL(u.nick_name,'') AS c
				
			FROM t_time_entries e 
				
				INNER JOIN t_users u
				ON e.user_id = u.id
				
				INNER JOIN v_approver_projects ap
				ON e.project_id = ap.project_id 
				
			WHERE 1 = 1
			AND ap.approver_id = :approverId
				${#projectId?.text}
				AND
				(
					CASE
						WHEN u.resign_date IS NULL THEN TRUE
						WHEN u.resign_date IS NOT NULL THEN u.resign_date >= :startDate
					END
				)
			GROUP BY  user_id
				, u.first_name
				, u.last_name
			ORDER BY u.first_name ASC
		
		]]>
		</query>
		<parameter name="approverId" nullable="false" />
		<parameter name="projectId" nullable="false" > AND e.project_id IN (:projectId)  </parameter>
		<parameter name="startDate" nullable="false" />
		<!-- <parameter name="endDate" nullable="false" /> -->
	</sql-service>
	
	<sql-service name="SQL_REPORT_INITIAL.FILTER_APPROVAL_STAFF_FOR_ADMIN_ROLE" type="named-parameter" showSql="true">
		<description>Initial approver staff for admin role</description>		
		<query><![CDATA[
		
			SELECT e.user_id  AS a
				, CONCAT(u.first_name,' ',u.last_name) as b
				, IFNULL(u.nick_name,'') AS c
			FROM t_time_entries e 
			INNER JOIN t_users u ON e.user_id = u.id 
			WHERE 1 = 1
				${#projectId?.text}
				AND
				(
					CASE
						WHEN u.resign_date IS NULL THEN TRUE
						WHEN u.resign_date IS NOT NULL THEN u.resign_date >= :startDate
					END
				)
			GROUP BY user_id
				, u.first_name
				, u.last_name
			ORDER BY u.first_name ASC
		
		]]>
		</query>
		<parameter name="projectId" nullable="false" > AND e.project_id IN (:projectId)  </parameter>
		<parameter name="startDate" nullable="false" />
		<!-- <parameter name="endDate" nullable="false" /> -->
	</sql-service>
	
	<!-- end initial filter project & staff -->
	
	<sql-service name="SQL_REPORT_INITIAL.INITIAL_PROJECT_FOR_PM" type="named-parameter" showSql="true">
		<description>Initial project approval pm role</description>		
		<query><![CDATA[
			 SELECT  a.project_id AS id, IF(p.type_PD = 'P',p.name,CONCAT('[DEAL]',p.name)) AS val 
			 FROM t_task_assignees a 
				 LEFT OUTER JOIN t_identify_key p ON a.project_id = p.id
				 LEFT OUTER JOIN v_approver_projects ap ON p.id = ap.project_id
				 WHERE p.status <> 4
				${#userId?.text}
			 GROUP by  a.project_id, p.name
			 ORDER BY  p.name
		
		]]>
		</query>
		<parameter name="userId" nullable="false" >and ap.approver_id = :userId  </parameter>
	</sql-service>
	
	<sql-service name="SQL_REPORT_INITIAL.INITIAL_STAFF_FOR_PM" type="named-parameter" showSql="true">
		<description>Initial approver staff for pm role</description>		
		<query><![CDATA[
		
			SELECT e.user_id  AS a , CONCAT(u.first_name,' ',u.last_name) as b , IFNULL(u.nick_name,'') AS c
			FROM t_time_entries e 
			INNER JOIN t_users u ON e.user_id = u.id 
			WHERE u.user_status = 1
				${#projectId?.text}
			GROUP BY  user_id , u.first_name, u.last_name
			ORDER BY u.first_name ASC
		
		]]>
		</query>
		<parameter name="projectId" nullable="false" > AND e.project_id IN (:projectId)  </parameter>
	</sql-service>
	
</query-collection>