<?xml version="1.0" encoding="UTF-8"?>
<query-collection>


 	 <!--  approval progress (Not admin)-->
	<sql-service name="APPROVAL.SQL_APPROVAL_PROGRESS" type="named-parameter" showSql="true">
		<description>Initial project approval progress of this year</description>		
		<query><![CDATA[
		
			    SELECT month( spent_on) AS a,
				  	   IFNULL(TRUNCATE(100-(( sum(STATUS_SUBMITTED) * 100 )/ sum(STATUS_SUBMITTED+STATUS_REJECTED+STATUS_APPROVED)),0),'0') as b
				FROM (
						SELECT  e.project_id , k.name as project_name , e.user_id , CONCAT(u.first_name,' ',u.last_name) as staff , e.spent_on , e.hours  , 
								DATE_FORMAT(u.resign_date, '%a %e %b %Y')  AS resign_date ,
								case when e.time_status  = 1 then e.hours else 0 end STATUS_DRAFT,
								case when e.time_status  = 2 then e.hours else 0 end STATUS_SUBMITTED,
								case when e.time_status  = 3 then e.hours else 0 end STATUS_REJECTED,
								case when e.time_status  = 4 then e.hours else 0 end STATUS_APPROVED
						FROM t_time_entries e 
						INNER JOIN t_identify_key k ON e.project_id = k.id
						INNER JOIN t_users u ON e.user_id = u.id 
						INNER JOIN t_tasks t ON e.task_id = t.id
						WHERE YEAR(e.spent_on) = :year 
						AND e.project_id in (  	 
											 SELECT distinct a.project_id 
											 FROM t_task_assignees a 
											 INNER JOIN t_identify_key k ON a.project_id = k.id
											 INNER JOIN v_approver_projects ap ON ap.project_id = a.project_id
											 WHERE k.status <> 4  
											 AND :year between YEAR(a.start_dt) and YEAR(a.end_dt)
											 AND ap.approver_id = :approverId
						) 
				) AS temp
				WHERE 1=1 
				GROUP BY   month(e.spent_on)
		
		]]>
		</query>
		<parameter name="year" nullable="false" />
		<parameter name="approverId" nullable="false" />
	</sql-service>


	<!-- initial filter project -->
	<sql-service name="APPROVAL.SQL_FILTER_APPROVAL_PROJECT" type="named-parameter" showSql="true">
		<description>Initial project approval of this month</description>		
		<query><![CDATA[
		
			SELECT  a.project_id AS a, IF(p.type_PD = 'P',p.name,CONCAT('[DEAL]',p.name)) AS b, a.user_id AS c, CONCAT(u.first_name,' ',u.last_name) as d
			 FROM t_task_assignees a 
				 LEFT OUTER JOIN t_identify_key p ON a.project_id = p.id
				 LEFT OUTER JOIN v_approver_projects ap ON p.id = ap.project_id
			   LEFT OUTER JOIN t_users u ON a.user_id = u.id
				 WHERE :yearMonth BETWEEN extract(year_month FROM a.start_dt ) and  extract(year_month FROM a.end_dt )  AND p.status <> 4
				 AND ap.approver_id = :approverId
				 AND u.user_status = 1
			 GROUP by  a.project_id, p.name , a.user_id, CONCAT(u.first_name,' ',u.last_name)
			 ORDER BY  a.project_id , p.name , CONCAT(u.first_name,' ',u.last_name) 
		
		]]>
		</query>
		<parameter name="yearMonth" nullable="false" />
		<parameter name="approverId" nullable="false" />
	</sql-service>
	
	<sql-service name="APPROVAL.SQL_FILTER_APPROVAL_INTERNAL_PROJECT" type="named-parameter" showSql="true">
		<description>Initial project approval of this month</description>		
		<query><![CDATA[
		
		 	SELECT  a.project_id AS a, IF(p.type_PD = 'P',p.name,CONCAT('[DEAL]',p.name)) AS b , a.user_id AS c, CONCAT(u.first_name,' ',u.last_name) as d
			FROM t_task_assignees a 
			LEFT OUTER JOIN t_identify_key p ON a.project_id = p.id
			LEFT OUTER JOIN v_approver_projects ap ON a.user_id = ap.approver_id
			LEFT OUTER JOIN t_users u ON a.user_id = u.id
			WHERE :yearMonth BETWEEN extract(year_month FROM a.start_dt ) and  extract(year_month FROM a.end_dt )  AND p.status <> 4
			AND a.user_id in ( SELECT id  FROM  t_users  WHERE report_to_person_id1 = :approverId  AND user_status = 1 ) -- approved team
			AND a.project_id in ( SELECT id FROM t_projects WHERE project_type in (0,1) and project_status <> 4 ) -- only internal
			GROUP by  a.project_id, p.name,  a.user_id,  CONCAT(u.first_name,' ',u.last_name)
 
		]]>
		</query>
		<parameter name="yearMonth" nullable="false" />
		<parameter name="approverId" nullable="false" />
	</sql-service>
	
	<sql-service name="APPROVAL.SQL_FILTER_APPROVAL_PM_N_TEAM_HEAD" type="named-parameter" showSql="true">
		<description>Initial project approval of this month</description>		
		<query><![CDATA[
		
			SELECT  a.project_id AS a, IF(p.type_PD = 'P',p.name,CONCAT('[DEAL]',p.name)) AS b,   a.user_id AS c, CONCAT(u.first_name,' ',u.last_name) as d
			FROM t_task_assignees a 
			INNER JOIN v_approver_projects ap ON a.user_id = ap.approver_id and a.project_id = ap.project_id
			LEFT OUTER JOIN t_identify_key p ON a.project_id = p.id
			LEFT OUTER JOIN t_users u ON a.user_id = u.id
			WHERE :yearMonth BETWEEN extract(year_month FROM a.start_dt ) and  extract(year_month FROM a.end_dt )  AND p.status <> 4
			AND a.user_id in ( SELECT id  FROM  t_users  WHERE report_to_person_id1 = :approverId AND user_status = 1   )
			AND ap.approver_id in ( SELECT id  FROM  t_users  WHERE report_to_person_id1 = :approverId AND user_status = 1 )
			AND ap.project_id in ( SELECT id FROM t_projects WHERE project_type <> 1 and project_status <> 4 ) -- only internal
			GROUP by  a.project_id, p.name,  a.user_id,  CONCAT(u.first_name,' ',u.last_name)
 
		
		]]>
		</query>
		<parameter name="yearMonth" nullable="false" />
		<parameter name="approverId" nullable="false" />
	</sql-service>

	
	
	
 <!--  mask as  change -->
	<sql-service name="APPROVAL.SQL_FILTER_APPROVAL_PROJECT_FOR_ADMIN_ROLE" type="named-parameter" showSql="true">
		<description>Initial project approval of this month</description>		
		<query><![CDATA[
		 
				 SELECT  a.project_id AS id, IF(p.type_PD = 'P',p.name,CONCAT('[DEAL]',p.name)) AS val
				 FROM t_task_assignees a 
					 LEFT OUTER JOIN t_identify_key p ON a.project_id = p.id
					 LEFT OUTER JOIN t_tasks t ON a.task_id = t.id
					 WHERE :yearMonth BETWEEN extract(year_month FROM a.start_dt ) and  extract(year_month FROM a.end_dt )  AND p.status <> 4
				 GROUP by  a.project_id, p.name
				 ORDER BY  p.name
		
		]]>
		</query>
		<parameter name="yearMonth" nullable="false" />
	</sql-service>
	
	
	<sql-service name="APPROVAL.SQL_FILTER_APPROVAL_DEPARTMENT" type="named-parameter" showSql="true">
		<description>search holiday of selected month </description>		
		<query><![CDATA[
		
			SELECT  d.id AS id , d.dept_name AS val
			FROM t_time_entries e 
			INNER JOIN t_users u ON e.user_id = u.id 
			LEFT OUTER JOIN t_departments d ON d.id = u.main_dept_id
			WHERE 
				MONTH(e.spent_on) = :monthId
				AND YEAR(e.spent_on) = :year
				${#projectId?.text}
			GROUP BY  d.id , d.dept_name
			ORDER BY val ASC
	    
		]]>
		</query>
		<parameter name="year" nullable="false" />
		<parameter name="monthId" nullable="false" />
		<parameter name="projectId" nullable="false" > AND e.project_id IN (:projectId)  </parameter>
	</sql-service>
	
	<sql-service name="APPROVAL.SQL_FILTER_APPROVAL_STAFF" type="named-parameter" showSql="true">
		<description>approver search staff</description>		
		<query><![CDATA[
		
			SELECT e.user_id  AS a , CONCAT(u.first_name,' ',u.last_name) as b , IFNULL(u.nick_name,'') AS c
			FROM t_time_entries e 
			INNER JOIN t_users u ON e.user_id = u.id
			INNER JOIN v_approver_projects ap ON e.project_id = ap.project_id 
			WHERE 
				MONTH(e.spent_on) = :monthId
				AND YEAR(e.spent_on) = :year
				AND ap.approver_id = :approverId
				${#projectId?.text}
				${#notEqApproverId?.text}
			GROUP BY  user_id , u.first_name, u.last_name
			ORDER BY u.first_name ASC
		
		]]>
		</query>
		<parameter name="year" nullable="false" />
		<parameter name="monthId" nullable="false" />
		<parameter name="approverId" nullable="false" />
		<parameter name="projectId" nullable="false" > AND e.project_id IN (:projectId)  </parameter>
		<parameter name="notEqApproverId" nullable="false" > AND e.user_id NOT IN (select distinct approver_id from v_approver_projects where approver_id = :notEqApproverId) </parameter>
	</sql-service>
	
	<sql-service name="APPROVAL.SQL_FILTER_APPROVAL_STAFF_FOR_ADMIN_ROLE" type="named-parameter" showSql="true">
		<description>approve search staff for admin</description>		
		<query><![CDATA[
		
			SELECT e.user_id  AS a , CONCAT(u.first_name,' ',u.last_name) as b , IFNULL(u.nick_name,'') AS c
			FROM t_time_entries e 
			INNER JOIN t_users u ON e.user_id = u.id 
			WHERE 
				MONTH(e.spent_on) = :monthId
				AND YEAR(e.spent_on) = :year
				${#projectId?.text}
			GROUP BY  user_id , u.first_name, u.last_name
			ORDER BY u.first_name ASC
		
		]]>
		</query>
		<parameter name="year" nullable="false" />
		<parameter name="monthId" nullable="false" />
		<parameter name="projectId" nullable="false" > AND e.project_id IN (:projectId)  </parameter>
	</sql-service>
	
	<!-- approval staff all save -->
	<sql-service name="APPROVAL.SQL_STAFF_APPROVE_ALL" type="named-parameter" showSql="true">
		<description> submit timesheet ( update timesheet status = 2  or 1 )  </description>		
		<query><![CDATA[	
				 UPDATE t_time_entries SET
				  time_status = :status ,
				  update_dt = NOW() ,
				  update_uid = :approvalId ,
				  approved_dt = NOW(),
				  approved_uid = :approvalId 
				 WHERE user_id = :staffId 
				 AND project_id = :projectId
				 AND MONTH(spent_on) = :monthId 
				 AND YEAR(spent_on) = :year 
				 AND time_status <> 1
		]]>
		</query>
		<parameter name="status" nullable="false" />
		<parameter name="approvalId" nullable="false" />
		<parameter name="staffId" nullable="false" />
		<parameter name="projectId" nullable="false" />
		<parameter name="monthId" nullable="false" />
		<parameter name="year" nullable="false" />
	</sql-service>
	
	<!-- approval staff all save -->
	<sql-service name="APPROVAL.SQL_STAFF_REJECT_ALL" type="named-parameter" showSql="true">
		<description> submit timesheet ( update timesheet status = 2  or 1 )  </description>		
		<query><![CDATA[	
				 UPDATE t_time_entries SET
				  time_status = :status ,
				  update_dt = NOW() ,
				  update_uid = :approvalId ,
				  rejected_dt = NOW(),
				  rejected_uid = :approvalId 
				 WHERE user_id = :staffId 
				 AND project_id = :projectId
				 AND MONTH(spent_on) = :monthId 
				 AND YEAR(spent_on) = :year 
				 AND time_status <> 1
		]]>
		</query>
		<parameter name="status" nullable="false" />
		<parameter name="approvalId" nullable="false" />
		<parameter name="staffId" nullable="false" />
		<parameter name="projectId" nullable="false" />
		<parameter name="monthId" nullable="false" />
		<parameter name="year" nullable="false" />
	</sql-service>
	
	
	
	<!-- approval detail save -->
	<sql-service name="APPROVAL.SQL_APPROVAL_WORKHOUR" type="named-parameter" showSql="true">
		<description> submit timesheet ( update timesheet status = 2  or 1 )  </description>		
		<query><![CDATA[	
				 UPDATE t_time_entries SET
				  time_status = :status ,
				  update_dt = NOW() ,
				  update_uid = :staffId ,
				  rejected_dt =  CASE WHEN :status = 3  THEN NOW() END ,
				  rejected_uid = CASE WHEN :status = 3  THEN :staffId END ,
				  approved_dt =  CASE WHEN :status = 4  THEN NOW() END ,
				  approved_uid = CASE WHEN :status = 4  THEN :staffId END
				 WHERE id = :entry_id 
		]]>
		</query>
		<parameter name="status" nullable="false" />
		<parameter name="staffId" nullable="false" />
		<parameter name="entry_id" nullable="false" />
	</sql-service>
	
	
	<sql-service name="APPROVAL.SQL_APPROVAL_OVERTIME" type="named-parameter" showSql="true">
		<description> submit overtime ( update overtime status = 2  or 1 )  </description>		
		<query><![CDATA[
		
				 UPDATE t_allowances SET
				  ot_status = :status ,
				  update_dt = NOW() ,
				  update_uid = :staffId ,
				  rejected_dt =  CASE WHEN :status = 3  THEN NOW() END ,
				  rejected_uid = CASE WHEN :status = 3  THEN :staffId END ,
				  approved_dt =  CASE WHEN :status = 4  THEN NOW() END ,
				  approved_uid = CASE WHEN :status = 4  THEN :staffId END
				 WHERE id = :otId
		]]>
		</query>
		<parameter name="status" nullable="false" />
		<parameter name="staffId" nullable="false" />
		<parameter name="otId" nullable="false" />
	</sql-service>
	
	<!-- approval time  -->
	<sql-service name="APPROVAL.SEARCH_TIMESHEET_APPROVAL" type="named-parameter" showSql="true">
		<description>Project Approval Hour</description>		
		<query><![CDATA[
			 	SELECT project_id AS a, project_name AS b , user_id AS c,  staff AS d , 
			 		   sum(STATUS_DRAFT) AS e, 
			 		   sum(STATUS_SUBMITTED) AS f, 
			 		   sum(STATUS_REJECTED) AS g, 
			 		   sum(STATUS_APPROVED)AS h ,
			 		   ifnull(CONCAT('* Resign on ',resign_date),'') AS i
				FROM (
						SELECT  e.project_id , k.name as project_name , e.user_id , CONCAT(u.first_name,' ',u.last_name) as staff , e.spent_on , e.hours  , 
								DATE_FORMAT(u.resign_date, '%a %e %b %Y')  AS resign_date ,
								case when e.time_status  = 1 then e.hours else 0 end STATUS_DRAFT,
								case when e.time_status  = 2 then e.hours else 0 end STATUS_SUBMITTED,
								case when e.time_status  = 3 then e.hours else 0 end STATUS_REJECTED,
								case when e.time_status  = 4 then e.hours else 0 end STATUS_APPROVED
						FROM t_time_entries e 
						INNER JOIN t_identify_key k ON e.project_id = k.id
						INNER JOIN t_users u ON e.user_id = u.id 
						INNER JOIN t_tasks t ON e.task_id = t.id
						WHERE 
							MONTH(e.spent_on) = :monthId 
							AND YEAR(e.spent_on) = :year
							${#projectId?.text}
							${#staffId?.text}
						ORDER BY spent_on
				) AS temp
				WHERE 1=1
				GROUP BY project_id , project_name , user_id , staff  
		]]>
		</query>
		<parameter name="year" nullable="false" />
		<parameter name="monthId" nullable="false" />
		<parameter name="projectId" nullable="false" > AND e.project_id = :projectId  </parameter>
		<parameter name="staffId" nullable="false" > AND e.user_id IN (:staffId)  </parameter>
		
	
	</sql-service>
	
	<!-- approval time detail  -->
	<sql-service name="APPROVAL.SEARCH_TIMESHEET_APPROVAL_STAFF_DTL" type="named-parameter" showSql="true">
		<description>Project staff approval time detail</description>		
		<query><![CDATA[
		
				SELECT  e.id AS a , k.name AS b ,  CONCAT(u.first_name,' ',u.last_name) AS c , t.task_name AS d ,DATE_FORMAT(e.spent_on,'%d-%b-%Y') AS e  , e.hours AS f ,
						case when e.time_status  = 1 then 'sts-active' else 'sts-inactive' end AS g ,
						case when e.time_status  = 2 then 'sts-active' else 'sts-inactive' end AS h ,
						case when e.time_status  = 3 then 'sts-active' else 'sts-inactive' end AS i , 
						case when e.time_status  = 4 then 'sts-active' else 'sts-inactive' end AS j ,
						case when e.time_status  = 1 then 'draft' 
							 when e.time_status = 2  then 'submitted' 
							 when e.time_status = 3 then 'rejected' 
							 when e.time_status = 4 then 'approved' 
						end AS k ,
						e.time_status AS l ,
						IFNULL(u.img_path,'assets/img/default-user.png') AS m ,
						d.dept_name AS n , ifnull(CONCAT('* Resign on ',DATE_FORMAT(u.resign_date, '%a %e %b %Y')),'') AS o ,
						DATE_FORMAT(e.spent_on,'%W') AS p
				FROM t_time_entries e 
				INNER JOIN t_identify_key k ON e.project_id = k.id
				INNER JOIN t_users u ON e.user_id = u.id
				INNER JOIN t_tasks t ON e.task_id = t.id
				LEFT OUTER JOIN t_departments d ON u.main_dept_id = d.id
				WHERE MONTH(e.spent_on) = :monthId 
					  AND YEAR(e.spent_on) = :year 
					  AND e.user_id = :staffId
					  AND k.id =:projectId
				ORDER BY user_id , spent_on
		]]>
		</query>
		<parameter name="year" nullable="false" />
		<parameter name="monthId" nullable="false" />
		<parameter name="staffId" nullable="false" />	
		<parameter name="projectId" nullable="false" />	
	</sql-service>
	  
  <sql-service name="APPROVAL.SQL_OT_STAFF_DETAIL" type="named-parameter" showSql="true">
		<description>Project Approval Hour</description>		
		<query><![CDATA[
				SELECT CONCAT(u.first_name,' ',u.last_name) AS a , u.img_path AS b, d.dept_name AS c ,
				DATE_FORMAT(a.ot_date,'%W %d-%b-%Y')  AS d , a.date_type AS e , DATE_FORMAT(a.start_time,'%H:%i') AS f ,  CASE WHEN a.end_time = "23:59:00" THEN "24:00" ELSE TIME_FORMAT(a.end_time,'%H:%i') END  AS g ,
				IFNULL(ot_requested,'0') AS h , IFNULL(mobile_service,'0')  AS i , IFNULL(car_allowance,'0')  AS j, IFNULL(taxi_requested,'0')  AS k , IFNULL(taxi_fare,'') AS l , ot_note AS m,
				a.project_id  AS n , k.name AS o , a.task_id AS p , t.task_name AS q , a.ot_status AS r , 
					case when a.ot_status  = 1 then 'd' 
											 when a.ot_status = 2  then 's' 
											 when a.ot_status = 3 then 'r' 
											 when a.ot_status = 4 then 'a' 
										end AS s ,
				DATE_FORMAT(a.create_date,'%W %d-%b-%Y')   AS t , 
				DATE_FORMAT(a.update_dt,'%W %d-%b-%Y')  AS u ,
				a.rejected_reason AS v
				FROM t_allowances a
				LEFT OUTER JOIN t_identify_key k ON a.project_id = k.id
				LEFT OUTER JOIN t_users u ON a.user_id = u.id
				LEFT OUTER JOIN t_departments d ON u.main_dept_id = d.id
				LEFT OUTER JOIN t_projects p ON p.id = a.project_id
				LEFT OUTER JOIN t_tasks t ON a.task_id = t.id
				WHERE a.id = :otId
		]]>
		</query>
		<parameter name="otId" nullable="false" />
	</sql-service>
  
  <sql-service name="APPROVAL.SQL_SUMMARY_APPROVAL" type="named-parameter" showSql="true">
		<description>Project Approval Hour</description>		
		<query><![CDATA[
		
				SELECT project_id as a ,name as b, staff as c
					,case when sum(total_draft) = 0 then '' else  sum(total_draft) end as e
					,case when sum(total_submitted) = 0 then '' else  sum(total_submitted) end  as f
					,case when sum(total_rejected) = 0 then '' else  sum(total_rejected) end  as g
					,case when sum(total_approved) = 0 then '' else  sum(total_approved) end  as h
				FROM (  
					SELECT t.project_id , k.name , CONCAT(u.first_name,' ',u.last_name) as staff  ,
					 CASE WHEN t.time_status = 1 then t.hours else 0 end as total_draft ,
					 CASE WHEN t.time_status = 2 then t.hours else 0 end as total_submitted,
					 CASE WHEN t.time_status = 3 then t.hours else 0 end as total_rejected,
					 CASE WHEN t.time_status = 4 then t.hours else 0 end as total_approved
					FROM t_time_entries t 
					LEFT OUTER JOIN t_users u on u.id = t.user_id 
					LEFT OUTER JOIN t_identify_key k on t.project_id = k.id
					LEFT OUTER JOIN t_projects p ON t.project_id = p.id
					WHERE 1=1
					  AND MONTH(spent_on) = :monthId 
					  AND YEAR(spent_on) = :year
					 ${#projectId?.text}
					 ${#staffId?.text}
				) as sub 
				GROUP BY project_id , name , staff
				ORDER BY project_id , staff
			 
		]]>
		</query>
		<parameter name="year" nullable="false" />
		<parameter name="monthId" nullable="false" />
		<parameter name="projectId" nullable="false" > AND t.project_id = :projectId  </parameter>
		<parameter name="staffId" nullable="false" > AND t.user_id IN (:staffId)  </parameter>
	  
	</sql-service>
	
	
	<!-- approval overtime detail staff save -->
	<sql-service name="APPROVAL.SQL_OT_STAFF_DETAIL_APPROVED" type="named-parameter" showSql="true">
		<description> Approved overtime detail staff save  </description>		
		<query><![CDATA[	
				 UPDATE t_allowances SET
				  ot_status = 4 ,
				  update_dt = NOW() ,
				  update_uid = :approverId ,
				  approved_dt =  NOW(),
				  approved_uid =:approverId
				 WHERE id = :otId 
		]]>
		</query>
		<parameter name="otId" nullable="false" />
		<parameter name="approverId" nullable="false" />
	</sql-service>
	
	
	<!-- rejected overtime detail staff save -->
	<sql-service name="APPROVAL.SQL_OT_STAFF_DETAIL_REJEDCTED" type="named-parameter" showSql="true">
		<description> Rejected overtime detail staff save  </description>		
		<query><![CDATA[	
				 UPDATE t_allowances SET
				  ot_status = 3  ,
				  rejected_reason = :rejectedReason ,
				  update_dt = NOW() ,
				  update_uid = :approverId ,
				  rejected_dt =  NOW(),
				  rejected_uid =:approverId
				 WHERE id = :otId 
		]]>
		</query>
		<parameter name="otId" nullable="false" />
		<parameter name="approverId" nullable="false" />
		<parameter name="rejectedReason" nullable="false" />
	</sql-service>
	

  <!--  summary  -->
	<sql-service name="APPROVAL.SEARCH_OT_APPROVAL" type="named-parameter" showSql="true">
		<description>Project Approval Overtime</description>		
		<query><![CDATA[

			SELECT a.id AS a , t.task_name AS b ,  p.project_name AS c , DATE_FORMAT(a.ot_date,'%W') AS d, DATE_FORMAT(a.ot_date, '%d-%b-%Y')  AS e , 
					TIME_FORMAT(start_time,'%H:%i') AS f,
					CASE WHEN end_time = "23:59:00" THEN "24:00" ELSE TIME_FORMAT(end_time,'%H:%i') END  AS g,  
					CASE WHEN end_time = "23:59:00" THEN  TIME_FORMAT(TIMEDIFF('24:00',start_time),'%H:%i') ELSE  TIME_FORMAT(TIMEDIFF(end_time,start_time),'%H:%i') END  AS h,  
					CASE WHEN a.ot_requested = 1 then 'fas fa-check checked-active' else '' end as i ,
					CASE WHEN a.mobile_service = 1 then 'fas fa-check checked-active' else '' end as j ,
					CASE WHEN a.car_allowance = 1 then 'fas fa-check checked-active' else '' end as k ,
					CASE WHEN a.taxi_requested = 1 then 'fas fa-check checked-active' else '' end as l ,
					IFNULL(CONCAT(taxi_fare,' Baht.'),'') AS m , 
					ot_note AS n,
					CASE WHEN a.ot_status = 1 then 'ot-sts-active' else 'ot-sts-inactive' end as o,
					CASE WHEN a.ot_status = 2 then 'ot-sts-active' else 'ot-sts-inactive' end as p,
					CASE WHEN a.ot_status = 3 then 'ot-sts-active' else 'ot-sts-inactive' end as q,
					CASE WHEN a.ot_status = 4 then 'ot-sts-active' else 'ot-sts-inactive' end as r,
					a.ot_status as s,
					CASE WHEN a.ot_status = 1 then 'ot-sts-draft' 
						 WHEN a.ot_status = 2  then 'ot-sts-submitted' 
						 WHEN a.ot_status = 3 then 'ot-sts-rejected' 
						 WHEN a.ot_status = 4 then 'ot-sts-approved' 
					END AS t,
					CONCAT(u.first_name,' ',u.last_name) AS u , u.id AS v
			FROM t_allowances a
			LEFT OUTER JOIN t_projects p ON a.project_id = p.id
			LEFT OUTER JOIN t_tasks t ON a.task_id = t.id
			LEFT OUTER JOIN t_users u ON a.user_id = u.id
			WHERE 1=1
			  AND YEAR(ot_date) = :year
			  AND MONTH(ot_date) = :monthId
			  ${#projectId?.text}
			  ${#staffId?.text}
			ORDER BY p.project_name, a.ot_date
			 	
		]]>
		</query>
		<parameter name="year" nullable="false" />
		<parameter name="monthId" nullable="false" />
		<parameter name="projectId" nullable="false" > AND a.project_id = :projectId </parameter>
		<parameter name="staffId" nullable="false" > AND a.user_id IN (:staffId)  </parameter>
		
	</sql-service>
	
	<!-- summary  -->
	<sql-service name="APPROVAL.SQL_OT_APPROVAL_STAFFDTL" type="named-parameter" showSql="true">
		<description>Project Approval Overtime Detail</description>		
		<query><![CDATA[

			 	
		]]>
		</query>
		<parameter name="year" nullable="false" />
		<parameter name="monthId" nullable="false" />
	</sql-service>
	

	<sql-service name="APPROVAL_EMAIL_NOTIFY.SQL_QRY_TIMESHEET_REJECT_DATA" type="named-parameter" showSql="true">
		<description>APPROVAL_EMAIL_NOTIFY.SQL_QRY_TIMESHEET_REJECT_DATA</description>
		<query><![CDATA[	
		
		SELECT u.email AS a , e.user_id  AS b , CONCAT(u.first_name,' ',u.last_name) as c  , p.project_name AS d , t.task_name AS e , 'Rejected' AS f , e.hours AS g  , 
			   DATE_FORMAT(e.spent_on, '%e-%b-%Y') AS h , 
			( select CONCAT(first_name,' ',last_name) from t_users where id = e.update_uid) as i
		FROM t_time_entries e
		LEFT OUTER JOIN t_users u on e.user_id = u.id 
		LEFT OUTER JOIN t_tasks t on t.id = e.task_id
		LEFT OUTER JOIN t_projects p ON e.project_id = p.id
		WHERE 1=1 -- e.time_status = 3
		and e.id = :eid
		GROUP BY CONCAT(u.first_name,' ',u.last_name)  , u.email , e.project_id , e.user_id , e.task_id , 'Rejected' , e.hours , e.spent_on ,e.update_uid
			
		]]>
		</query>
		<parameter name="eid"/>
	</sql-service>	
	
	<sql-service name="APPROVAL.SEARCH_OT_APPROVAL_BY_ALLOWANCE_ID" type="named-parameter" showSql="true">
		<description>Project Approval Overtime</description>		
		<query><![CDATA[

			SELECT a.id AS a , t.task_name AS b ,  p.project_name AS c , DATE_FORMAT(a.ot_date,'%W') AS d, DATE_FORMAT(a.ot_date, '%d-%b-%Y')  AS e , 
					TIME_FORMAT(start_time,'%H:%i') AS f,
					CASE WHEN end_time = "23:59:00" THEN "24:00" ELSE TIME_FORMAT(end_time,'%H:%i') END  AS g,  
					CASE WHEN end_time = "23:59:00" THEN  TIME_FORMAT(TIMEDIFF('24:00',start_time),'%H:%i') ELSE  TIME_FORMAT(TIMEDIFF(end_time,start_time),'%H:%i') END  AS h,  
					CASE WHEN a.ot_requested = 1 then 'fas fa-check checked-active' else '' end as i ,
					CASE WHEN a.mobile_service = 1 then 'fas fa-check checked-active' else '' end as j ,
					CASE WHEN a.car_allowance = 1 then 'fas fa-check checked-active' else '' end as k ,
					CASE WHEN a.taxi_requested = 1 then 'fas fa-check checked-active' else '' end as l ,
					IFNULL(CONCAT(taxi_fare,' Baht.'),'') AS m , 
					ot_note AS n,
					CASE WHEN a.ot_status = 1 then 'ot-sts-active' else 'ot-sts-inactive' end as o,
					CASE WHEN a.ot_status = 2 then 'ot-sts-active' else 'ot-sts-inactive' end as p,
					CASE WHEN a.ot_status = 3 then 'ot-sts-active' else 'ot-sts-inactive' end as q,
					CASE WHEN a.ot_status = 4 then 'ot-sts-active' else 'ot-sts-inactive' end as r,
					a.ot_status as s,
					CASE WHEN a.ot_status = 1 then 'ot-sts-draft' 
						 WHEN a.ot_status = 2  then 'ot-sts-submitted' 
						 WHEN a.ot_status = 3 then 'ot-sts-rejected' 
						 WHEN a.ot_status = 4 then 'ot-sts-approved' 
					END AS t,
					CONCAT(u.first_name,' ',u.last_name) AS u , u.id AS v
					,u.email as w
					,(select CONCAT(first_name,' ',last_name) from t_users where id = a.rejected_uid ) as x
			FROM t_allowances a
			LEFT OUTER JOIN t_projects p ON a.project_id = p.id
			LEFT OUTER JOIN t_tasks t ON a.task_id = t.id
			LEFT OUTER JOIN t_users u ON a.user_id = u.id
			WHERE a.id= :allwanceId
			ORDER BY p.project_name, a.ot_date
			 	
		]]>
		</query>
		<parameter name="allwanceId" nullable="false" />
	</sql-service>
	
	
</query-collection>