<?xml version="1.0" encoding="UTF-8"?>
<query-collection>
	<sql-service name="MEDICALL_ALLOWANCE.SQL_SEARCH" type="named-parameter" showSql="true">
		<description>search medical allowance </description>		
		<query><![CDATA[	
			SELECT
				hmc.id AS a ,
				CONCAT(u.first_name,' ',u.last_name) AS b,
				DATE_FORMAT(hmc.receipt_date,'%e-%b-%Y') AS c ,
				hmc.receipt_amount AS d ,
				DATE_FORMAT(hmc.payment_date,'%e-%b-%Y') AS e ,
				hmc.hospital AS f ,
				hmc.disease AS g ,
				
				hmc.staff_medical AS h ,
				ifnull(hmc.staff_medical_amount,0) AS i ,
				
				hmc.staff_dental AS j ,
				ifnull(hmc.staff_dental_amount,0) AS k ,
				
				hmc.staff_eyes AS l ,
				ifnull(hmc.staff_eyes_amount,0) AS m ,
				
				hmc.family_medical AS n ,
				ifnull(hmc.family_medical_amount,0) AS o ,
				
				hmc.family_dental AS p ,
				ifnull(hmc.family_dental_amount,0) AS q ,
				
				hmc.family_eyes AS r ,
				ifnull(hmc.family_eyes_amount,0) AS s ,
				
				hmc.comment AS t ,	
				ifnull(hmc.allow_claim_amount,0) AS u ,
				hmc.user_id AS v
				
			FROM
				t_hr_medical_claims hmc
			INNER JOIN t_users u ON hmc.user_id = u.id
			WHERE 1=1
				${#userId?.text}
				${#year?.text}
			

		]]>
		</query>
		<parameter name="userId" > and hmc.user_id = :userId </parameter>
		<parameter name="year" > and year(hmc.receipt_date) = :year </parameter>

	</sql-service>
	
	
		<sql-service name="MEDICAL_ALLOWANCE.SQL_SEARCH_DETAIL" type="named-parameter" showSql="true">
		<description>search medical allowance detail </description>		
		<query><![CDATA[	
			SELECT
				hmc.id AS a ,
				CONCAT(u.first_name,' ',u.last_name) AS b,
				DATE_FORMAT(hmc.receipt_date,'%e/%m/%Y') AS c ,
				hmc.receipt_amount AS d ,
				DATE_FORMAT(hmc.payment_date,'%e/%m/%Y') AS e ,
				hmc.hospital AS f ,
				hmc.disease AS g ,
				
				hmc.staff_medical AS h ,
				ifnull(hmc.staff_medical_amount,0) AS i ,
				
				hmc.staff_dental AS j ,
				ifnull(hmc.staff_dental_amount,0) AS k ,
				
				hmc.staff_eyes AS l ,
				ifnull(hmc.staff_eyes_amount,0) AS m ,
				
				hmc.family_medical AS n ,
				ifnull(hmc.family_medical_amount,0) AS o ,
				
				hmc.family_dental AS p ,
				ifnull(hmc.family_dental_amount,0) AS q ,
				
				hmc.family_eyes AS r ,
				ifnull(hmc.family_eyes_amount,0) AS s ,
				
				hmc.comment AS t ,	
				ifnull(hmc.allow_claim_amount,0) AS u ,
				hmc.user_id AS v
				
			FROM t_hr_medical_claims hmc
			INNER JOIN t_users u ON hmc.user_id = u.id
			WHERE hmc.id = :medicalId
			

		]]>
		</query>
		<parameter name="medicalId" />
	</sql-service>
		
	<sql-service name="MEDICAL_ALLOWANCE.FIND_STAFF_PROBATION" type="named-parameter" showSql="true">
		<description>search medical allowance </description>		
		<query><![CDATA[
			SELECT IFNULL(probation_YN,'N') AS a ,
				  DATEDIFF(:endYear,appearance_date)+1 AS b , 
				  user_status AS c , 
				  IFNULL(DATE_FORMAT(resign_date,'%a %e-%b-%Y'),'') AS d ,
				  DATEDIFF(resign_date,:startYear) AS e
			FROM  t_users u
			WHERE id = :userId
		]]>
		</query>
		<parameter name="userId" nuallable="false"/>
		<parameter name="startYear" nullable="false"/>
		<parameter name="endYear" nullable="false"/>
	</sql-service>
	
	<sql-service name="MEDICALL_ALLOWANCE.SQL_INSERT" type="named-parameter" showSql="true">
		<description>search medical allowance </description>		
		<query><![CDATA[	
				INSERT INTO t_hr_medical_claims (
				user_id,
				receipt_date,
				receipt_amount,
				allow_claim_amount,
				payment_date,
				staff_medical,
				staff_dental,
				staff_eyes,
				family_medical,
				family_dental,
				family_eyes,
				comment,
				status,
				hospital,
				disease,
				staff_medical_amount,
				staff_dental_amount,
				staff_eyes_amount,
				family_medical_amount,
				family_dental_amount,
				family_eyes_amount,
				create_dt,
				create_uid
				)
				VALUE
				(
				:user_id,
				:receipt_date,
				:receipt_amount,
				:allow_claim_amount,
				:payment_date,
				:staff_medical,
				:staff_dental,
				:staff_eyes,
				:family_medical,
				:family_dental,
				:family_eyes,
				:comment,
				:status,
				:hospital,
				:disease,
				:staff_medical_amount,
				:staff_dental_amount,
				:staff_eyes_amount,
				:family_medical_amount,
				:family_dental_amount,
				:family_eyes_amount,
				NOW(),
				:create_uid
										)

		]]>
		</query>
		
		<parameter name="user_id" nullable="true" >  </parameter>
		<parameter name="receipt_date" nullable="true" >  </parameter>
		<parameter name="receipt_amount" nullable="true" >  </parameter>
		<parameter name="allow_claim_amount" nullable="true" >  </parameter>
		<parameter name="payment_date" nullable="true" >  </parameter>
		<parameter name="staff_medical" nullable="true" >  </parameter>
		<parameter name="staff_dental" nullable="true" >  </parameter>
		<parameter name="staff_eyes" nullable="true" >  </parameter>
		<parameter name="family_medical" nullable="true" >  </parameter>
		<parameter name="family_dental" nullable="true" >  </parameter>
		<parameter name="family_eyes" nullable="true" >  </parameter>
		<parameter name="comment" nullable="true" >  </parameter>
		<parameter name="status" nullable="true" >  </parameter>
		<parameter name="hospital" nullable="true" >  </parameter>
		<parameter name="disease" nullable="true" >  </parameter>
		<parameter name="staff_medical_amount" nullable="true" >  </parameter>
		<parameter name="staff_dental_amount" nullable="true" >  </parameter>
		<parameter name="staff_eyes_amount" nullable="true" >  </parameter>
		<parameter name="family_medical_amount" nullable="true" >  </parameter>
		<parameter name="family_dental_amount" nullable="true" >  </parameter>
		<parameter name="family_eyes_amount" nullable="true" >  </parameter>

		<parameter name="create_uid" nullable="true" > </parameter>

	</sql-service>
	
	<sql-service name="MEDICALL_ALLOWANCE.SQL_UPDATE" type="named-parameter" showSql="true">
		<description>search medical allowance </description>		
		<query><![CDATA[	

				UPDATE t_hr_medical_claims SET
				user_id = :user_id,
				receipt_date = :receipt_date,
				receipt_amount = :receipt_amount,
				allow_claim_amount = :allow_claim_amount,
				payment_date = :payment_date,
				staff_medical = :staff_medical,
				staff_dental = :staff_dental,
				staff_eyes = :staff_eyes,
				family_medical = :family_medical,
				family_dental = :family_dental,
				family_eyes = :family_eyes,
				comment = :comment,
				status = :status,
				hospital= :hospital,
				disease= :disease,
				staff_medical_amount= :staff_medical_amount,
				staff_dental_amount= :staff_dental_amount,
				staff_eyes_amount= :staff_eyes_amount,
				family_medical_amount= :family_medical_amount,
				family_dental_amount= :family_dental_amount,
				family_eyes_amount= :family_eyes_amount,
				update_dt = NOW(),
				update_uid = :update_uid
				
				WHERE id = :id 

		]]>
		</query>
		
		<parameter name="user_id" nullable="true" >  </parameter>
		<parameter name="receipt_date" nullable="true" >  </parameter>
		<parameter name="receipt_amount" nullable="true" >  </parameter>
		<parameter name="allow_claim_amount" nullable="true" >  </parameter>
		<parameter name="payment_date" nullable="true" >  </parameter>
		<parameter name="staff_medical" nullable="true" >  </parameter>
		<parameter name="staff_dental" nullable="true" >  </parameter>
		<parameter name="staff_eyes" nullable="true" >  </parameter>
		<parameter name="family_medical" nullable="true" >  </parameter>
		<parameter name="family_dental" nullable="true" >  </parameter>
		<parameter name="family_eyes" nullable="true" >  </parameter>
		<parameter name="comment" nullable="true" >  </parameter>
		<parameter name="status" nullable="true" >  </parameter>
		<parameter name="hospital" nullable="true" >  </parameter>
		<parameter name="disease" nullable="true" >  </parameter>
		<parameter name="staff_medical_amount" nullable="true" >  </parameter>
		<parameter name="staff_dental_amount" nullable="true" >  </parameter>
		<parameter name="staff_eyes_amount" nullable="true" >  </parameter>
		<parameter name="family_medical_amount" nullable="true" >  </parameter>
		<parameter name="family_dental_amount" nullable="true" >  </parameter>
		<parameter name="family_eyes_amount" nullable="true" >  </parameter>

		<parameter name="update_uid" nullable="true" > </parameter>
		<parameter name="id" nullable="false" > </parameter>

	</sql-service>
	
	<sql-service name="MEDICALL_ALLOWANCE.SQL_DELETE" type="named-parameter" showSql="true">
		<description>SETTING_PROJECT_ROLE.SQL_INSERT</description>		
		<query><![CDATA[	
			
				DELETE 
				FROM t_hr_medical_claims
				WHERE id = :id
				
		]]>
		</query>
		
		<parameter name="id" nullable="false"></parameter>
		
	</sql-service>
	
	
	<sql-service name="MEDICALL_ALLOWANCE.SQL_IMPORT_INSERT" type="named-parameter" showSql="true">
		<description>search medical allowance </description>		
		<query><![CDATA[
			
					INSERT INTO t_hr_medical_claims(
							user_id,
							receipt_date,
							receipt_amount,
							allow_claim_amount,
							payment_date,
							staff_medical,
							staff_dental,
							staff_eyes,
							family_medical,
							family_dental,
							family_eyes,
							comment,
							hospital,
							disease,
							staff_medical_amount,
							staff_dental_amount,
							staff_eyes_amount,
							family_medical_amount,
							family_dental_amount,
							family_eyes_amount,
							-- allow_claim_amount,
							create_dt,
							create_uid
						)  
						VALUES(
							(SELECT id FROM t_users WHERE employee_id =  :empId ),
							:receiptDate,
							:receiptAmount,
							:medicalAllowance,
							:paymentDate,
							( CASE WHEN :staffMedical <> '0' THEN 1 ELSE 0 END ),
							( CASE WHEN :staffDental <> '0' THEN 1 ELSE 0 END ),
							( CASE WHEN :staffEyes <> '0' THEN 1 ELSE 0 END ),
							( CASE WHEN :familyMedical <> '0' THEN 1 ELSE 0 END ),
							( CASE WHEN :familyDental <> '0' THEN 1 ELSE 0 END ),
							( CASE WHEN :familyEyes <> '0' THEN 1 ELSE 0 END ),
							:comment,
							:hospital,
							:disease,
							:staffMedical,
							:staffDental,
							:staffEyes,
							:familyMedical,
							:familyDental,
							:familyEyes,
							-- ifnull(:staffMedical,0) + ifnull(:staffDental,0) + ifnull(:staffEyes,0) + ifnull(:familyMedical,0) + ifnull(:familyDental,0) + ifnull(:familyEyes,0),
							NOW(),
							:userId
						)


		]]>
		</query>
		 
					<parameter name="userId"  nullable="false" ></parameter>
					<parameter name="empId"  nullable="false" ></parameter>
					<parameter name="receiptDate" nullable="true" ></parameter>
					<parameter name="receiptAmount" nullable="true" ></parameter>
					<parameter name="medicalAllowance" nullable="true" ></parameter>
					<parameter name="paymentDate" nullable="true" ></parameter>
					<parameter name="hospital" nullable="true" ></parameter>
					<parameter name="disease" nullable="true" ></parameter>
					<parameter name="staffMedical" nullable="true" ></parameter>
					<parameter name="staffDental" nullable="true" ></parameter>
					<parameter name="staffEyes" nullable="true" ></parameter>
					<parameter name="familyMedical" nullable="true" ></parameter>
					<parameter name="familyDental" nullable="true" ></parameter>
					<parameter name="familyEyes" nullable="true" ></parameter>
					<parameter name="comment" nullable="true" ></parameter>
					<parameter name="createUid" nullable="false" ></parameter>
					

	</sql-service>
	

	
	
	<sql-service name="MEDICAL_ALLOWANCE_IMPORT.SQL_FIND_USER_BY_LOCUS_EMPID" type="named-parameter" showSql="true">
		<description>search medical allowance </description>		
		<query><![CDATA[
			SELECT IFNULL(id,' ') AS a , IFNULL(probation_YN,' ') AS b , IFNULL(user_status,' ') AS c
			FROM t_users
			WHERE employee_id = :empId

		]]>
		</query>
		<parameter name="empId" nullable="false"/>
	
	</sql-service>
	
	
	
</query-collection>