<?xml version="1.0" encoding="UTF-8"?>
<query-collection>
	
	<sql-service name="SQL_SEARCH.HR_OVERTIME" type="named-parameter" showSql="true">
		<description>Search Hr Overtime Report</description>
		<query><![CDATA[	
			select year(ot.date) as tyear , MONTH(ot.date) as tmonth ,DATE_FORMAT(ot.date, '%d-%b-%Y') as spent_on  
			, u.employee_id , concat(u.first_name,' ', ifnull(u.last_name,'')) as employee_name
			, ifnull(u.position,'') as position , ifnull(dv.dept_code,'') as division_id , ifnull(dv.dept_name,'') as division_name
			, ifnull(d.dept_code,'') as dept_code , ifnull(d.dept_name,'') as dept_name , ifnull(s.dept_code, '') as section_code, ifnull(s.dept_name,'') as section_name 
			, ifnull(u.job_level,'') as rank_id , '' as role_id
			, p.project_name , ifnull(dl.project_code,'') as project_code , ifnull(tsk.task_name,'') as task_name 
			, case when pt.type_PD = 'P' and p.project_type = 1 then 1 else 0 end as internal_project 
			, case when pt.type_PD = 'P' and p.project_type = 2 then 1 else 0 end as implement_project 
			, case when pt.type_PD = 'P' and p.project_type = 3 then 1 else 0 end as ma_project   
			, case when pt.type_PD = 'D' then 1 else 0 end as deal_project 
			, case when pt.type_PD = 'P' and p.project_type in (2,3) then 'Chargable' else 'Non Chargable' end as project_type  
			, ifnull(orc.code_name,'') as orc_status_name , ifnull(deal.code_name,'') as deal_status_name 
			, concat(ifnull(sales.first_name,''),' ', ifnull(sales.last_name,'')) as sales_name , ifnull(p.customer_name, '') as customer_name 
			, ifnull(ot.ot_note, '') as note_comment
			, ifnull( round(TIME_TO_SEC(timediff( ot.end_time , ot.start_time ))/3600,1),0) as ot_hours
			, ot.ot_requested 
			, TIME_FORMAT(ot.start_time,"%H:%i") as start_time 
			, TIME_FORMAT(ot.end_time, "%H:%i") as end_time
			, ot.date_type
			, ifnull(round(TIME_TO_SEC(ot.ot_rate_1)/3600,1), 0) as ot_rate1 
			, ifnull(round(TIME_TO_SEC(ot.ot_rate_1_5)/3600,1), 0) as ot_rate15  
			, ifnull(round(TIME_TO_SEC(ot.ot_rate_3)/3600,1), 0) as ot_rate3
			, ot.mobile_service , ot.car_allowance , ifnull(ot.taxi_fee,'') as taxi_fee
			, ifnull(ot_status.code_name,'') as ot_approved_status , ifnull(ot.approval_user_id,'') as approval_user_id
			, concat(ifnull(approver_ot.first_name,''),' ', ifnull(approver_ot.last_name,'')) as approval_user
			
			from v_summary_ot_person ot
			left outer join t_users u on ( ot.user_id = u.id )
			left outer join t_departments dv on (dv.dept_type =1 and u.division_id = dv.id)
			left outer join t_departments d on ( d.dept_type = 2 and u.main_dept_id = d.id ) 
			left outer join t_departments s on ( s.dept_type = 3 and u.section_id = s.id )
			left outer join t_projects p on ( ot.project_id = p.id )
			left outer join t_tasks tsk on ( ot.issue_id = tsk.id )
			left outer join t_identify_key pt on ( ot.project_id = pt.id ) 
			left outer join t_deals dl on ( p.deal_id = dl.id ) 
			left outer join t_codebook_langs orc on ( orc.code_type = 'ORC_STATUS' and dl.orc_status_id = orc.code_id ) 
			left outer join t_codebook_langs deal on ( deal.code_type = 'DEAL_STATUS' and dl.status_id = deal.code_id ) 
			left outer join t_users sales on ( dl.sales_id = sales.id ) 
			left outer join t_users approver_ot on ( ot.approval_user_id = approver_ot.id )
			left outer join t_codebook_langs ot_status on ( ot_status.code_type = 'OT_STATUS' and ot.status = ot_status.code_id )  
			
			where 1=1
			${#spentFrom?.text}
			${#spentTo?.text}
			${#division?.text}
			${#department?.text}
			${#section?.text}
			${#employeeId?.text}
			${#employeeType?.text}
			${#projectId?.text}
			

			order by tyear, tmonth, spent_on, employee_name
			limit 10000
			 
			;
		]]>
		</query>
		<parameter name="spentFrom" >and ot.date >= :spentFrom </parameter>
		<parameter name="spentTo" >and ot.date &lt;= :spentTo </parameter>
		<parameter name="division" >and u.division_id= :division</parameter>
		<parameter name="department" >and u.main_dept_id= :department</parameter>
		<parameter name="section" >and u.section_id = :section</parameter>
		<parameter name="employeeId" >and ot.user_id in (:employeeId)</parameter>
		<parameter name="employeeType" >and u.employee_type = :employeeType</parameter>
		<parameter name="projectId" >and ot.project_id = :projectId</parameter>
	</sql-service>
	
	<sql-service name="SQL_SEARCH.OT_REPORT" type="named-parameter" showSql="true">
		<description>SQL_SEARCH.OT_REPORT</description>
		<query><![CDATA[
			
			SELECT U1.USER_ID
				, U1.EMP_ID AS EMPLOYEE_ID
				, U1.EMP_NAME AS EMPLOYEE_NAME
				, U1.DIVISION_ID
				, U1.DEPARTMENT_ID
				, U1.SECTION_ID
				, U1.EMPLOYEE_TYPE
				
				, REPLACE(LEFT(AL.OT1_VALUE, 5), ':', '.') AS OT1_VALUE /* เปลี่ยน format จาก : เป็น . */
				, REPLACE(LEFT(AL.OT15_VALUE, 5), ':', '.') AS OT15_VALUE
				, REPLACE(LEFT(AL.OT3_VALUE, 5), ':', '.') AS OT3_VALUE
				, REPLACE(LEFT(CAST(ADDTIME(ADDTIME(AL.OT1_VALUE, AL.OT15_VALUE), AL.OT3_VALUE) AS CHAR), 5), ':', '.')  AS OT_TOTAL /* รวม เวลา OT 3 แบบ OT1 time, OT1.5time, OT3 time */
				, IFNULL((AL.MOBILE_SERVICE*350), '0') + IFNULL((AL.CAR_ALLOWANCE*150), '0') + IFNULL(AL.TAXI_FEE, '0') AS TOTAL_ALLOWANCE
				, IFNULL((AL.MOBILE_SERVICE*350), '0') AS MOBILE_SERVICE /* ค่าโทรศัพท์ กรอกข้อมูลเป็นจำนวนครั้ง แต่คุณต่อครั้งด้วย 350 fix */
				, IFNULL((AL.CAR_ALLOWANCE*150), '0') AS CAR_ALLOWANCE /* ค่ารถ กรอกข้อมูลเป็นจำนวนครั้ง แต่คุณต่อครั้งด้วย 150 fix */
				, IFNULL(AL.TAXI_FEE, '0') AS TAXI_FEE /* ค่าแทกซี่ ตาม tax ที่กรอก */
			
			FROM
				(
					SELECT U.ID AS USER_ID
						, U.EMPLOYEE_ID AS EMP_ID
						, CASE
							WHEN U.MIDDLE_NAME IS NULL THEN
								CONCAT(IFNULL(U.FIRST_NAME,''),' ',IFNULL(U.LAST_NAME,''))
							WHEN U.MIDDLE_NAME IS NOT NULL THEN
								CONCAT(IFNULL(U.FIRST_NAME,''),' ', U.MIDDLE_NAME,' ',IFNULL(U.LAST_NAME,''))
						END AS EMP_NAME
						, CASE
							WHEN SEC.DEPT_TYPE = 1 THEN SEC.ID
							WHEN DEP.DEPT_TYPE = 1 THEN DEP.ID
							WHEN DI.DEPT_TYPE = 1 THEN DI.ID
						END AS DIVISION_ID
						, CASE
							WHEN SEC.DEPT_TYPE = 1 THEN SEC.DEPT_NAME
							WHEN DEP.DEPT_TYPE = 1 THEN DEP.DEPT_NAME
							WHEN DI.DEPT_TYPE = 1 THEN DI.DEPT_NAME
						END AS DIVISION
						, CASE
							WHEN SEC.DEPT_TYPE = 1 THEN SEC.DEPT_CODE
							WHEN DEP.DEPT_TYPE = 1 THEN DEP.DEPT_CODE
							WHEN DI.DEPT_TYPE = 1 THEN DI.DEPT_CODE
						END AS DIVISION_CODE
						, CASE
							WHEN SEC.DEPT_TYPE = 2 THEN SEC.ID
							WHEN DEP.DEPT_TYPE = 2 THEN DEP.ID
							WHEN DI.DEPT_TYPE = 2 THEN DI.ID
						END AS DEPARTMENT_ID
						, CASE
							WHEN SEC.DEPT_TYPE = 2 THEN SEC.DEPT_NAME 
							WHEN DEP.DEPT_TYPE = 2 THEN DEP.DEPT_NAME
							WHEN DI.DEPT_TYPE = 2 THEN DI.DEPT_NAME
						END AS DEPARTMENT
						, CASE
							WHEN SEC.DEPT_TYPE = 3 THEN SEC.ID
							WHEN DEP.DEPT_TYPE = 3 THEN DEP.ID
							WHEN DI.DEPT_TYPE = 3 THEN DI.ID
						END AS SECTION_ID
						, CASE
							WHEN SEC.DEPT_TYPE = 3 THEN SEC.DEPT_NAME
							WHEN DEP.DEPT_TYPE = 3 THEN DEP.DEPT_NAME
							WHEN DI.DEPT_TYPE = 3 THEN DI.DEPT_NAME
						END AS SECTION
						, EMP.CODE_ID AS EMPLOYEE_TYPE
					FROM t_users U
						LEFT JOIN t_departments SEC ON U.MAIN_DEPT_ID = SEC.ID AND SEC.DEPT_TYPE IS NOT NULL
						LEFT JOIN t_departments DEP ON SEC.PARENT_ID = DEP.ID AND DEP.DEPT_TYPE IS NOT NULL
						LEFT JOIN t_departments DI ON DEP.PARENT_ID = DI.ID AND DI.DEPT_TYPE IS NOT NULL
						LEFT JOIN
							(
								SELECT CODE_ID , CODE_NAME
								FROM t_codebook_langs
								WHERE CODE_TYPE = 'EMPLOYEE_TYPE' AND USE_YN = 'Y'
							) EMP ON U.EMPLOYEE_TYPE = EMP.CODE_ID
					WHERE 1 = 1
						${#employeeId?.text}
				) U1 /* ข้อมูล user ทุกคน */
				
				INNER JOIN
					(
						SELECT OT_SUM.USER_ID AS USER_ID /* ที่มีข้อมูลการกรอก OT เท่านั้น */
							, CAST(SEC_TO_TIME(SUM(TIME_TO_SEC(OT_SUM.OT_RATE_1)))  AS CHAR) AS OT1_VALUE /* TIME_TO_SEC แปลง เวลาเป็น sec เพื่อให้รวมค่าไม่ผิด แล้ว SEC_TO_TIME แปลง sec กลับเป็น time แล้ว cast กลับเป็น char อีกรอบ */
							, CAST(SEC_TO_TIME(SUM(TIME_TO_SEC(OT_SUM.OT_RATE_1_5)))  AS CHAR) AS OT15_VALUE
							, CAST(SEC_TO_TIME(SUM(TIME_TO_SEC(OT_SUM.OT_RATE_3)))  AS CHAR) AS OT3_VALUE
							, SUM(OT_SUM.MOBILE_SERVICE) AS MOBILE_SERVICE
							, SUM(OT_SUM.CAR_ALLOWANCE) AS CAR_ALLOWANCE
							, SUM(OT_SUM.TAXI_FEE) AS TAXI_FEE
						FROM
						(
							SELECT OT.USER_ID
								, OT.DATE /* วันที่ทำ OT */
								, OT.MOBILE_SERVICE /* ค่าโทรศัพท์ */
								, OT.CAR_ALLOWANCE /* ค่ารถ */
								, OT.TAXI_FEE       /* ค่าทแกซี่ */
								
								, CASE
									WHEN OT.OT_REQUESTED = 1 AND OT.OT_RATE_1 != '00:00:00' THEN /* OT_REQUESTED = 1 คือ checkbox ที่ OT มีการขอ OT เข้ามา ต้องเอา เวลามาคำนวณว่าทำไปกี่ ชม. OT 1 time */
										IF
										(
											CAST(OT.END_TIME as TIME) - CAST(OT.START_TIME as TIME) >= 80000 /* ถ้ามีการทำ OT ติดต่อกันเกิน 8 ชม. ต้องมีการหักเวลาออก 1 ชม. ตามกฎหมายเป็นเวลาพัก */
											AND (CAST(OT.start_time as TIME) BETWEEN CAST('08:00' as TIME) AND CAST('11:30' as TIME)) /* เริ่มทำก่อน 11:30 จะหักเวลาพักช่ววง OT1 time */
											
											, CASE
												WHEN RIGHT(TIME_FORMAT(OT.OT_RATE_1, '%i'),1) IN (4,9) /* ถ้าเวลาลงท้ายด้วย(นาที) 4 หรือ 9 ต้อง + เวลากลับให้ 1 นาที ในกรณนี้เกิดจากการทำ OT ข้ามวัน จะลงเวลาเป็น 23:59 */
												AND SUBSTRING(OT.OT_RATE_1, 4,6) IN (14,44) THEN /* ถ้ากรอกข้อมูลเป็น 15 หรือ 45 นาทีจากหน้าจอ ต้องบวกเวลาอีก 15 นาที ตามกฎหมาย */
													CAST(DATE_FORMAT(ADDTIME(ADDTIME(OT.OT_RATE_1, '00:16'), '-01:00'), '%H:%i') AS TIME) /* 16 = 1+15 นาที จากด้านเงื่อนไขด่านบน */
												
												WHEN RIGHT(TIME_FORMAT(OT.OT_RATE_1, '%i'),1) IN (4,9) THEN
													CAST(DATE_FORMAT(ADDTIME(ADDTIME(OT.OT_RATE_1, '-01:00'), '00:01'), '%H:%i') AS TIME)
												
												WHEN SUBSTRING(OT.OT_RATE_1, 4,6) IN (15,45) THEN
													CAST(DATE_FORMAT(ADDTIME(ADDTIME(OT.OT_RATE_1, '-01:00'), '00:15'), '%H:%i') AS TIME)
												
												ELSE
													CAST(DATE_FORMAT(ADDTIME(OT.OT_RATE_1, '-01:00'), '%H:%i') AS TIME)
											END
											
											, CASE
												WHEN RIGHT(TIME_FORMAT(OT.OT_RATE_1, '%i'),1) IN (4,9)
												AND SUBSTRING(OT.OT_RATE_1, 4,6) IN (14,44) THEN
													CAST(DATE_FORMAT(ADDTIME(OT.OT_RATE_1, '00:16'), '%H:%i') AS TIME)
												
												WHEN RIGHT(TIME_FORMAT(OT.OT_RATE_1, '%i'),1) IN (4,9) THEN
													CAST(DATE_FORMAT(ADDTIME(OT.OT_RATE_1, '00:01'), '%H:%i') AS TIME)
												
												WHEN SUBSTRING(OT.OT_RATE_1, 4,6) IN (15,45) THEN
													CAST(DATE_FORMAT(ADDTIME(OT.OT_RATE_1, '00:15'), '%H:%i') AS TIME)
												
												ELSE
													CAST(OT.OT_RATE_1 AS TIME)
											END
										)
									ELSE
										'00:00'
								END AS OT_RATE_1
								
								, CASE
									WHEN OT.OT_REQUESTED = 1 AND OT.OT_RATE_1_5 != '00:00:00' THEN /* OT_REQUESTED = 1 คือ checkbox ที่ OT มีการขอ OT เข้ามา ต้องเอา เวลามาคำนวณว่าทำไปกี่ ชม. OT 1.5 time ไม่มีการหักลบ ชม.พักเบรก */
										CASE
											WHEN RIGHT(TIME_FORMAT(OT.OT_RATE_1_5, '%i'),1) IN (4,9) AND SUBSTRING(OT.OT_RATE_1_5, 4,6) IN (14,44) THEN
												CAST(DATE_FORMAT(ADDTIME(OT.OT_RATE_1_5, '00:16'), '%H:%i') AS TIME)
											WHEN RIGHT(TIME_FORMAT(OT.OT_RATE_1_5, '%i'),1) IN (4,9) THEN
												CAST(DATE_FORMAT(ADDTIME(OT.OT_RATE_1_5, '00:01'), '%H:%i') AS TIME)
											WHEN SUBSTRING(OT.OT_RATE_1_5, 4,6) IN (15,45) THEN
												CAST(DATE_FORMAT(ADDTIME(OT.OT_RATE_1_5, '00:15'), '%H:%i') AS TIME)
											ELSE
												CAST(OT.OT_RATE_1_5 AS TIME)
										END
									ELSE
										'00:00'
								END AS OT_RATE_1_5
								
								, CASE
									WHEN OT.OT_REQUESTED = 1 AND OT.OT_RATE_3 != '00:00:00' THEN
										IF
										(
											CAST(OT.end_time as TIME) - CAST(OT.START_TIME as TIME) >= 80000
											AND (CAST(OT.START_TIME as TIME) BETWEEN CAST('13:00' as TIME) AND CAST('16:00' as TIME)) /* OT_REQUESTED = 1 คือ checkbox ที่ OT มีการขอ OT เข้ามา ต้องเอา เวลามาคำนวณว่าทำไปกี่ ชม. OT 3 time การหักลบ ชม.พักเบรกถ้าเริ่มทำก่อน 16:00 */
											
											, CASE
												WHEN RIGHT(TIME_FORMAT(OT.OT_RATE_3, '%i'),1) IN (4,9)
												AND SUBSTRING(OT.OT_RATE_3, 4,6) IN (14,44) THEN
													CAST(DATE_FORMAT(ADDTIME(ADDTIME(OT.OT_RATE_3, '00:16'), '-01:00'), '%H:%i') AS TIME)
												
												WHEN RIGHT(TIME_FORMAT(OT.OT_RATE_3, '%i'),1) IN (4,9) THEN
													CAST(DATE_FORMAT(ADDTIME(ADDTIME(OT.OT_RATE_3, '00:01'),'-01:00'), '%H:%i') AS TIME)
												
												WHEN SUBSTRING(OT.OT_RATE_3, 4,6) IN (15,45) THEN
													CAST(DATE_FORMAT(ADDTIME(ADDTIME(OT.OT_RATE_3, '00:15'),'-01:00'), '%H:%i') AS TIME)
												
												ELSE
													CAST(DATE_FORMAT(ADDTIME(OT.OT_RATE_3, '-01:00'), '%H:%i') AS TIME)
											END
											
											, CASE
												WHEN RIGHT(TIME_FORMAT(OT.OT_RATE_3, '%i'),1) IN (4,9)
												AND SUBSTRING(OT.OT_RATE_3, 4,6) IN (14,44) THEN
													CAST(DATE_FORMAT(ADDTIME(OT.OT_RATE_3, '00:16'), '%H:%i') AS TIME)
												
												WHEN RIGHT(TIME_FORMAT(OT.OT_RATE_3, '%i'),1) IN (4,9) THEN
													CAST(DATE_FORMAT(ADDTIME(OT.OT_RATE_3, '00:01'), '%H:%i') AS TIME)
												
												WHEN SUBSTRING(OT.OT_RATE_3, 4,6) IN (15,45) THEN
													CAST(DATE_FORMAT(ADDTIME(OT.OT_RATE_3, '00:15'), '%H:%i') AS TIME)
												
												ELSE
													CAST(OT.OT_RATE_3 AS TIME)
											END
										)
									ELSE
										'00:00'
								END AS OT_RATE_3
							
							FROM v_summary_ot_person OT /* view ที่เก็บข้อมูล OT โดยคำนวณจำนวน OT 1 1.5 3 time มาให้แล้ว */
							
							WHERE OT.status = 4 /* ot ที่ approve แล้ว */
								${#yearOt?.text}
								${#monthOt?.text}
						) OT_SUM
						
						GROUP BY OT_SUM.USER_ID /* หาผลรวมจำนวน OT ของแต่ละ user */
					) AL ON U1.USER_ID = AL.USER_ID
			
			WHERE 1 = 1
				
				${#division?.text}
				${#department?.text}
				${#section?.text}
				${#employeeType?.text}
			
			ORDER BY U1.EMPLOYEE_TYPE
				, U1.EMP_ID
		
		]]></query>
		
		<parameter name="employeeId" >AND U.ID IN (:employeeId) </parameter>
		<parameter name="yearOt">and YEAR(OT.DATE) = :yearOt </parameter>
		<parameter name="monthOt">and MONTH(OT.DATE) = :monthOt </parameter>
		<parameter name="division" >AND U1.DIVISION_ID = :division</parameter>
		<parameter name="department" >AND U1.DEPARTMENT_ID = :department</parameter>
		<parameter name="section" >AND U1.SECTION_ID = :section</parameter>
		<parameter name="employeeType" >AND U1.EMPLOYEE_TYPE = :employeeType</parameter>
	</sql-service>
	
</query-collection>