<?xml version="1.0" encoding="UTF-8"?>
<!--page id="MSICV01"-->
<page id="RQP_MSICV01">

	<error-panel>
		<start-row>24</start-row>
		<end-row>24</end-row>
		<start-col>1</start-col>
		<length>80</length>
	</error-panel>
	
	<fields>
		<field name="Selection or command">
			<row>20</row>
			<col>7</col>
			<len>2</len>
		</field>
	</fields>
	
	<processes>
		<switch>
			<case name="general">
				<process id="1" type="setString">
					<field name="Selection or command">
						<param name="Selection or command">9</param>
					</field>
				</process>
				<process id="2" type="sendEnter" checkerror="true"/>
			</case>
		</switch>
	</processes>
	
	<error-handler>
		<error code="Specified menu selection is not correct.">
			<process id="1" type="stop"/>
		</error>
	</error-handler>
	
</page>
