<?xml version="1.0" encoding="UTF-8"?>
<!-- edited with XMLSpy v2008 rel. 2 sp1 (http://www.altova.com) by den (den) -->
<!--page id="ICL0020S"-->
<page id="CLS_ICL0020S">
	<error-panel>
		<start-row>24</start-row>
		<end-row>24</end-row>
		<start-col>1</start-col>
		<length>80</length>
	</error-panel>
	<fields>
		
		<field name="confirm">
			<row>23</row>
			<col>78</col>
			<len>1</len>
		</field>
	</fields>
	<processes>
		<switch>
			<case name="general">
				<process id="1" type="sendEnter" checkerror="true"/>
				<process id="2" type="sendF3"/>
				<process id="3" type="setString">
					<field name="confirm">
						<param name="confirm">Y</param>
					</field>
				</process>
				<process id="4" type="sendEnter" checkerror="true"/>
				
			</case>
		</switch>
	</processes>
	<error-handler>
		<error code="default">
			<process id="0" type="sendF12"/>
			<process id="2" type="setTopProcessState">
				<param name="state">STATE_ERROR</param>
			</process>
		</error>
		<error code="NO RI PANEL, CONTINUE ? (Y/N)">
			<process id="0" type="setString">
				<field name="confirm">
					<param name="confirm">Y</param>
				</field>
			</process>
			<process id="1" type="sendEnter" />
		</error>
		
		<error code="Cursor in protected area of display.">
			<process id="1" type="cache">
				<param name="ERROR_MESSAGE" type="java.lang.String">Cursor in protected area of display.</param>
			</process>
			<process id="2" type="setTopProcessState">
				<param name="state">STATE_ERROR</param>
			</process>
			<process id="3" type="stop"/>
		</error>
		
		
	</error-handler>
</page>
