<?xml version="1.0" encoding="UTF-8"?>
<!-- edited with XMLSpy v2008 rel. 2 sp1 (http://www.altova.com) by den (den) -->
<pages>
	<!--page name="Sign On"-->
	<page name="CLS_SignOn">
		<class>th.co.msat.motor.as400interface.page.SignOnPage</class>
		<!--config-file>SignOns.xml</config-file-->
		<config-file>CLS_SignOns.xml</config-file>
		<page-validator id="1">
			<row>1</row>
			<col>36</col>			
			<len>8</len>
			<value>Sign On</value>
		</page-validator>
	</page>
	<!--page name="Main Menu"-->
	<page name="CLS_MainMenu">
		<class>th.co.msat.motor.as400interface.page.DefaultPage</class>
		<!--config-file>Menu.xml</config-file-->
		<config-file>CLS_Menu.xml</config-file>
		<page-validator id="1">
			<row>1</row>
			<col>2</col>			
			<len>8</len>
			<value>MSCF002</value>
		</page-validator>
	</page>
	<!--page name="Claim Register Maintenance Menu"-->
	<page name="CLS_IMNUCL02S">
		<class>th.co.msat.motor.as400interface.page.DefaultPage</class>
		<!--config-file>IMNUCL02Ss.xml</config-file-->
		<config-file>CLS_IMNUCL02Ss.xml</config-file>
		<page-validator id="1">
			<row>1</row>
			<col>69</col>			
			<len>10</len>
			<value>IMNUCL02S</value>
		</page-validator>
	</page>
	<!--page name="Claim Fire Menu">
		<class>th.co.msat.motor.as400interface.page.DefaultPage</class>
		<config-file>ICL0010Ss.xml</config-file>
		<page-validator id="1">
			<row>1</row>
			<col>68</col>			
			<len>9</len>
			<value>ICL0010S</value>
		</page-validator>
	</page-->
	<!--page name="ICL0010S"-->
	<page name="CLS_ICL0010S">
		<class>th.co.msat.motor.as400interface.page.DefaultPage</class>
		<!--config-file>ICL0010Ss.xml</config-file-->
		<config-file>CLS_ICL0010Ss.xml</config-file>
		<page-validator id="1">
			<row>1</row>
			<col>68</col>
			<len>9</len>
			<value>ICL0010S</value>
		</page-validator>
	</page>
	<!--page name="ICL0025S"-->
	<page name="CLS_ICL0025S">
		<class>th.co.msat.motor.as400interface.page.DefaultPage</class>
		<!--config-file>ICL0025Ss.xml</config-file-->
		<config-file>CLS_ICL0025Ss.xml</config-file>
		<page-validator id="1">
			<row>1</row>
			<col>70</col>
			<len>9</len>
			<value>ICL0025S</value>
		</page-validator>
	</page>
	<!--page name="Claim Register ICL1070S"-->
	<page name="CLS_ICL1070S">
		<class>th.co.msat.motor.as400interface.page.DefaultPage</class>
		<!--config-file>ICL1070Ss.xml</config-file-->
		<config-file>CLS_ICL1070Ss.xml</config-file>
		<page-validator id="1">
			<row>1</row>
			<col>70</col>
			<len>9</len>
			<value>ICL1070S</value>
		</page-validator>
	</page>
	<!--page name="Claim Register ICL0011S"-->
	<page name="CLS_ICL0011S">
		<class>th.co.msat.motor.as400interface.page.DefaultPage</class>
		<!--config-file>ICL0011Ss.xml</config-file-->
		<config-file>CLS_ICL0011Ss.xml</config-file>
		<page-validator id="1">
			<row>1</row>
			<col>68</col>
			<len>9</len>
			<value>ICL0011S</value>
		</page-validator>
	</page>
	<!--page name="Claim Register ICL0020S"-->
	<page name="CLS_ICL0020S">
		<class>th.co.msat.motor.as400interface.page.DefaultPage</class>
		<!--config-file>ICL0020Ss.xml</config-file-->
		<config-file>CLS_ICL0020Ss.xml</config-file>
		<page-validator id="1">
			<row>1</row>
			<col>68</col>
			<len>9</len>
			<value>ICL0020S</value>
		</page-validator>
	</page>
</pages>
