<?xml version="1.0" encoding="UTF-8"?>
<!-- edited with XMLSpy v2008 rel. 2 sp1 (http://www.altova.com) by den (den) -->
<!--page id="SignOn"-->
<page id="PMS_SignOn">
	<error-panel>
		<start-row>1</start-row>
		<end-row>1</end-row>
		<start-col>24</start-col>
		<length>35</length>
	</error-panel>
	<fields>
		<field name="username">
			<row>6</row>
			<col>53</col>
			<len>10</len>
		</field>
		<field name="password">
			<row>7</row>
			<col>53</col>
			<len>10</len>
		</field>
		<field name="MENU">
			<row>22</row>
			<col>7</col>
			<len>2</len>
		</field>
	</fields>
	<processes>
		<switch>
			<case name="general">
				<process id="2" type="setString">
					<field name="username">
						<param name="username" cache="true"/>
					</field>
				</process>
				<process id="3" type="setString">
					<field name="password">
						<param name="password" cache="true"/>
					</field>
				</process>
				<process id="4" type="sendEnter" checkerror="true"/>
				<process id="5" type="sendEnter" checkerror="true"/>
			</case>
		</switch>
	</processes>
	<error-handler>
		<error code="CPF1116">
			<process id="1" type="stop"/>
		</error>
		<error code="CPF1120">
			<process id="1" type="stop"/>
		</error>
		<error code="Attempt to Recover Interactive Job">
			<process id="1" type="setString">
					<field name="MENU">
						<param name="MENU">1</param>
					</field>
				</process>
				<process id="2" type="sendEnter" checkerror="true" />
		</error>
		<error code="Attempt to Recover Interactive Job">
			<process id="1" type="setString">
					<field name="MENU">
						<param name="MENU">1</param>
					</field>
				</process>
				<process id="2" type="sendEnter" checkerror="true" />
		</error>
	</error-handler>
</page>
