<?xml version="1.0" encoding="UTF-8"?>
<!--page id="IMNUCL002S"-->
<page id="PMS_IMNUCL002S">

	<fields>
		<field name="Enter Option">
			<row>22</row>
			<col>22</col>
			<len>2</len>
		</field>
	</fields>
	
	<processes>
		<switch>
			<case name="general">
				<process id="1" type="setString">
					<field name="Enter Option">
						<param name="Enter Option">1</param>
					</field>
				</process>
				<process id="2" type="sendEnter"/>
			</case>
		</switch>
	</processes>
	
</page>
