<?xml version="1.0" encoding="UTF-8"?>
<application id="Application_ID" version="1.4"
	xmlns="http://java.sun.com/xml/ns/j2ee"
	xmlns:xsi="http://www.w3.org/2001/XMLSchema-instance"
	xsi:schemaLocation="http://java.sun.com/xml/ns/j2ee
	http://java.sun.com/xml/ns/j2ee/application_1_4.xsd">
	<display-name>
	QueueManagerEAR</display-name>
	<module id="WebModule_1240304421802">
		<web>
			<web-uri>QueueManagerWEB.war</web-uri>
			<context-root>QueueManagerWEB</context-root>
		</web>
	</module>
	<module id="EjbModule_1262686079291">
		<ejb>QueueManagerEJB.jar</ejb>
	</module>
	<security-role id="SecurityRole_1225088749619">
		<role-name>MSIAMotor</role-name>
	</security-role>
</application>
  