<?xml version="1.0" encoding="UTF-8"?>
<ejb-jar id="ejb-jar_ID" version="2.1" xmlns="http://java.sun.com/xml/ns/j2ee" xmlns:xsi="http://www.w3.org/2001/XMLSchema-instance" xsi:schemaLocation="http://java.sun.com/xml/ns/j2ee http://java.sun.com/xml/ns/j2ee/ejb-jar_2_1.xsd">
	<display-name>QueueManagerEJB</display-name>
	<enterprise-beans>
		<entity id="ContainerManagedEntity_1222309863966">
			<ejb-name>Queuetb</ejb-name>
			<local-home>th.co.msat.motor.queuemanager.database.QueuetbLocalHome</local-home>
			<local>th.co.msat.motor.queuemanager.database.QueuetbLocal</local>
			<ejb-class>th.co.msat.motor.queuemanager.database.QueuetbBean</ejb-class>
			<persistence-type>Container</persistence-type>
			<prim-key-class>th.co.msat.motor.queuemanager.database.QueuetbKey</prim-key-class>
			<reentrant>false</reentrant>
			<cmp-version>2.x</cmp-version>
			<abstract-schema-name>Queuetb</abstract-schema-name>
			<cmp-field id="CMPAttribute_1222309866778">
				<field-name>queueid</field-name>
			</cmp-field>
			<cmp-field id="CMPAttribute_1222309866779">
				<field-name>queuename</field-name>
			</cmp-field>
			<cmp-field id="CMPAttribute_1222309866794">
				<field-name>size</field-name>
			</cmp-field>
			<cmp-field id="CMPAttribute_1222309866795">
				<field-name>available</field-name>
			</cmp-field>
			<cmp-field id="CMPAttribute_1222309866796">
				<field-name>isterminate</field-name>
			</cmp-field>
			<cmp-field id="CMPAttribute_1222309866797">
				<field-name>workingtime</field-name>
			</cmp-field>
			<cmp-field id="CMPAttribute_1222309866798">
				<field-name>messageclass</field-name>
			</cmp-field>
			<cmp-field id="CMPAttribute_1222309866799">
				<field-name>activateclass</field-name>
			</cmp-field>
			<cmp-field id="CMPAttribute_1222309866800">
				<field-name>createdate</field-name>
			</cmp-field>
			<cmp-field id="CMPAttribute_1222309866801">
				<field-name>createtime</field-name>
			</cmp-field>
			<cmp-field id="CMPAttribute_1222309866802">
				<field-name>createuser</field-name>
			</cmp-field>
			<cmp-field id="CMPAttribute_1222309866803">
				<field-name>updatedate</field-name>
			</cmp-field>
			<cmp-field id="CMPAttribute_1222309866809">
				<field-name>updatetime</field-name>
			</cmp-field>
			<cmp-field id="CMPAttribute_1222309866810">
				<field-name>updateuser</field-name>
			</cmp-field>
			<cmp-field id="CMPAttribute_1222309866811">
				<field-name>updateprogram</field-name>
			</cmp-field>
			<cmp-field id="CMPAttribute_1222309866812">
				<field-name>recordstatus</field-name>
			</cmp-field>
			<query>
				<description></description>
				<query-method>
					<method-name>findByQueueName</method-name>
					<method-params>
						<method-param>java.lang.String</method-param>
					</method-params>
				</query-method>
				<ejb-ql>select object(o) from Queuetb o where  o.queuename = ?1</ejb-ql>
			</query>
			<query>
				<description></description>
				<query-method>
					<method-name>findAllQueue</method-name>
					<method-params>
					</method-params>
				</query-method>
				<ejb-ql>select object(o) from Queuetb o</ejb-ql>
			</query>
		</entity>
		<entity id="ContainerManagedEntity_1222309864216">
			<ejb-name>Jobtb</ejb-name>
			<local-home>th.co.msat.motor.queuemanager.database.JobtbLocalHome</local-home>
			<local>th.co.msat.motor.queuemanager.database.JobtbLocal</local>
			<ejb-class>th.co.msat.motor.queuemanager.database.JobtbBean</ejb-class>
			<persistence-type>Container</persistence-type>
			<prim-key-class>th.co.msat.motor.queuemanager.database.JobtbKey</prim-key-class>
			<reentrant>false</reentrant>
			<cmp-version>2.x</cmp-version>
			<abstract-schema-name>Jobtb</abstract-schema-name>
			<cmp-field id="CMPAttribute_1222309866813">
				<field-name>jobid</field-name>
			</cmp-field>
			<cmp-field id="CMPAttribute_1222309866814">
				<field-name>message</field-name>
			</cmp-field>
			<cmp-field id="CMPAttribute_1222309866815">
				<field-name>status</field-name>
			</cmp-field>
			<cmp-field id="CMPAttribute_1222309866816">
				<field-name>piority</field-name>
			</cmp-field>
			<cmp-field id="CMPAttribute_1222309866817">
				<field-name>submitdate</field-name>
			</cmp-field>
			<cmp-field id="CMPAttribute_1222309866818">
				<field-name>submittime</field-name>
			</cmp-field>
			<cmp-field id="CMPAttribute_1222309866819">
				<field-name>submituser</field-name>
			</cmp-field>
			<cmp-field id="CMPAttribute_1222309866820">
				<field-name>updatedate</field-name>
			</cmp-field>
			<cmp-field id="CMPAttribute_1222309866825">
				<field-name>updatetime</field-name>
			</cmp-field>
			<cmp-field id="CMPAttribute_1222309866826">
				<field-name>updateuser</field-name>
			</cmp-field>
			<cmp-field id="CMPAttribute_1222309866827">
				<field-name>updateprogram</field-name>
			</cmp-field>
			<cmp-field id="CMPAttribute_1222309866828">
				<field-name>recordstatus</field-name>
			</cmp-field>
			<cmp-field id="CMPAttribute_1222754305606">
				<field-name>referenceno</field-name>
			</cmp-field>
			<cmp-field id="CMPAttribute_1223445782995">
				<field-name>jobgroup</field-name>
			</cmp-field>
		</entity>
		<session id="QueueSB">
			<ejb-name>QueueSB</ejb-name>
			<home>th.co.msat.motor.queuemanager.QueueSBHome</home>
			<remote>th.co.msat.motor.queuemanager.QueueSB</remote>
			<local-home>th.co.msat.motor.queuemanager.QueueSBLocalHome</local-home>
			<local>th.co.msat.motor.queuemanager.QueueSBLocal</local>
			<ejb-class>th.co.msat.motor.queuemanager.QueueSBBean</ejb-class>
			<session-type>Stateless</session-type>
			<transaction-type>Container</transaction-type>
			<ejb-local-ref id="EJBLocalRef_1222315957105">
				<description>
				</description>
				<ejb-ref-name>ejb/Jobtb</ejb-ref-name>
				<ejb-ref-type>Entity</ejb-ref-type>
				<local-home>th.co.msat.motor.queuemanager.database.JobtbLocalHome</local-home>
				<local>th.co.msat.motor.queuemanager.database.JobtbLocal</local>
				<ejb-link>Jobtb</ejb-link>
			</ejb-local-ref>
			<ejb-local-ref id="EJBLocalRef_1222316638383">
				<description>
				</description>
				<ejb-ref-name>ejb/Queuetb</ejb-ref-name>
				<ejb-ref-type>Entity</ejb-ref-type>
				<local-home>th.co.msat.motor.queuemanager.database.QueuetbLocalHome</local-home>
				<local>th.co.msat.motor.queuemanager.database.QueuetbLocal</local>
				<ejb-link>Queuetb</ejb-link>
			</ejb-local-ref>
		</session>
		<session id="NotificationFacade">
			<ejb-name>NotificationFacade</ejb-name>
			<home>th.co.msat.motor.database.NotificationFacadeHome</home>
			<remote>th.co.msat.motor.database.NotificationFacade</remote>
			<local-home>th.co.msat.motor.database.NotificationFacadeLocalHome</local-home>
			<local>th.co.msat.motor.database.NotificationFacadeLocal</local>
			<ejb-class>th.co.msat.motor.database.NotificationFacadeBean</ejb-class>
			<session-type>Stateless</session-type>
			<transaction-type>Container</transaction-type>
		</session>
		<session id="FacingSheetSB">
			<ejb-name>FacingSheetSB</ejb-name>
			<home>th.co.msat.motor.database.FacingSheetSBHome</home>
			<remote>th.co.msat.motor.database.FacingSheetSB</remote>
			<local-home>th.co.msat.motor.database.FacingSheetSBLocalHome</local-home>
			<local>th.co.msat.motor.database.FacingSheetSBLocal</local>
			<ejb-class>th.co.msat.motor.database.FacingSheetSBBean</ejb-class>
			<session-type>Stateless</session-type>
			<transaction-type>Container</transaction-type>
			<ejb-local-ref id="EJBLocalRef_1224044164112">
				<description>
				</description>
				<ejb-ref-name>ejb/QueueSB</ejb-ref-name>
				<ejb-ref-type>Session</ejb-ref-type>
				<local-home>th.co.msat.motor.queuemanager.QueueSBLocalHome</local-home>
				<local>th.co.msat.motor.queuemanager.QueueSBLocal</local>
				<ejb-link>QueueSB</ejb-link>
			</ejb-local-ref>
		</session>
		<session id="ScheduletaskStarter">
			<ejb-name>ScheduletaskStarter</ejb-name>
			<home>com.ibm.websphere.startupservice.AppStartUpHome</home>
			<remote>com.ibm.websphere.startupservice.AppStartUp</remote>
			<ejb-class>th.co.msat.motor.scheduletask.ScheduletaskStarterBean</ejb-class>
			<session-type>Stateless</session-type>
			<transaction-type>Container</transaction-type>
		</session>
	</enterprise-beans>
	<relationships>
		<ejb-relation>
			<ejb-relation-name>Jobtb_To_Queuetb</ejb-relation-name>
			<ejb-relationship-role id="EJBRelationshipRole_1222309866825">
				<ejb-relationship-role-name>q_msatlib_jobtb_queueid_00001</ejb-relationship-role-name>
				<multiplicity>Many</multiplicity>
				<relationship-role-source>
					<ejb-name>Jobtb</ejb-name>
				</relationship-role-source>
				<cmr-field>
					<cmr-field-name>q_msatlib_jobtb_queueid_00001</cmr-field-name>
				</cmr-field>
			</ejb-relationship-role>
			<ejb-relationship-role id="EJBRelationshipRole_1222309866826">
				<ejb-relationship-role-name>jobtb</ejb-relationship-role-name>
				<multiplicity>One</multiplicity>
				<relationship-role-source>
					<ejb-name>Queuetb</ejb-name>
				</relationship-role-source>
				<cmr-field>
					<cmr-field-name>jobtb</cmr-field-name>
					<cmr-field-type>java.util.Collection</cmr-field-type>
				</cmr-field>
			</ejb-relationship-role>
		</ejb-relation>
	</relationships>
	<ejb-client-jar>QueueManagerEJBClient.jar</ejb-client-jar>
</ejb-jar>
