<?xml version="1.0" encoding="UTF-8"?>
<!-- edited with XMLSpy v2008 rel. 2 sp1 (http://www.altova.com) by den (den) -->
<pages>
	<!--page name="Sign On"-->
	<page name="RN_SignOn">
		<class>th.co.msat.motor.as400interface.page.SignOnPage</class>
		<!--config-file>SignOn.xml</config-file-->
		<config-file>RN_SignOn.xml</config-file>
		<page-validator id="1">
			<row>1</row>
			<col>36</col>
			<!-- validation value count+1-->
			<len>8</len>
			<value>Sign On</value>
		</page-validator>
	</page>
	<!--page name="IMNUUW03S"-->
	<page name="RN_IMNUUW03S">
		<class>th.co.msat.motor.as400interface.page.DefaultPage</class>
		<!--config-file>IMNUUW03S.xml</config-file-->
		<config-file>RN_IMNUUW03S.xml</config-file>
		<page-validator id="1">
			<row>1</row>
			<col>69</col>
			<len>10</len>
			<value>IMNUUW03S</value>
		</page-validator>
	</page>
	
	<!--page name="IUW0010S"-->
	<page name="RN_IUW0010S">
		<class>th.co.msat.motor.as400interface.page.DefaultPage</class>
		<!--config-file>IUW0010S.xml</config-file-->
		<config-file>RN_IUW0010S.xml</config-file>
		<page-validator id="1">
			<row>1</row>
			<col>70</col>
			<len>9</len>
			<value>IUW0010S</value>
		</page-validator>
	</page>
	
	<!--page name="IUW0070S"-->
	<page name="RN_IUW0070S">
		<class>th.co.msat.motor.as400interface.page.DefaultPage</class>
		<!--config-file>IUW0070S.xml</config-file-->
		<config-file>RN_IUW0070S.xml</config-file>
		<page-validator id="1">
			<row>1</row>
			<col>70</col>
			<len>9</len>
			<value>IUW0070S</value>
		</page-validator>
	</page>
	<!--page name="IUW0080S"-->
	<page name="RN_IUW0080S">
		<class>th.co.msat.motor.as400interface.page.DefaultPage</class>
		<!--config-file>IUW0080S.xml</config-file-->
		<config-file>RN_IUW0080S.xml</config-file>
		<page-validator id="1">
			<row>1</row>
			<col>70</col>
			<len>9</len>
			<value>IUW0080S</value>
		</page-validator>
	</page>
	<!--page name="IUW0090S"-->
	<page name="RN_IUW0090S">
		<class>th.co.msat.motor.as400interface.page.DefaultPage</class>
		<!--config-file>IUW0090S.xml</config-file-->
		<config-file>RN_IUW0090S.xml</config-file>
		<page-validator id="1">
			<row>1</row>
			<col>70</col>
			<len>9</len>
			<value>IUW0090S</value>
		</page-validator>
	</page>
	<!--page name="IUW1010S"-->
	<page name="RN_IUW1010S">
		<class>th.co.msat.motor.as400interface.page.DefaultPage</class>
		<!--config-file>IUW1010S.xml</config-file-->
		<config-file>RN_IUW1010S.xml</config-file>
		<page-validator id="1">
			<row>1</row>
			<col>70</col>
			<len>9</len>
			<value>IUW1010S</value>
		</page-validator>
	</page>
	<!--page name="IUW1105S"-->
	<page name="RN_IUW1105S">
		<class>th.co.msat.motor.as400interface.page.DefaultPage</class>
		<!--config-file>IUW1105S.xml</config-file-->
		<config-file>RN_IUW1105S.xml</config-file>
		<page-validator id="1">
			<row>1</row>
			<col>70</col>
			<len>9</len>
			<value>IUW1105S</value>
		</page-validator>
	</page>
</pages>
