<?xml version="1.0" encoding="UTF-8"?>
<!--page id="ICW1105S"-->
<page id="RN_ICW1105S">
	<error-panel>
		<start-row>24</start-row>
		<end-row>24</end-row>
		<start-col>1</start-col>
		<length>80</length>
	</error-panel>	
	<fields>
		<field name="confirm">
			<row>23</row>
			<col>67</col>
			<len>1</len>
		</field>
		<field name="cover_type">
			<row>6</row>
			<col>13</col>
			<len>2</len>
		</field>
		<field name="class_type">
			<row>6</row>
			<col>40</col>
			<len>3</len>
		</field>
		<field name="licen_no">
			<row>6</row>
			<col>64</col>
			<len>16</len>
		</field>
		
		<field name="chassis_no">
			<row>7</row>
			<col>13</col>
			<len>16</len>
		</field>
		<field name="veh_code">
			<row>7</row>
			<col>40</col>
			<len>3</len>
		</field>
		<!--  -->
		<field name="driver_no">
			<row>7</row>
			<col>54</col>
			<len>1</len>
		</field>
		<!--  -->
		
		<field name="body">
			<row>7</row>
			<col>64</col>
			<len>10</len>
		</field>
		<field name="engine">
			<row>8</row>
			<col>13</col>
			<len>16</len>
		</field>
		<field name="year">
			<row>8</row>
			<col>40</col>
			<len>2</len>
		</field>
		<field name="seat">
			<row>8</row>
			<col>52</col>
			<len>3</len>
		</field>
		<field name="displ">
			<row>8</row>
			<col>64</col>
			<len>4</len>
		</field>
		<field name="gvw">
			<row>8</row>
			<col>74</col>
			<len>6</len>
		</field>

		<field name="medical">
			<row>10</row>
			<col>78</col>
			<len>1</len>
		</field>
		<field name="passenger">
			<row>11</row>
			<col>15</col>
			<len>2</len>
		</field>
		<field name="benef">
			<row>11</row>
			<col>30</col>
			<len>39</len>
		</field>
		
	
	
		<field name="dob1">
			<row>13</row>
			<col>6</col>
			<len>10</len>
		</field>
		<field name="occupation1">
			<row>13</row>
			<col>36</col>
			<len>4</len>
		</field>
		<field name="lic_no1">
			<row>13</row>
			<col>48</col>
			<len>10</len>
		</field>		
		<field name="id_no1">
			<row>13</row>
			<col>65</col>
			<len>15</len>
		</field>
		
		<field name="dob2">
			<row>14</row>
			<col>6</col>
			<len>10</len>
		</field>
		<field name="occupation2">
			<row>14</row>
			<col>36</col>
			<len>4</len>
		</field>
		<field name="lic_no2">
			<row>14</row>
			<col>48</col>
			<len>10</len>
		</field>		
		<field name="id_no2">
			<row>14</row>
			<col>65</col>
			<len>15</len>
		</field>
		
		<field name="sex1">
			<row>16</row>
			<col>6</col>
			<len>1</len>
		</field>		
		<field name="name1">
			<row>16</row>
			<col>13</col>
			<len>39</len>
		</field>
		
		<field name="sex2">
			<row>17</row>
			<col>6</col>
			<len>1</len>
		</field>		
		<field name="name2">
			<row>17</row>
			<col>13</col>
			<len>39</len>
		</field>

	
	
		<field name="basis">
			<row>16</row>
			<col>65</col>
			<len>14</len>
		</field>
		
		<field name="brand">
			<row>18</row>
			<col>8</col>
			<len>5</len>
		</field>
		<field name="model">
			<row>19</row>
			<col>8</col>
			<len>5</len>
		</field>
		<field name="sub_model">
			<row>19</row>
			<col>72</col>
			<len>6</len>
		</field>
		<field name="color">
			<row>21</row>
			<col>9</col>
			<len>2</len>
		</field>
		<field name="regdate">
			<row>21</row>
			<col>22</col>
			<len>10</len>
		</field>

		<field name="accessories">
			<row>21</row>
			<col>60</col>
			<len>1</len>
		</field>
		<field name="territory">
			<row>21</row>
			<col>75</col>
			<len>3</len>
		</field>
		<!-- send enter -->
		
		<!-- premium -->
		<field name="premium1">
			<row>7</row>
			<col>46</col>
			<len>17</len>
		</field>
		<field name="premium2">
			<row>8</row>
			<col>28</col>
			<len>17</len>
		</field>
		<field name="premium3">
			<row>9</row>
			<col>46</col>
			<len>17</len>
		</field>
		<field name="premium4">
			<row>10</row>
			<col>46</col>
			<len>17</len>
		</field>
		<field name="premium5">
			<row>11</row>
			<col>28</col>
			<len>17</len>
		</field>
		<field name="premium6">
			<row>12</row>
			<col>32</col>
			<len>17</len>
		</field>
		<field name="premium7">
			<row>13</row>
			<col>28</col>
			<len>17</len>
		</field>
		<field name="premium8">
			<row>14</row>
			<col>32</col>
			<len>17</len>
		</field>
		<field name="premium9">
			<row>15</row>
			<col>28</col>
			<len>17</len>
		</field>
		<field name="premium10">
			<row>16</row>
			<col>46</col>
			<len>17</len>
		</field>
		<field name="premium11">
			<row>17</row>
			<col>46</col>
			<len>17</len>
		</field>
		
		<field name="premium_cal">
			<row>8</row>
			<col>64</col>
			<len>13</len>
		</field>
		
		<field name="premium13">
			<row>7</row>
			<col>64</col>
			<len>13</len>
		</field>
		
		<!-- end premium -->
		<field name="fleet">
			<row>21</row>
			<col>8</col>
			<len>7</len>
		</field>
		<field name="ncd">
			<row>21</row>
			<col>44</col>
			<len>7</len>
		</field>
		<field name="ncd_gb">
			<row>20</row>
			<col>50</col>
			<len>1</len>
		</field>
		
		<field name="othdiscpc">
			<row>22</row>
			<col>19</col>
			<len>7</len>
		</field>
		
		
	</fields>
	
	<processes>
		<switch>
			<case name="general">
				<process id="1" type="sendEnter" />
				
				<process id="2" type="setString">
					<field name="cover_type">
						<param name="cover_type" type="java.lang.String"
							cache="true" />
					</field>
				</process>
			
				<process id="3" type="setString">
					<field name="class_type">
						<param name="class_use" type="java.lang.String"
							cache="true" />
					</field>
				</process>
		
				<process id="4" type="setString">
					<field name="licen_no">
						<param name="licen_no" type="java.lang.String"
							cache="true" />
					</field>
				</process>
				<process id="5" type="setString">
					<field name="chassis_no">
						<param name="chassis_no" type="java.lang.String"
							cache="true" />
					</field>
				</process>
				<process id="6" type="setString">
					<field name="veh_code">
						<param name="veh_code" type="java.lang.String"
							cache="true" />
					</field>
				</process>
				<process id="6.1" type="setString">
					<field name="body">
						<param name="body" type="java.lang.String"
							cache="true" />
					</field>
				</process>
				
			
				<process id="7" type="setString">
					<field name="driver_no">
						<param name="driver_no" type="java.lang.String"
							cache="true" />
					</field>
				</process>
						 
				<process id="8" type="setString">
					<field name="body">
						<param name="body" type="java.lang.String"
							cache="true" />
					</field>
				</process>
				<process id="9" type="setString">
					<field name="engine">
						<param name="engine" type="java.lang.String"
							cache="true" />
					</field>
				</process>
				<process id="10" type="setString">
					<field name="year">
						<param name="year" type="java.lang.String"
							cache="true" />
					</field>
				</process>
				<process id="11" type="setString">
					<field name="seat">
						<param name="seat" type="java.lang.String"
							cache="true" />
					</field>
				</process>
				<process id="12" type="setString">
					<field name="displ">
						<param name="displ" type="java.lang.String"
							cache="true" />
					</field>
				</process>
				
				<process id="12.1" type="setString">
					<field name="gvw">
						<param name="gvw" type="java.lang.String"
							cache="true" />
					</field>
				</process>
				
				
				<process id="13" type="setString">
					<field name="medical">
						<param name="medical" type="java.lang.String"
							cache="true" />
					</field>
				</process>
				<process id="14" type="setString">
					<field name="passenger">
						<param name="passenger" type="java.lang.String"
							cache="true" />
					</field>
				</process>
				<process id="15" type="setString">
					<field name="benef">
						<param name="benef" type="java.lang.String"
							cache="true" />
					</field>
				</process>
				
	
				<process id="16" type="setString">
					<field name="dob1">
						<param name="dob1" type="java.lang.String"
							cache="true" />
					</field>
				</process>
				<process id="17" type="setString">
					<field name="occupation1">
						<param name="occupation1" type="java.lang.String"
							cache="true" />
					</field>
				</process>
				<process id="18" type="setString">
					<field name="lic_no1">
						<param name="lic_no1" type="java.lang.String"
							cache="true" />
					</field>
				</process>
				<process id="19" type="setString">
					<field name="id_no1">
						<param name="id_no1" type="java.lang.String"
							cache="true" />
					</field>
				</process>
				<process id="20" type="setString">
					<field name="dob2">
						<param name="dob2" type="java.lang.String"
							cache="true" />
					</field>
				</process>
				<process id="21" type="setString">
					<field name="occupation2">
						<param name="occupation2" type="java.lang.String"
							cache="true" />
					</field>
				</process>
				<process id="22" type="setString">
					<field name="lic_no2">
						<param name="lic_no2" type="java.lang.String"
							cache="true" />
					</field>
				</process>
				<process id="23" type="setString">
					<field name="id_no2">
						<param name="id_no2" type="java.lang.String"
							cache="true" />
					</field>
				</process>
				
				
				<process id="24" type="setString">
					<field name="sex1">
						<param name="sex1" type="java.lang.String"
							cache="true" />
					</field>
				</process>				
				<process id="25" type="setString">
					<field name="name1">
						<param name="name1" type="java.lang.String"
							cache="true" />
					</field>
				</process>
				
				
				
				<process id="26" type="setString">
					<field name="sex2">
						<param name="sex2" type="java.lang.String"
							cache="true" />
					</field>
				</process>				
				<process id="27" type="setString">
					<field name="name2">
						<param name="name2" type="java.lang.String"
							cache="true" />
					</field>
				</process>

				
				<process id="28" type="setString">
					<field name="basis">
						<param name="basis" type="java.lang.String"
							cache="true" />
					</field>
				</process>
				<process id="28.1" type="sendEnter" checkerror="true"  />
				
				<process id="28.2" type="class">
					<class-name>th.co.msat.motor.as400interface.process.PolicyRenewal</class-name>
					<method-name>setDuplicated</method-name>
					<params></params>
				</process>
			
				
				<process id="28.3" type="setString">
					<field name="passenger">
						<param name="passenger" type="java.lang.String"
							cache="true" />
					</field>
				</process>
				
				<!-- brand -->
				<process id="29" type="setString">
					<field name="brand">
						<param name="brand" type="java.lang.String"
							cache="true" />
					</field>
				</process>
				<process id="30" type="setString">
					<field name="model">
						<param name="model" type="java.lang.String"
							cache="true" />
					</field>
				</process>
			
				<process id="31" type="setString">
					<field name="sub_model">
						<param name="sub_model" type="java.lang.String"
							cache="true" />
					</field>
				</process>
				<process id="32" type="setString">
					<field name="color">
						<param name="color" type="java.lang.String"
							cache="true" />
					</field>
				</process>
				<process id="33" type="setString">
					<field name="regdate">
						<param name="regdate" type="java.lang.String"
							cache="true" />
					</field>
				</process>
				<process id="34" type="setString">
					<field name="accessories">
						<param name="access" type="java.lang.String"
							cache="true" />
					</field>
				</process>
				<process id="35" type="setString">
					<field name="territory">
						<param name="terrif">00</param>
					</field>
				</process>
				
				
				
				<process id="36" type="sendEnter" />
				
				<process id="36.1" type="class">
					<class-name>th.co.msat.motor.as400interface.process.PolicyRenewal</class-name>
					<method-name>setDuplicated2</method-name>
					<params></params>
				</process>
				<process id="36.2" type="class">
					<class-name>th.co.msat.motor.as400interface.process.PolicyRenewal</class-name>
					<method-name>setDuplicated2</method-name>
					<params></params>
				</process>
				<process id="36.3" type="class">
					<class-name>th.co.msat.motor.as400interface.process.PolicyRenewal</class-name>
					<method-name>setDuplicated2</method-name>
					<params></params>
				</process>
				
				<!-- get brand -->
				<process id="36.2" type="class">
					<class-name>th.co.msat.motor.as400interface.process.PolicyRenewal</class-name>
					<method-name>getFreeText1</method-name>
					<params></params>
				</process>
				
				<process id="37" type="sendF3" />
				<process id="38" type="setString">
					<field name="confirm">
						<param name="confirm">Y</param>
					</field>
				</process>				
				<process id="40" type="sendEnter"  />
				<!-- end page -->
				<!-- start premium -->
				 
				<process id="41.1" type="setString">
					<field name="premium1">
						<param name="premium1" type="java.lang.String"
							cache="true" />
					</field>
				</process>
				<process id="41.2" type="setString">
					<field name="premium2">
						<param name="premium2" type="java.lang.String"
							cache="true" />
					</field>
				</process>
				<process id="41.3" type="setString">
					<field name="premium3">
						<param name="premium3" type="java.lang.String"
							cache="true" />
					</field>
				</process>
				<process id="41.4" type="setString">
					<field name="premium4">
						<param name="premium4" type="java.lang.String"
							cache="true" />
					</field>
				</process>
				<process id="41.5" type="setString">
					<field name="premium5">
						<param name="premium5" type="java.lang.String"
							cache="true" />
					</field>
				</process>
				<!--
				<process id="46" type="setString">
					<field name="premium6">
						<param name="premium6" type="java.lang.String"
							cache="true" />
					</field>
				</process>
				-->
				<process id="41.7" type="setString">
					<field name="premium7">
						<param name="premium7" type="java.lang.String"
							cache="true" />
					</field>
				</process>
				<!-- 
				<process id="48" type="setString">
					<field name="premium8">
						<param name="premium8" type="java.lang.String"
							cache="true" />
					</field>
				</process>
				 -->
				<process id="41.9" type="setString">
					<field name="premium9">
						<param name="premium9" type="java.lang.String"
							cache="true" />
					</field>
				</process>
				<process id="41.10" type="setString">
					<field name="premium10">
						<param name="premium10" type="java.lang.String"
							cache="true" />
					</field>
				</process>
				<process id="41.11" type="setString">
					<field name="premium11">
						<param name="premium11" type="java.lang.String"
							cache="true" />
					</field>
				</process>
				
				
				
			
				<!-- end premium -->
				<process id="43.0" type="sendEnter"  />
				
				<process id="43.1" type="setString">
					<field name="premium13">
						<param name="premium8" type="java.lang.String"
							cache="true" />
					</field>
				</process>
				
				<process id="43.2" type="setString">
					<field name="premium_cal">
						<param name="premium6" type="java.lang.String"
							cache="true" />
					</field>
				</process>
				<process id="43.3" type="sendEnter"  />
				
				<process id="44" type="sendF3" />
				
				
				
				<process id="45" type="setString">
					<field name="fleet">
						<param name="fleet" type="java.lang.String"
							cache="true" />
					</field>
				</process>		
				<process id="45.5" type="sendEnter"  />		
				
				<process id="46" type="setString">
					<field name="ncd">
						<param name="ncd" type="java.lang.String"
							cache="true" />
					</field>
				</process>
				
				
				<process id="44.3" type="setString">
					<field name="ncd_gb">
						<param name="ncd_bg" type="java.lang.String"
							cache="true" />
					</field>
				</process>
				<process id="46.4" type="sendEnter"  />
				
				<process id="47" type="setString">
					<field name="othdiscpc">
						<param name="other_discount" type="java.lang.String"
							cache="true" />
					</field>
				</process>
			
				<process id="47.5" type="sendEnter"  />
				
				
				<process id="48.1" type="sendEnter"  />
				
				<process id="48.2" type="class">
					<class-name>th.co.msat.motor.as400interface.process.PolicyRenewal</class-name>
					<method-name>updatePolicy</method-name>
					<params></params>
				</process>
				
				<process id="48.3" type="class">
					<class-name>th.co.msat.motor.as400interface.process.PolicyRenewal</class-name>
					<method-name>getPremiumCal</method-name>
					<params></params>
				</process>
				
				
				
				
				<process id="49" type="sendF3" />
				<process id="50" type="setString">
					<field name="confirm">
						<param name="confirm">Y</param>
					</field>
				</process>		
				
						<!-- Any more  -->
				
				
					<!-- Any more  -->
				<process id="50.5" type="class">
					<class-name>th.co.msat.motor.as400interface.process.PolicyRenewalLoop</class-name>
					<method-name>setSerailLoop</method-name>
					<params></params>
				</process>
				
						
				<process id="51" type="sendEnter"  />
				
			</case>	
		</switch>
	</processes>
	<error-handler>
		<error code="THIS IS A MANDATORY FIELD!">		
			<process id="0.1" type="sendEnter" />			
		</error>
		<!-- 
		<error code="Chassis No. Is Duplicated With DLY-policy">		
			<process id="0.1" type="sendEnter" />			
		</error>
		
		Chassis No. Is Duplicated With DLY-policy - BKD/VPC /08/001531/00/001
		 -->
		<error code="Cursor in protected area of display.">		
			<process id="0" type="sendF12"/>
			<process id="2" type="setTopProcessState">
				<param name="state">STATE_ERROR</param>
			</process>
		</error>
		
	</error-handler>
</page>
