<?xml version="1.0" encoding="UTF-8"?>
<!--page id="ICL0060S"-->
<page id="CM_ICL0060Ss">
	<error-panel>
		<start-row>24</start-row>
		<end-row>24</end-row>
		<start-col>1</start-col>
		<length>80</length>
	</error-panel>
	<fields>
		<field name="E_FUNCTION">
			<row>3</row>
			<col>7</col>
			<len>1</len>
		</field>
		<field name="E_BRANCH">
			<row>4</row>
			<col>63</col>
			<len>2</len>
		</field>
		<field name="E_CLASS">
			<row>4</row>
			<col>68</col>
			<len>1</len>
		</field>
		<field name="E_YEAR">
			<row>4</row>
			<col>70</col>
			<len>2</len>
		</field>
		<field name="E_CLAIMNO">
			<row>4</row>
			<col>73</col>
			<len>6</len>
		</field>
		<field name="E_DETAIL">
			<row>23</row>
			<col>64</col>
			<len>1</len>
		</field>
		<field name="E_CONFIRM">
			<row>23</row>
			<col>78</col>
			<len>1</len>
		</field>
		<field name="EE_CONFIRM">
			<row>24</row>
			<col>78</col>
			<len>1</len>
		</field>
		<field name="MOVEMENT_TYPE">
			<row>3</row>
			<col>59</col>
			<len>1</len>
		</field>
		<field name="BRANCH">
			<row>4</row>
			<col>19</col>
			<len>2</len>
		</field>
		<field name="CLASS">
			<row>4</row>
			<col>24</col>
			<len>1</len>
		</field>
		<field name="YEAR">
			<row>4</row>
			<col>26</col>
			<len>2</len>
		</field>
		<field name="CLAIMNO">
			<row>4</row>
			<col>29</col>
			<len>6</len>
		</field>
		<field name="TRANSDATE">
			<row>6</row>
			<col>55</col>
			<len>8</len>
		</field>
		<field name="DETAILS">
			<row>23</row>
			<col>64</col>
			<len>1</len>
		</field>
		<field name="CONFIRM">
			<row>23</row>
			<col>78</col>
			<len>1</len>
		</field>
		<field name="PRINT_OPTION">
			<row>19</row>
			<col>80</col>
			<len>1</len>
		</field>
		<field name="ENTRY_MENU">
			<row>22</row>
			<col>22</col>
			<len>1</len>
		</field>
	</fields>
	<processes>
		<switch>
			<case name="general">
				<process id="1" type="setString">
					<field name="MOVEMENT_TYPE">
						<param name="MOVEMENT_TYPE">3</param>
					</field>
				</process>
				<process id="2" type="setString">
					<field name="BRANCH">
						<param name="BRANCH" type="java.lang.String"
							cache="true" />
					</field>
				</process>
				<process id="3" type="setString">
					<field name="CLASS">
						<param name="CLASS" type="java.lang.String"
							cache="true" />
					</field>
				</process>
				<process id="4" type="setString">
					<field name="YEAR">
						<param name="YEAR" type="java.lang.String"
							cache="true" />
					</field>
				</process>
				<process id="5" type="setString">
					<field name="CLAIMNO">
						<param name="CLAIMNO" type="java.lang.String"
							cache="true" />
					</field>
				</process>
				<process id="6" type="sendEnter" checkerror="true" />
				<process id="7" type="setString">
					<field name="DETAILS">
						<param name="DETAILS">N</param>
					</field>
				</process>
				<process id="8" type="setString">
					<field name="CONFIRM">
						<param name="CONFIRM">Y</param>
					</field>
				</process>
				<process id="9" type="sendEnter" checkerror="true" />
				<process id="11" type="setString">
					<field name="TRANSDATE">
						<param name="TRANSDATE" type="java.lang.String"
							cache="true" />
					</field>
				</process>
				<process id="12" type="class">
					<class-name>th.co.msat.motor.as400interface.process.ReservCodeEditProcess</class-name>
					<method-name>process</method-name>
				</process>
				<process id="13" type="sendEnter" checkerror="true" />
				<process id="14" type="setString">
					<field name="PRINT_OPTION">
						<param name="PRINT_OPTION">N</param>
					</field>
				</process>
				<process id="15" type="sendEnter" checkerror="true" />
				<process id="16" type="setString">
					<field name="CONFIRM">
						<param name="CONFIRM">Y</param>
					</field>
				</process>
				<process id="17" type="sendEnter" checkerror="true" />
				<process id="18" type="class">
					<class-name>th.co.msat.motor.as400interface.process.ReservCodeEditProcessFinished</class-name>
					<method-name>endProcess</method-name>
				</process>
				<!-- process id="18" type="sendF3" />
				<process id="19" type="sendF2" /-->
				<!-- process id="20" type="setTopProcessState">
					<param name="state">STATE_FINISH</param>
				</process-->
			</case>
		</switch>
	</processes>
	<error-handler>
		<error code="INVALID RESERVE CODE">
			<process id="1" type="sendF12" />
			<process id="2" type="cache">
				<param name="ERROR_MESSAGE" type="java.lang.String">INVALID RESERVE CODE</param>
			</process>
			<process id="3" type="setTopProcessState">
					<param name="state">STATE_ERROR</param>
			</process>
		</error>	 
		<error code="NEW X'S OF LOSS SHOULD NOT > NEW TOTAL RESERVE">
			<process id="1" type="sendF12" />
			<process id="2" type="cache">
				<param name="ERROR_MESSAGE" type="java.lang.String">NEW XS OF LOSS SHOULD NOT > NEW TOTAL RESERVE</param>
			</process>
			<process id="3" type="setTopProcessState">
					<param name="state">STATE_ERROR</param>
			</process>
		</error>
		<error code="Reserve Code is invalid">
			<process id="1" type="sendF12" />
			<process id="2" type="sendF3" />
			<process id="3" type="sendF3" />
			<process id="4" type="setString">
				<field name="ENTRY_MENU">
					<param name="ENTRY_MENU" type="java.lang.String">2</param>
				</field>
			</process>
			<process id="5" type="sendEnter" checkerror="true" />
			<process id="6" type="cache">
				<param name="ERROR_MESSAGE" type="java.lang.String">Reserve Code is invalid</param>
			</process>
			<process id="7" type="setTopProcessState">
					<param name="state">STATE_ERROR</param>
			</process>
		</error>	
		<error code="CLAIM CLOSED |||">
			<process id="1" type="setString">
				<field name="MOVEMENT_TYPE">
					<param name="MOVEMENT_TYPE">5</param>
				</field>
			</process>
			<process id="2" type="sendEnter" checkerror="false" />
		</error>
		<error code="DAILY TRANSACTION DETECTED, NO CLOSE/REOPEN |||">
			<process id="1" type="cache">
				<param name="ERROR_MESSAGE" type="java.lang.String">Found a tran.claim paid.  Cann't adjust reserve.</param>
			</process>
			<process id="2" type="setTopProcessState">
					<param name="state">STATE_ERROR</param>
			</process>
		</error>
		<error code="NO MOVEMENT IS ALLOWED FOR NEW CLAIM">
			<process id="-2" type="sendF3" />
			<process id="-1" type="setString">
				<field name="ENTRY_MENU">
					<param name="ENTRY_MENU">1</param>
				</field>
			</process>
			<process id="0" type="sendEnter" />
			<process id="1" type="setString">
				<field name="E_FUNCTION">
					<param name="E_FUNCTION">1</param>
				</field>
			</process>
			<process id="2" type="setString">
				<field name="E_BRANCH">
					<param name="BRANCH" type="java.lang.String"
						cache="true" />
				</field>
			</process>
			<process id="3" type="setString">
				<field name="E_CLASS">
					<param name="CLASS" type="java.lang.String"
						cache="true" />
				</field>
			</process>
			<process id="4" type="setString">
				<field name="E_YEAR">
					<param name="YEAR" type="java.lang.String"
						cache="true" />
				</field>
			</process>
			<process id="5" type="setString">
				<field name="E_CLAIMNO">
					<param name="CLAIMNO" type="java.lang.String"
						cache="true" />
				</field>
			</process>
			<process id="6" type="sendEnter"/>
			<process id="7" type="sendEnter"/>
			<process id="7.5" type="sendEnter"/>
			<process id="8" type="class">
				<class-name>th.co.msat.motor.as400interface.process.ICL0010SPopupPanel</class-name>
				<method-name>setConfirm</method-name>
				<params></params>
			</process>
			<process id="9" type="sendEnter" checkerror="true"/>
			<process id="10" type="setString">
				<field name="E_DETAIL">
					<param name="E_DETAIL" type="java.lang.String">N</param>
				</field>
			</process>
			<process id="11" type="setString">
				<field name="E_CONFIRM">
					<param name="E_CONFIRM" type="java.lang.String">Y</param>
				</field>
			</process>
			<process id="12" type="sendEnter"/>
			<process id="13" type="sendEnter"/>
			<process id="14" type="setString">
				<field name="EE_CONFIRM">
					<param name="EE_CONFIRM" type="java.lang.String">Y</param>
				</field>
			</process>
			<process id="15" type="sendEnter" checkerror="true" />
			<process id="16" type="sendEnter" checkerror="true" />

			<process id="17" type="class">
				<class-name>th.co.msat.motor.as400interface.process.ReservCodeEditProcessForNewClaim</class-name>
				<method-name>process</method-name>
			</process>
			<process id="18" type="sendEnter" checkerror="true" />
			<process id="19" type="sendF3" />
			<process id="20" type="setString">
				<field name="E_DETAIL">
					<param name="E_DETAIL" type="java.lang.String">N</param>
				</field>
			</process>
			<process id="21" type="setString">
				<field name="E_CONFIRM">
					<param name="E_CONFIRM" type="java.lang.String">Y</param>
				</field>
			</process>
			<process id="22" type="sendEnter" checkerror="true" />
			<process id="23" type="setString">
				<field name="E_CONFIRM">
					<param name="E_CONFIRM" type="java.lang.String">Y</param>
				</field>
			</process>
			<process id="24" type="sendEnter" checkerror="true" />
			<process id="25" type="sendF3" />
			<process id="26" type="setString">
				<field name="E_CONFIRM">
					<param name="E_CONFIRM" type="java.lang.String">Y</param>
				</field>
			</process>
			<process id="27" type="sendEnter" checkerror="true" />
			<process id="28" type="sendF3" />
			<process id="29.1" type="setString">
				<field name="ENTRY_MENU">
					<param name="ENTRY_MENU" type="java.lang.String">2</param>
				</field>
			</process>
			<process id="29.2" type="sendEnter"/>
			<process id="30" type="setTopProcessState">
				<param name="state">STATE_FINISH</param>
			</process>
		</error>
	</error-handler>
</page>
