<?xml version="1.0" encoding="UTF-8"?>
<!--page id="ICL0060S"-->
<page id="CM_ICL0010Ss">
	<error-panel>
		<start-row>24</start-row>
		<end-row>24</end-row>
		<start-col>1</start-col>
		<length>80</length>
	</error-panel>
	<fields>
		<field name="FUNCTION">
			<row>3</row>
			<col>7</col>
			<len>1</len>
		</field>
	</fields>
	<field name="BRANCH">
		<row>4</row>
		<col>63</col>
		<len>2</len>
	</field>
	<field name="CLASS">
		<row>4</row>
		<col>68</col>
		<len>1</len>
	</field>
	<field name="YEAR">
		<row>4</row>
		<col>70</col>
		<len>2</len>
	</field>
	<field name="CLAIMNO">
		<row>4</row>
		<col>73</col>
		<len>6</len>
	</field>
	<field name="DETAIL">
		<row>23</row>
		<col>64</col>
		<len>1</len>
	</field>
	<field name="CONFIRM">
		<row>23</row>
		<col>78</col>
		<len>1</len>
	</field>
	<processes>
		<switch>
			<case name="general">
				<process id="1" type="setString">
					<field name="FUNCTION">
						<param name="FUNCTION">1</param>
					</field>
				</process>
				<process id="2" type="setString">
					<field name="BRANCH">
						<param name="BRANCH" type="java.lang.String"
							cache="true" />
					</field>
				</process>
				<process id="3" type="setString">
					<field name="CLASS">
						<param name="CLASS" type="java.lang.String"
							cache="true" />
					</field>
				</process>
				<process id="4" type="setString">
					<field name="YEAR">
						<param name="YEAR" type="java.lang.String"
							cache="true" />
					</field>
				</process>
				<process id="5" type="setString">
					<field name="CLAIMNO">
						<param name="CLAIMNO" type="java.lang.String"
							cache="true" />
					</field>
				</process>
				<process id="6" type="sendEnter" checkerror="true" />
				<process id="7" type="sendEnter" checkerror="true" />
				<process id="8" type="class">
					<class-name>th.co.msat.motor.as400interface.process.ICL0010SPopupPanel</class-name>
					<method-name>setConfirm</method-name>
					<params></params>
				</process>
				<process id="9" type="sendEnter" checkerror="true" />
				<process id="10" type="setString">
					<field name="DETAIL">
						<param name="DETAIL" type="java.lang.String">N</param>
					</field>
				</process>
				<process id="11" type="setString">
					<field name="CONFIRM">
						<param name="CONFIRM" type="java.lang.String">Y</param>
					</field>
				</process>
				<process id="12" type="sendEnter" checkerror="true" />
				<process id="13" type="sendEnter" checkerror="true" />
				<process id="14" type="setString">
					<field name="CONFIRM">
						<param name="CONFIRM" type="java.lang.String">Y</param>
					</field>
				</process>
				<process id="15" type="sendEnter" checkerror="true" />
				<process id="16" type="sendEnter" checkerror="true" />

				<process id="17" type="class">
					<class-name>th.co.msat.motor.as400interface.process.ReservCodeEditProcessForNewClaim</class-name>
					<method-name>process</method-name>
				</process>
				<process id="18" type="sendEnter" checkerror="true" />
				<process id="19" type="sendF3" />
				<process id="20" type="setString">
					<field name="DETAIL">
						<param name="DETAIL" type="java.lang.String">N</param>
					</field>
				</process>
				<process id="21" type="setString">
					<field name="CONFIRM">
						<param name="CONFIRM" type="java.lang.String">Y</param>
					</field>
				</process>
				<process id="22" type="sendEnter" checkerror="true" />
				<process id="23" type="setString">
					<field name="CONFIRM">
						<param name="CONFIRM" type="java.lang.String">Y</param>
					</field>
				</process>
				<process id="24" type="sendEnter" checkerror="true" />
				<process id="25" type="sendF3" />
				<process id="26" type="setString">
					<field name="CONFIRM">
						<param name="CONFIRM" type="java.lang.String">Y</param>
					</field>
				</process>
				<process id="27" type="sendEnter" checkerror="true" />
				<process id="28" type="sendF3" />
				<process id="29" type="sendF2" />
				<process id="30" type="setTopProcessState">
					<param name="state">STATE_FINISH</param>
				</process>
			</case>
		</switch>
	</processes>
	<error-handler>

	</error-handler>
</page>
