<?xml version="1.0" encoding="UTF-8"?>
<!-- edited with XMLSpy v2008 rel. 2 sp1 (http://www.altova.com) by den (den) -->
<!--page id="SignOn"-->
<page id="CM_SignOns">
	<error-panel>
		<start-row>24</start-row>
		<end-row>24</end-row>
		<start-col>1</start-col>
		<length>80</length>
	</error-panel>
	<fields>
		<field name="username">
			<row>6</row>
			<col>53</col>
			<len>10</len>
		</field>
		<field name="password">
			<row>7</row>
			<col>53</col>
			<len>10</len>
		</field>
	</fields>
	<processes>
		<switch>
			<case name="general">
				<!--		<process id="0" type="cache">-->
				<!--			<param name="sage" type="java.lang.String">ssee1</param>-->
				<!--			<param name="type" type="th.co.msat.motor.as400interface.type.TestType">-->
				<!--				<factory-class>th.co.msat.motor.as400interface.type</factory-class>-->
				<!--				<factory-method>getTestType</factory-method>-->
				<!--				<params>-->
				<!--					<param name="i" type="java.lang.Integer"/>-->
				<!--					<param name="s" type="java.lang.String">-->
				<!--						<class>th.co.msat.motor.as400interface.type.TestTypeFactory</class>-->
				<!--						<method>getString</method>-->
				<!--						<params>-->
				<!--							<param name="s" type="java.lang.Integer">4</param>-->
				<!--						</params>-->
				<!--					</param>-->
				<!--				</params>-->
				<!--			</param>-->
				<!--		</process>-->
				<!--		<process id="1" type="class">-->
				<!--			<class-name>th.co.msat.motor.as400interface.page.SignOnPage</class-name>-->
				<!--			<method-name>getString</method-name>-->
				<!--			<params>-->
				<!--				<param name="page" type="java.lang.Integer">1</param>-->
				<!--				<param name="sage" type="java.lang.String" cache="true" />-->
				<!--				<param name="type" type="th.co.msat.motor.as400interface.type.TestType" cache="true"/>-->
				<!--			</params>-->
				<!--		</process>-->
				<process id="2" type="setString">
					<field name="username">
						<param name="username" cache="true"/>
					</field>
				</process>
				<process id="3" type="setString">
					<field name="password">
						<param name="password" cache="true"/>
					</field>
				</process>
				<process id="4" type="sendEnter" checkerror="true"/>
				<!--		<process id="5" type="delay">-->
				<!--			<param name="time">300</param>-->
				<!--		</process>-->
				<process id="5" type="sendEnter" checkerror="true"/>
				<!--			<process id="6" type="sendEnter" checkerror="true" />-->
				<!--		<process id="6" type="sendEnter" checkerror="true" />-->
				<!--		<process id="7" type="delay">-->
				<!--			<param name="time">300</param>-->
				<!--		</process>-->
				<!--		<process id="8" type="setTopProcessState">-->
				<!--			<param>STATE_FINISH</param>-->
				<!--		</process>-->
			</case>
		</switch>
	</processes>
	<error-handler>
		<error code="CPF1116">
			<process id="1" type="stop"/>
		</error>
		<error code="CPF1120">
			<process id="1" type="stop"/>
		</error>
	</error-handler>
</page>
