<?xml version="1.0" encoding="UTF-8"?>
<!-- edited with XMLSpy v2008 rel. 2 sp1 (http://www.altova.com) by den (den) -->
<pages>
	<!--page name="Sign On"-->
	<page name="CM_SignOns">
		<class>th.co.msat.motor.as400interface.page.SignOnPage</class>
		<!--config-file>SignOns.xml</config-file-->
		<config-file>CM_SignOns.xml</config-file>
		<page-validator id="1">
			<row>1</row>
			<col>36</col>
			<!-- validation value count+1-->
			<len>8</len>
			<value>Sign On</value>
		</page-validator>
	</page>
	
	<!--page name="Main Menu : E-Transfer"-->
	<page name="CM_ManiMenus">
		<class>th.co.msat.motor.as400interface.page.DefaultPage</class>
		<!--config-file>ManiMenus.xml</config-file-->
		<config-file>CM_ManiMenus.xml</config-file>
		<page-validator id="1">
			<row>1</row>
			<col>29</col>
			<len>23</len>
			<value>MAIN MENU : E-TRANSFER</value>
		</page-validator>
	</page>
	
	<!--page name="Main Menu"-->
	<page name="CM_ManiMenu2s">
		<class>th.co.msat.motor.as400interface.page.DefaultPage</class>
		<!--config-file>ManiMenu2s.xml</config-file-->
		<config-file>CM_ManiMenu2s.xml</config-file>
		<page-validator id="1">
			<row>5</row>
			<col>7</col>
			<len>35</len>
			<value>1. ..... Claim Registration Maint.</value>
		</page-validator>
	</page>
	
	<!--page name="Claim Register Maintenance Menu"-->
	<page name="CM_IMNUCL02S">
		<class>th.co.msat.motor.as400interface.page.DefaultPage</class>
		<!--config-file>ClaimRegisterMaintenanceMenus.xml</config-file-->
		<config-file>CM_IMNUCL02S.xml</config-file>
		<page-validator id="1">
			<row>1</row>
			<col>69</col>
			<len>10</len>
			<value>IMNUCL02S</value>
		</page-validator>
	</page>
	<!--page name="Claim Register ICL0010S"-->
	<page name="CM_ICL0010Ss">
		<class>th.co.msat.motor.as400interface.page.DefaultPage</class>
		<!--config-file>ICL0010Ss.xml</config-file-->
		<config-file>CM_ICL0010Ss.xml</config-file>
		<page-validator id="1">
			<row>1</row>
			<col>68</col>
			<len>9</len>
			<value>ICL0010S</value>
		</page-validator>
	</page>
	<!--page name="Claim Register ICL1070S"-->
	<page name="CM_ICL1070Ss">
		<class>th.co.msat.motor.as400interface.page.DefaultPage</class>
		<!--config-file>ICL1070Ss.xml</config-file-->
		<config-file>CM_ICL1070Ss.xml</config-file>
		<page-validator id="1">
			<row>1</row>
			<col>70</col>
			<len>9</len>
			<value>ICL1070S</value>
		</page-validator>
	</page>
	<!--page name="Claim Register ICL0011S"-->
	<page name="CM_ICL0011Ss">
		<class>th.co.msat.motor.as400interface.page.DefaultPage</class>
		<!--config-file>ICL0011Ss.xml</config-file-->
		<config-file>CM_ICL0011Ss.xml</config-file>
		<page-validator id="1">
			<row>1</row>
			<col>68</col>
			<len>9</len>
			<value>ICL0011S</value>
		</page-validator>
	</page>
	<!--page name="Claim Register ICL0020S"-->
	<page name="CM_ICL0020Ss">
		<class>th.co.msat.motor.as400interface.page.DefaultPage</class>
		<!--config-file>ICL0020Ss.xml</config-file-->
		<config-file>CM_ICL0020Ss.xml</config-file>
		<page-validator id="1">
			<row>1</row>
			<col>68</col>
			<len>9</len>
			<value>ICL0020S</value>
		</page-validator>
	</page>
	<!--page name="Claim Register ICL0060S"-->
	<page name="CM_ICL0060Ss">
		<class>th.co.msat.motor.as400interface.page.DefaultPage</class>
		<!--config-file>ICL0060Ss.xml</config-file-->
		<config-file>CM_ICL0060Ss.xml</config-file>
		<page-validator id="1">
			<row>1</row>
			<col>68</col>
			<len>9</len>
			<value>ICL0060S</value>
		</page-validator>
	</page>
</pages>
