<?xml version="1.0" encoding="UTF-8"?>
<configuration>
    
    <!-- <property name="LOG_FOLDER" value="D:/BOS/BOS2_Project" /> -->
    <property name="LOG_FOLDER" value="/home/locus/BOS/log" />
    <property name="LOG_NAME" value="application_bos2.log" />
    <property name="LOG_ARCHIVE" value="${LOG_FOLDER}/archive" />
    
	<appender name="STDOUT" class="ch.qos.logback.core.ConsoleAppender">   	
        <encoder>
        	<charset>UTF-8</charset>
            <pattern>%d{yyyy-MM-dd HH:mm:ss.SSS} %-5p %C:%L - %msg %n</pattern>
        </encoder>
    </appender>
    
    <appender name="FILE" class="ch.qos.logback.core.rolling.RollingFileAppender">
        <file>${LOG_FOLDER}/${LOG_NAME}</file>
        <rollingPolicy class="ch.qos.logback.core.rolling.SizeAndTimeBasedRollingPolicy">
            <fileNamePattern>${LOG_ARCHIVE}/application_bos2-%d{yyyy-MM-dd}.%i.log</fileNamePattern>
            <!-- each file should be at most 50MB, keep 60 days worth of history, but at most 2GB -->
            <maxFileSize>50MB</maxFileSize>
            <maxHistory>60</maxHistory>
            <totalSizeCap>2GB</totalSizeCap>
        </rollingPolicy>
        <encoder>
        	<charset>UTF-8</charset>
         	<pattern>%d{yyyy-MM-dd HH:mm:ss.SSS} %-5p %C:%L - %msg %n</pattern>
        </encoder>
    </appender>
    
    <logger name="org.quartz.core.QuartzSchedulerThread" level="ERROR"/>
    <logger name="org.springframework.beans.factory.support" level="ERROR"/>
    <logger name="org.springframework.jndi" level="ERROR"/>
    <logger name="org.springframework.core" level="ERROR"/>
    <logger name="org.springframework.jdbc.core" level="ERROR"/>
    <logger name="org.springframework.beans.factory.annotation" level="ERROR"/>
    <logger name="org.springframework.context.annotation" level="ERROR"/>
    <logger name="org.springframework.aop.framework.autoproxy" level="ERROR"/>
    <logger name="org.springframework.aop.framework" level="ERROR"/>
    <logger name="org.springframework.transaction.interceptor" level="ERROR"/>
    <logger name="org.springframework.security.web.access.expression" level="ERROR"/>
    <logger name="org.springframework.jdbc.datasource" level="ERROR"/>
    <logger name="org.springframework.security.web" level="ERROR"/>
    <logger name="org.springframework.security.access.vote" level="ERROR"/>
    <logger name="org.springframework.web.servlet.handler.AbstractDetectingUrlHandlerMapping" level="ERROR"/>
    <logger name="org.springframework.web.filter.GenericFilterBean" level="ERROR"/>

    <root level="DEBUG">
        <appender-ref ref="FILE" />
        <appender-ref ref="STDOUT" />
    </root>
    
</configuration>