<?xml version="1.0" encoding="UTF-8"?>
<!-- edited with XMLSpy v2008 rel. 2 sp1 (http://www.altova.com) by den (den) -->
<page id="MSUV03">
	<fields>
		<field name="OPTION">
			<row>20</row>
			<col>7</col>
			<len>2</len>
		</field>	
	</fields>
	<processes>
		<switch validator="th.co.msat.motor.as400interface.process.validator.RenewPolicyValidator">
			<case name="general">
				<process id="1" type="setString">
					<field name="OPTION">
						<param name="OPTION">3</param>
					</field>
				</process>
				<process id="2" type="sendEnter" />
			</case>	
		</switch>
	</processes>
	
</page>
