<?xml version="1.0" encoding="UTF-8"?>
<!-- edited with XMLSpy v2008 rel. 2 sp1 (http://www.altova.com) by den (den) -->
<page id="SignOn">
	<error-panel>
		<start-row>24</start-row>
		<end-row>24</end-row>
		<start-col>1</start-col>
		<length>80</length>
	</error-panel>
	<fields>
		<field name="username">
			<row>6</row>
			<col>53</col>
			<len>10</len>
		</field>
		<field name="password">
			<row>7</row>
			<col>53</col>
			<len>10</len>
		</field>
	</fields>
	<processes>
		<switch>
			<case name="general">				
				<process id="2" type="setString">
					<field name="username">
						<param name="username" cache="true"/>
					</field>
				</process>
				<process id="3" type="setString">
					<field name="password">
						<param name="password" cache="true"/>
					</field>
				</process>
				<process id="4" type="sendEnter" checkerror="true"/>				
				<process id="5" type="sendEnter" checkerror="true"/>			
			</case>
		</switch>
	</processes>
	<error-handler>
		<error code="CPF1116">
			<process id="1" type="stop"/>
		</error>
		<error code="CPF1120">
			<process id="1" type="stop"/>
		</error>
		<error code="CPF1296">
			<process id="1" type="stop"/>
		</error>
	</error-handler>
</page>
