<?xml version="1.0" encoding="UTF-8"?>
<logs>
	<log code="001">
		<name>Excel import web</name>
		<desc></desc>
		<statuses>
			<status code="01">
				<name>Insert complete</name>
				<desc>insert record complete.</desc>
				<insct></insct>
			</status>
			<status code="02">
				<name>Insert Incomplete, An Error auccer</name>
				<desc>An Error auccerup while insert program is running.</desc>
				<insct>Try Import this file again.</insct>
			</status>
		</statuses>
	</log>
</logs>