<?xml version="1.0" encoding="UTF-8"?>
<!--page id="IUW0070S"-->
<page id="UNW_IUW0070S">
	<error-panel>
	
	</error-panel>	
	<fields>
		<field name="clause_code">
			<row>24</row>
			<col>17</col>
			<len>1</len>
		</field>
		<field name="client_cd">
			<row>6</row>
			<col>16</col>
			<len>8</len>
		</field>
		
		<field name="action_jobby">
			<row>6</row>
			<col>32</col>
			<len>2</len>
		</field>
		<field name="actby">
			<row>6</row>
			<col>41</col>
			<len>10</len>
		</field>
		<field name="dealer_code">
			<row>7</row>
			<col>7</col>
			<len>9</len>
		</field>
		
		<field name="ry01">
			<row>11</row>
			<col>14</col>
			<len>5</len>
		</field>
		<field name="ry02">
			<row>11</row>
			<col>34</col>
			<len>5</len>
		</field>
		<field name="ry03">
			<row>11</row>
			<col>55</col>
			<len>5</len>
		</field>
		
		<field name="line07">
			<row>16</row>
			<col>7</col>
			<len>60</len>
		</field>
		<field name="line08">
			<row>17</row>
			<col>7</col>
			<len>60</len>
		</field>
		<field name="line09">
			<row>18</row>
			<col>7</col>
			<len>60</len>
		</field>
		<field name="line10">
			<row>19</row>
			<col>7</col>
			<len>60</len>
		</field>
		<field name="line11">
			<row>20</row>
			<col>7</col>
			<len>60</len>
		</field>
		
		<!-- page down key -->
		<field name="iss_month">
			<row>8</row>
			<col>7</col>
			<len>60</len>
		</field>
		<field name="iss_day">
			<row>22</row>
			<col>7</col>
			<len>60</len>
		</field>
	
		
	</fields>
	
	<processes>
		<switch>
			<case name="general">
				<process id="1" type="sendF10" />
				<process id="2" type="setString">
					<field name="clause_code">
						<param name="clause_code">V</param>
					</field>
				</process>				
				<process id="3" type="sendEnter"  />
				<!-- send page up key -->
				<process id="4" type="sendPageUp" />
				
				
				<process id="5" type="setString">
					<field name="client_cd">
						<param name="client_cd" type="java.lang.String"
							cache="true" />
					</field>
				</process>
				<process id="6" type="setString">
					<field name="action_jobby">
						<param name="action_jobby" type="java.lang.String"
							cache="true" />
					</field>
				</process>
				<process id="7" type="setString">
					<field name="actby">
						<param name="actby" type="java.lang.String"
							cache="true" />
					</field>
				</process>
				<process id="8" type="setString">
					<field name="dealer_code">
						<param name="dealer_code" type="java.lang.String"
							cache="true" />
					</field>
				</process>
				<process id="9" type="setString">
					<field name="ry01">
						<param name="ry01" type="java.lang.String"
							cache="true" />
					</field>
				</process>
				<process id="10" type="setString">
					<field name="ry02">
						<param name="ry02" type="java.lang.String"
							cache="true" />
					</field>
				</process>
				<process id="11" type="setString">
					<field name="ry03">
						<param name="ry03" type="java.lang.String"
							cache="true" />
					</field>
				</process>
				<process id="12" type="setString">
					<field name="line07">
						<param name="line07" type="java.lang.String"
							cache="true" />
					</field>
				</process>
				<process id="13" type="setString">
					<field name="line08">
						<param name="line08" type="java.lang.String"
							cache="true" />
					</field>
				</process>
				<process id="14" type="setString">
					<field name="line09">
						<param name="line09" type="java.lang.String"
							cache="true" />
					</field>
				</process>
				<process id="15" type="setString">
					<field name="line10">
						<param name="line10" type="java.lang.String"
							cache="true" />
					</field>
				</process>
				<process id="16" type="setString">
					<field name="line11">
						<param name="line11" type="java.lang.String"
							cache="true" />
					</field>
				</process>
				
				<!--  send page down -->
				<process id="17" type="sendPageDown" />
				
				<!-- 
				<process id="18" type="setString">
					<field name="iss_month">
						<param name="iss_month" type="java.lang.String"
							cache="true" />
					</field>
				</process>
				<process id="19" type="setString">
					<field name="iss_day">
						<param name="iss_day" type="java.lang.String"
							cache="true" />
					</field>
				</process>
				 -->
				<process id="20" type="sendEnter"/>
				<process id="21" type="setString">
					<field name="confirm">
						<param name="confirm">Y</param>
					</field>
				</process>				
				<process id="22" type="sendEnter" />
				
			</case>
		</switch>
	</processes>
	<error-handler>
		
		
	</error-handler>
</page>
