<?xml version="1.0" encoding="UTF-8"?>
<!--page id="IUW0080S"-->
<page id="UNW_IUW1010S">
	<error-panel>
	
	</error-panel>	
	<fields>
		<field name="confirm">
			<row>23</row>
			<col>78</col>
			<len>1</len>
		</field>	
		<field name="print_ok">
			<row>23</row>
			<col>54</col>
			<len>1</len>
		</field>		
	</fields>
	
	<processes>
		<switch>
			<case name="general">
				<process id="1" type="sendF3"  />
				<process id="2" type="setString">
					<field name="confirm">
						<param name="confirm">Y</param>
					</field>
				</process>				
				<process id="3" type="sendEnter"  />
				
				<!-- end page -->
				<process id="4" type="sendEnter"  />
				
				<process id="5" type="setString">
					<field name="print_ok">
						<param name="print_ok">Y</param>
					</field>
				</process>				
				<process id="6" type="sendEnter"  />
				<process id="7" type="sendEnter"  />
				
			</case>	
		</switch>
	</processes>
	<error-handler>
		
		
	</error-handler>
</page>
